date,home_team,away_team,score,competition,season,path,match_id,filename
1999-10-30,Brann,Rosenborg,0-2,Cupen,1999,/1999/10/30/brann-rbk/,5a10655a-05d5-4571-82d5-e599c6be7b49,1999-10-30_brann-rbk.json
1999-10-23,Brann,Moss,1-0,Tippeligaen,1999,/1999/10/23/brann-moss/,4044b085-7c16-47ba-99a0-601aef5b55f2,1999-10-23_brann-moss.json
1999-10-17,Odd,Brann,3-1,Tippeligaen,1999,/1999/10/17/odd-brann/,609f5ab4-7972-48aa-9907-87e72f8e9335,1999-10-17_odd-brann.json
1999-10-13,Brann,Stabæk,2-3,Tippeligaen,1999,/1999/10/13/brann-stabaek/,fb8aa8ab-578d-4de7-9b19-4dfc74894169,1999-10-13_brann-stabaek.json
1999-10-03,Molde,Brann,3-4,Cupen,1999,/1999/10/03/molde-brann/,20842251-2ce5-4588-8164-0a21a5ecde38,1999-10-03_molde-brann.json
1999-09-18,Viking,Brann,2-0,Tippeligaen,1999,/1999/09/18/viking-brann/,7448d79d-c9b7-5714-acde-f0f7d94031c6,1999-09-18_viking-brann.json
1999-09-11,Brann,Rosenborg,2-1,Tippeligaen,1999,/1999/09/11/brann-rbk/,91b48715-832f-4c89-9dc1-02709385f3c5,1999-09-11_brann-rbk.json
1999-08-29,Skeid,Brann,1-2,Tippeligaen,1999,/1999/08/29/skeid-brann/,f681cfe2-f21d-407a-9b01-600801ccadcf,1999-08-29_skeid-brann.json
1999-08-25,Brann,Tromsø,3-1,Tippeligaen,1999,/1999/08/25/brann-tromso/,d775de31-7b5d-43c4-9443-18fd085fa3a3,1999-08-25_brann-tromso.json
1999-08-22,Molde,Brann,1-3,Tippeligaen,1999,/1999/08/22/molde-brann/,69e66af2-c0de-4499-8a47-d47ed501daed,1999-08-22_molde-brann.json
1999-08-15,Brann,Strømsgodset,2-2,Tippeligaen,1999,/1999/08/15/brann-stromsgodset/,e61ba318-fe52-4db5-8f12-bc8b2e5b76e7,1999-08-15_brann-stromsgodset.json
1999-08-08,Vålerenga,Brann,1-2,Tippeligaen,1999,/1999/08/08/vif-brann/,e9adc098-24ae-46ba-a937-28df2be56931,1999-08-08_vif-brann.json
1999-08-04,Brann,Odd,3-2,Cupen,1999,/1999/08/04/brann-odd/,544d4d9a-f868-4ecc-9c3a-f47ea5cbb72f,1999-08-04_brann-odd.json
1999-08-01,Brann,Bodø/Glimt,0-2,Tippeligaen,1999,/1999/08/01/brann-glimt/,e54e2a74-222f-46c8-a4a7-5357185424a6,1999-08-01_brann-glimt.json
1999-07-25,Kongsvinger,Brann,0-2,Tippeligaen,1999,/1999/07/25/kongsvinger-brann/,b65b4185-b54e-4668-ab2b-aaa1e131f4f4,1999-07-25_kongsvinger-brann.json
1999-07-22,Lillestrøm,Brann,2-0,Tippeligaen,1999,/1999/07/22/lsk-brann/,b2c57032-4d38-4c23-9b6d-c91a3599d3c3,1999-07-22_lsk-brann.json
1999-07-10,NK Varteks,Brann,3-0,Intertoto,1999,/1999/07/10/nk-varteks-brann/,19b9b560-ddc7-4c15-bcf8-c3e9c10f696f,1999-07-10_nk-varteks-brann.json
1999-07-07,Rosenborg,Brann,2-3,Tippeligaen,1999,/1999/07/07/rbk-brann/,3b9da11c-f8ed-4349-ac6c-b5746740a64a,1999-07-07_rbk-brann.json
1999-07-03,Brann,NK Varteks,3-0,Intertoto,1999,/1999/07/03/brann-nk-varteks/,2a49bee7-69f7-4e76-b519-6ee02ec87295,1999-07-03_brann-nk-varteks.json
1999-06-30,Vålerenga,Brann,1-3,Cupen,1999,/1999/06/30/vif-brann/,6c9b453f-4947-4204-93f3-92484f900539,1999-06-30_vif-brann.json
1999-06-27,Moss,Brann,0-2,Tippeligaen,1999,/1999/06/27/moss-brann/,940fe8e0-9677-4d8b-a6a8-da22622418d6,1999-06-27_moss-brann.json
1999-06-23,Brann,Ørsta,3-1,Cupen,1999,/1999/06/23/brann-orsta/,1e24b4d3-db8c-4924-a005-28fbe8d0fdaa,1999-06-23_brann-orsta.json
1999-06-20,Brann,Odd,3-0,Tippeligaen,1999,/1999/06/20/brann-odd/,bc4f8ae8-c7d3-4f37-bf66-a54f9c6939e2,1999-06-20_brann-odd.json
1999-06-17,Stabæk,Brann,2-3,Tippeligaen,1999,/1999/06/17/stabaek-brann/,12646291-8c1d-428e-925b-413dfe662172,1999-06-17_stabaek-brann.json
1999-06-13,Brann,Viking,1-0,Tippeligaen,1999,/1999/06/13/brann-viking/,19a69061-0a42-4626-a2e5-d11f16003dea,1999-06-13_brann-viking.json
1999-05-24,Brann,Skeid,0-1,Tippeligaen,1999,/1999/05/24/brann-skeid/,b570f20b-55df-4e58-8db4-9863a93c61f5,1999-05-24_brann-skeid.json
1999-05-19,Fana,Brann,0-2,Cupen,1999,/1999/05/19/fana-brann/,7c7ccc7d-eb76-444e-8ae1-47f646511ab0,1999-05-19_fana-brann.json
1999-05-16,Brann,Molde,0-1,Tippeligaen,1999,/1999/05/16/brann-molde/,a5c27b6a-25ee-4f1f-b611-67edd57af884,1999-05-16_brann-molde.json
1999-05-13,Strømsgodset,Brann,1-2,Tippeligaen,1999,/1999/05/13/stromsgodset-brann/,131dad1a-f55e-4ebe-9107-362b8b141dc3,1999-05-13_stromsgodset-brann.json
1999-05-09,Brann,Vålerenga,2-1,Tippeligaen,1999,/1999/05/09/brann-vif/,46ef40e8-9960-47c9-a3f0-a13e831caf41,1999-05-09_brann-vif.json
1999-05-05,Nordhordland,Brann,0-3,Cupen,1999,/1999/05/05/nordhordland-brann/,1ef4f327-a8e1-4471-b72f-476811bea6d3,1999-05-05_nordhordland-brann.json
1999-05-02,Bodø/Glimt,Brann,1-3,Tippeligaen,1999,/1999/05/02/glimt-brann/,6ca03847-3212-43a9-a00c-86743ff9f58b,1999-05-02_glimt-brann.json
1999-04-23,Brann,Kongsvinger,5-4,Tippeligaen,1999,/1999/04/23/brann-kongsvinger/,ffc88d53-5837-4e54-88b5-437ec3f54b95,1999-04-23_brann-kongsvinger.json
1999-04-18,Tromsø,Brann,5-0,Tippeligaen,1999,/1999/04/18/tromso-brann/,433b1739-d3ce-4d69-b19c-96a5483dba35,1999-04-18_tromso-brann.json
1999-04-11,Brann,Lillestrøm,1-3,Tippeligaen,1999,/1999/04/11/brann-lsk/,38ef07c9-bb86-43b6-877d-9f052fc203a5,1999-04-11_brann-lsk.json
1998-10-25,Brann,Bodø/Glimt,2-1,Tippeligaen,1998,/1998/10/25/brann-glimt/,8f3a89b7-cfb1-5a02-994f-b0ab063167e4,1998-10-25_brann-glimt.json
1998-10-18,Stabæk,Brann,1-1,Tippeligaen,1998,/1998/10/18/stabaek-brann/,d0059cd8-e496-5ca9-b5ed-0d2d8b4ff8fe,1998-10-18_stabaek-brann.json
1998-10-04,Brann,Sogndal,4-0,Tippeligaen,1998,/1998/10/04/brann-sogndal/,d4a78c35-35a0-5cf3-9602-72858144e353,1998-10-04_brann-sogndal.json
1998-09-29,Werder Bremen,Brann,4-0,UEFA-cupen,1998,/1998/09/29/werder-bremen-brann/,40a383eb-7f8e-41e0-abce-6ac18491687e,1998-09-29_werder-bremen-brann.json
1998-09-26,Brann,Lillestrøm,1-2,Tippeligaen,1998,/1998/09/26/brann-lsk/,f97b8135-203f-5bda-9f6e-757dc551c2f3,1998-09-26_brann-lsk.json
1998-09-23,Brann,Rosenborg,2-3,Cupen,1998,/1998/09/23/brann-rbk/,6f54af6d-3e0b-4f7a-9ccd-580c86e83ef3,1998-09-23_brann-rbk.json
1998-09-20,Haugesund,Brann,2-3,Tippeligaen,1998,/1998/09/20/haugesund-brann/,1dd9d0b8-9020-5ece-bafe-22bc53507b24,1998-09-20_haugesund-brann.json
1998-09-15,Brann,Werder Bremen,2-0,UEFA-cupen,1998,/1998/09/15/brann-werder-bremen/,1c905cbb-8e34-48a5-9790-94a617e6ccf4,1998-09-15_brann-werder-bremen.json
1998-09-12,Viking,Brann,2-3,Tippeligaen,1998,/1998/09/12/viking-brann/,71bc1c67-c61d-5674-9876-0e0e0c597ca1,1998-09-12_viking-brann.json
1998-09-08,Brann,Molde,4-0,Cupen,1998,/1998/09/08/brann-molde/,7fd081fc-e138-4d41-ac85-4b0bef04eaa3,1998-09-08_brann-molde.json
1998-08-29,Strømsgodset,Brann,0-2,Tippeligaen,1998,/1998/08/29/stromsgodset-brann/,550f241b-f8a9-598f-83fc-01c76a433bbe,1998-08-29_stromsgodset-brann.json
1998-08-25,FK Zalgiris,Brann,0-0,UEFA-cupen,1998,/1998/08/25/zalgiris-brann/,6269af65-2369-4a53-bf90-dcece6282ee5,1998-08-25_zalgiris-brann.json
1998-08-22,Brann,Tromsø,3-1,Tippeligaen,1998,/1998/08/22/brann-tromso/,44362221-b8a7-5572-a274-f3d0a051cc48,1998-08-22_brann-tromso.json
1998-08-15,Rosenborg,Brann,4-2,Tippeligaen,1998,/1998/08/15/rbk-brann/,c75a1046-d33e-50d8-aa8a-220e407e8371,1998-08-15_rbk-brann.json
1998-08-11,Brann,FK Zalgiris,1-0,UEFA-cupen,1998,/1998/08/11/brann-zalgiris/,50343731-50a7-4f7a-a19d-b892d5c3a81e,1998-08-11_brann-zalgiris.json
1998-08-08,Brann,Vålerenga,3-0,Tippeligaen,1998,/1998/08/08/brann-vif/,f065722c-ebec-52b1-bd62-64d32a094d7f,1998-08-08_brann-vif.json
1998-08-01,Molde,Brann,2-2,Tippeligaen,1998,/1998/08/01/molde-brann/,c184dc10-1a74-5c7a-bbfe-0b98e95d0e35,1998-08-01_molde-brann.json
1998-07-26,Brann,Kongsvinger,3-0,Tippeligaen,1998,/1998/07/26/brann-kongsvinger/,148f6a94-5444-5806-b4db-b8b068da2f59,1998-07-26_brann-kongsvinger.json
1998-07-19,Moss,Brann,3-0,Tippeligaen,1998,/1998/07/19/moss-brann/,717bc454-d593-592d-a15e-2e74024cb3d0,1998-07-19_moss-brann.json
1998-07-15,Brann,Byåsen,3-1,Cupen,1998,/1998/07/15/brann-byasen/,60ccf36b-0c84-4c6f-a167-6e5a26655004,1998-07-15_brann-byasen.json
1998-07-12,Bodø/Glimt,Brann,2-2,Tippeligaen,1998,/1998/07/12/glimt-brann/,f2ee85e4-d408-5f15-8159-eebff35c2b46,1998-07-12_glimt-brann.json
1998-07-09,Brann,Stabæk,2-0,Tippeligaen,1998,/1998/07/09/brann-stabaek/,209316de-bb44-5f0d-9bf0-bf4f5781092e,1998-07-09_brann-stabaek.json
1998-07-05,Sogndal,Brann,2-1,Tippeligaen,1998,/1998/07/05/sogndal-brann/,4388ccda-2a67-5f54-bcb0-d591b524274d,1998-07-05_sogndal-brann.json
1998-07-01,Lillestrøm,Brann,1-1,Tippeligaen,1998,/1998/07/01/lsk-brann/,7abf2e50-d5dd-53b0-972d-2f6c8229c64b,1998-07-01_lsk-brann.json
1998-06-07,Brann,Haugesund,2-2,Tippeligaen,1998,/1998/06/07/brann-haugesund/,1a67364b-3d8a-51b6-9ccc-c7c7565ccfe7,1998-06-07_brann-haugesund.json
1998-06-03,Stryn,Brann,0-1,Cupen,1998,/1998/06/03/stryn-brann/,ea097794-0e3e-414d-a4a1-f1bb587fab1b,1998-06-03_stryn-brann.json
1998-05-16,Brann,Viking,1-4,Tippeligaen,1998,/1998/05/16/brann-viking/,d04f6d9b-31ab-54b9-a523-4facdf641eac,1998-05-16_brann-viking.json
1998-05-10,Brann,Strømsgodset,0-1,Tippeligaen,1998,/1998/05/10/brann-stromsgodset/,58cf5410-8e1a-53cc-b29e-b5627bccb351,1998-05-10_brann-stromsgodset.json
1998-05-07,Tromsø,Brann,1-0,Tippeligaen,1998,/1998/05/07/tromso-brann/,65cb2e15-3a2d-50c1-99b1-245dfc2a3b2c,1998-05-07_tromso-brann.json
1998-05-04,Brann,Rosenborg,0-0,Tippeligaen,1998,/1998/05/04/brann-rbk/,f7a5bca7-6dd7-5b1e-aef5-73c45682bc13,1998-05-04_brann-rbk.json
1998-04-30,Vålerenga,Brann,3-2,Tippeligaen,1998,/1998/04/30/vif-brann/,635028dd-8955-57e5-b37a-be0f48b6c307,1998-04-30_vif-brann.json
1998-04-26,Brann,Molde,2-2,Tippeligaen,1998,/1998/04/26/brann-molde/,95268ad2-942d-553f-a247-1dc5400aaafa,1998-04-26_brann-molde.json
1998-04-19,Kongsvinger,Brann,2-2,Tippeligaen,1998,/1998/04/19/kongsvinger-brann/,7f859fb3-0409-5d8e-a653-7478c5260846,1998-04-19_kongsvinger-brann.json
1998-04-13,Brann,Moss,0-1,Tippeligaen,1998,/1998/04/13/brann-moss/,1d9f6cf4-b795-5e1e-a1b6-e1c88c91978c,1998-04-13_brann-moss.json
1997-10-19,Stabæk,Brann,0-1,Tippeligaen,1997,/1997/10/19/stabaek-brann/,33178963-71df-5278-bafe-fda7f70123bc,1997-10-19_stabaek-brann.json
1997-10-12,Brann,Haugesund,3-2,Tippeligaen,1997,/1997/10/12/brann-haugesund/,217000b0-17f6-5cba-ae7c-73e6f347b6a8,1997-10-12_brann-haugesund.json
1997-10-05,Lyn,Brann,1-5,Tippeligaen,1997,/1997/10/05/lyn-brann/,d3aa6805-8507-5336-b198-3d27f009ee6c,1997-10-05_lyn-brann.json
1997-09-21,Brann,Sogndal,4-1,Tippeligaen,1997,/1997/09/21/brann-sogndal/,bca7aee1-a1e3-5b9a-8397-13854a9df7e4,1997-09-21_brann-sogndal.json
1997-09-14,Kongsvinger,Brann,4-6,Tippeligaen,1997,/1997/09/14/kongsvinger-brann/,982e1d5c-4f4e-5534-8b2c-643adc96d397,1997-09-14_kongsvinger-brann.json
1997-08-31,Brann,Tromsø,4-3,Tippeligaen,1997,/1997/08/31/brann-tromso/,ea559a66-d21d-5d55-9d51-7b25beb5e772,1997-08-31_brann-tromso.json
1997-08-26,Brann,Grasshopper,2-0,UEFA-cupen,1997,/1997/08/26/brann-grasshopper/,7b4cdd1c-828b-44b8-ae8c-b6ce5fb3a7ee,1997-08-26_brann-grasshopper.json
1997-08-23,Lillestrøm,Brann,2-2,Tippeligaen,1997,/1997/08/23/lsk-brann/,665ddab4-f467-5cf9-9963-68d778b1a120,1997-08-23_lsk-brann.json
1997-08-12,Grasshopper,Brann,3-0,UEFA-cupen,1997,/1997/08/12/grasshopper-brann/,4dccf511-a1f7-477d-981b-d2defcfb3b62,1997-08-12_grasshopper-brann.json
1997-08-09,Viking,Brann,0-0,Tippeligaen,1997,/1997/08/09/viking-brann/,24e35005-2f22-58be-a602-ee3e92dd8daa,1997-08-09_viking-brann.json
1997-08-03,Brann,Molde,0-4,Tippeligaen,1997,/1997/08/03/brann-molde/,0d99b082-9225-5d0a-82cd-3f6959a225a9,1997-08-03_brann-molde.json
1997-07-30,Neftochimik Burgas,Brann,3-2,UEFA-cupen,1997,/1997/07/30/neftochimik-burgas-brann/,fd3a68c1-7105-4cf6-abe1-8fa78f7f938b,1997-07-30_neftochimik-burgas-brann.json
1997-07-27,Skeid,Brann,1-1,Tippeligaen,1997,/1997/07/27/skeid-brann/,aae35d21-1a8a-517c-8802-3a79af313105,1997-07-27_skeid-brann.json
1997-07-23,Brann,Neftochimik Burgas,2-1,UEFA-cupen,1997,/1997/07/23/brann-neftochimik-burgas/,b36e23e3-b79a-40cb-8935-51165c82f35a,1997-07-23_brann-neftochimik-burgas.json
1997-07-13,Brann,Strømsgodset,4-1,Tippeligaen,1997,/1997/07/13/brann-stromsgodset/,7d21f5d5-bad3-5585-8547-ea9a06fe9e9e,1997-07-13_brann-stromsgodset.json
1997-07-10,Vålerenga,Brann,3-0,Cupen,1997,/1997/07/10/vif-brann/,d921e9b7-e9b7-45ca-8759-c48f2363db29,1997-07-10_vif-brann.json
1997-07-06,Bodø/Glimt,Brann,0-3,Tippeligaen,1997,/1997/07/06/glimt-brann/,17de42de-3538-5411-8078-1726d233159f,1997-07-06_glimt-brann.json
1997-07-02,Brann,Stabæk,5-1,Tippeligaen,1997,/1997/07/02/brann-stabaek/,12effa73-b574-5b43-9fd1-bb96863ea4b2,1997-07-02_brann-stabaek.json
1997-06-29,Brann,Rosenborg,1-2,Tippeligaen,1997,/1997/06/29/brann-rbk/,5248f78e-8ccc-52c7-9128-1246d05749a3,1997-06-29_brann-rbk.json
1997-06-25,Brann,Vard,11-0,Cupen,1997,/1997/06/25/brann-vard/,c91c9701-869d-4f22-a067-84b04e24d3df,1997-06-25_brann-vard.json
1997-06-22,Sogndal,Brann,1-0,Tippeligaen,1997,/1997/06/22/sogndal-brann/,a67fd08a-3e88-5122-9872-ae1990620eea,1997-06-22_sogndal-brann.json
1997-06-15,Haugesund,Brann,0-1,Tippeligaen,1997,/1997/06/15/haugesund-brann/,2d034dbb-634d-5876-a7c5-15a00f920ed9,1997-06-15_haugesund-brann.json
1997-06-11,Vadmyra,Brann,1-3,Cupen,1997,/1997/06/11/vadmyra-brann/,c03bb1a0-7f74-4800-a82c-b64d0d76ea1a,1997-06-11_vadmyra-brann.json
1997-06-01,Brann,Lyn,0-0,Tippeligaen,1997,/1997/06/01/brann-lyn/,2ac68bec-f72a-57f7-a91f-1c6877aa1665,1997-06-01_brann-lyn.json
1997-05-25,Brann,Kongsvinger,3-1,Tippeligaen,1997,/1997/05/25/brann-kongsvinger/,3a6505fb-34a8-5908-80a3-a3419b8d1d86,1997-05-25_brann-kongsvinger.json
1997-05-22,Kleppestø,Brann,1-4,Cupen,1997,/1997/05/22/kleppesto-brann/,71da8ee5-c41d-4386-a4bc-deaf5f828928,1997-05-22_kleppesto-brann.json
1997-05-19,Tromsø,Brann,3-0,Tippeligaen,1997,/1997/05/19/tromso-brann/,785960b2-000b-52d7-8277-e45a81b3e114,1997-05-19_tromso-brann.json
1997-05-16,Brann,Lillestrøm,1-2,Tippeligaen,1997,/1997/05/16/brann-lsk/,ce4e3058-30fc-53f9-bb40-aac27e292c0d,1997-05-16_brann-lsk.json
1997-05-11,Brann,Viking,1-4,Tippeligaen,1997,/1997/05/11/brann-viking/,e92ef87d-416c-58ce-8a11-4b0c5d0cdc1a,1997-05-11_brann-viking.json
1997-05-08,Molde,Brann,0-2,Tippeligaen,1997,/1997/05/08/molde-brann/,b524c8f0-11cb-5d80-bae6-41be7d7a3093,1997-05-08_molde-brann.json
1997-05-04,Brann,Skeid,4-2,Tippeligaen,1997,/1997/05/04/brann-skeid/,9d319deb-8928-582b-8a7b-8f461123ea2a,1997-05-04_brann-skeid.json
1997-04-26,Strømsgodset,Brann,0-4,Tippeligaen,1997,/1997/04/26/stromsgodset-brann/,6d869801-3c8a-5a0e-9ee6-1668fdd483a1,1997-04-26_stromsgodset-brann.json
1997-04-20,Brann,Bodø/Glimt,3-1,Tippeligaen,1997,/1997/04/20/brann-glimt/,ce0f059e-bba4-514a-a3c7-bf1a950e7851,1997-04-20_brann-glimt.json
1997-04-13,Rosenborg,Brann,1-1,Tippeligaen,1997,/1997/04/13/rbk-brann/,edd923a2-b9fd-5f2c-bdd2-899921e83c13,1997-04-13_rbk-brann.json
1997-03-20,Liverpool,Brann,3-0,Cupvinnercupen,1996,/1997/03/20/liverpool-brann/,462fec04-a652-4bf6-a58c-31934c1b4d72,1997-03-20_liverpool-brann.json
1997-03-06,Brann,Liverpool,1-1,Cupvinnercupen,1996,/1997/03/06/brann-liverpool/,ab5719dc-0dfb-4a81-86cd-10be70204c36,1997-03-06_brann-liverpool.json
1996-10-31,PSV Eindhoven,Brann,2-2,Cupvinnercupen,1996,/1996/10/31/psv-brann/,96110c41-801e-4c6b-b8a6-711ad9fe3679,1996-10-31_psv-brann.json
1996-10-20,Brann,Tromsø,3-3,Tippeligaen,1996,/1996/10/20/brann-tromso/,226bb9ea-2225-5120-b2e8-d6d309500030,1996-10-20_brann-tromso.json
1996-10-17,Brann,PSV Eindhoven,2-1,Cupvinnercupen,1996,/1996/10/17/brann-psv/,fb78cfe5-ed15-4d6e-ac36-fcfb40e1cccb,1996-10-17_brann-psv.json
1996-10-13,Molde,Brann,3-3,Tippeligaen,1996,/1996/10/13/molde-brann/,0d4bca29-8bff-5487-a350-6711ab064fbc,1996-10-13_molde-brann.json
1996-09-29,Brann,Bodø/Glimt,2-0,Tippeligaen,1996,/1996/09/29/brann-glimt/,0f6aa5c5-5d63-5f88-932b-617e55d01ab3,1996-09-29_brann-glimt.json
1996-09-26,Brann,Cercle Brugge,4-0,Cupvinnercupen,1996,/1996/09/26/brann-cercle-brugge/,6953ec81-54b5-4f8f-8719-caefacf208c4,1996-09-26_brann-cercle-brugge.json
1996-09-15,Kongsvinger,Brann,2-2,Tippeligaen,1996,/1996/09/15/kongsvinger-brann/,07bb7724-ca9c-5a04-b803-b54a45202829,1996-09-15_kongsvinger-brann.json
1996-09-12,Cercle Brugge,Brann,3-2,Cupvinnercupen,1996,/1996/09/12/cercle-brugge-brann/,49bfa7f4-d253-4786-8e6b-d09d452ec729,1996-09-12_cercle-brugge-brann.json
1996-09-08,Brann,Strømsgodset,6-2,Tippeligaen,1996,/1996/09/08/brann-stromsgodset/,ffca4e39-6a3e-5a02-abc6-84b0af90a197,1996-09-08_brann-stromsgodset.json
1996-09-04,Skeid,Brann,1-6,Tippeligaen,1996,/1996/09/04/skeid-brann/,92af1c13-ef9b-5c57-87e9-2e972b179eca,1996-09-04_skeid-brann.json
1996-08-28,Brann,Lillestrøm,2-2,Tippeligaen,1996,/1996/08/28/brann-lsk/,d5745f04-38f0-5e3a-8848-d9d98d961963,1996-08-28_brann-lsk.json
1996-08-25,Brann,Start,7-1,Tippeligaen,1996,/1996/08/25/brann-start/,5f1de4fb-67f8-57f1-9ec2-1e138338a9f8,1996-08-25_brann-start.json
1996-08-22,Brann,Shelbourne,2-1,Cupvinnercupen,1996,/1996/08/22/brann-shelbourne/,f9e39879-c1be-4857-8346-c98fd03f5d07,1996-08-22_brann-shelbourne.json
1996-08-18,Moss,Brann,2-1,Tippeligaen,1996,/1996/08/18/moss-brann/,7066ccd8-8995-5f35-9e3b-3312c9ad274f,1996-08-18_moss-brann.json
1996-08-11,Brann,Rosenborg,3-3,Tippeligaen,1996,/1996/08/11/brann-rbk/,852d01be-e5cd-5aef-ada0-64c348057ee3,1996-08-11_brann-rbk.json
1996-08-08,Shelbourne,Brann,1-3,Cupvinnercupen,1996,/1996/08/08/shelbourne-brann/,c167c36e-53cd-482f-8e67-09aa09ffd15c,1996-08-08_shelbourne-brann.json
1996-08-04,Viking,Brann,3-0,Tippeligaen,1996,/1996/08/04/viking-brann/,ecc5b6cb-9c3e-460e-8752-1548bccae0db,1996-08-04_viking-brann.json
1996-07-17,Bodø/Glimt,Brann,3-2,Cupen,1996,/1996/07/17/glimt-brann/,308015a7-c3f7-494c-8056-1bbe3558b6de,1996-07-17_glimt-brann.json
1996-07-14,Brann,Vålerenga,2-2,Tippeligaen,1996,/1996/07/14/brann-vif/,ee068a74-23ae-5a56-bcab-32708cdcab4e,1996-07-14_brann-vif.json
1996-07-07,Tromsø,Brann,4-1,Tippeligaen,1996,/1996/07/07/tromso-brann/,91a3387c-cd57-5d4b-a6c4-b64feeaf3104,1996-07-07_tromso-brann.json
1996-06-30,Stabæk,Brann,4-1,Tippeligaen,1996,/1996/06/30/stabaek-brann/,3a95d14b-d79b-539d-bb97-1930e64b7a8f,1996-06-30_stabaek-brann.json
1996-06-27,Brann,Åsane,2-0,Cupen,1996,/1996/06/27/brann-asane/,aef455ce-9510-4c27-9533-f1405811f41a,1996-06-27_brann-asane.json
1996-06-17,Brann,Stabæk,4-0,Tippeligaen,1996,/1996/06/17/brann-stabaek/,5e1cfa83-aa4d-506c-ab68-72e385400132,1996-06-17_brann-stabaek.json
1996-06-12,Flekkefjord,Brann,0-6,Cupen,1996,/1996/06/12/flekkefjord-brann/,3b1b47e3-f7b5-456e-9e07-2e4c667566e3,1996-06-12_flekkefjord-brann.json
1996-06-09,Brann,Molde,4-0,Tippeligaen,1996,/1996/06/09/brann-molde/,4692160c-72c7-58e5-8522-d3f3439b5a54,1996-06-09_brann-molde.json
1996-06-05,Bodø/Glimt,Brann,1-3,Tippeligaen,1996,/1996/06/05/glimt-brann/,4100f4d7-78c9-5be0-99ca-01f98d4c4e7b,1996-06-05_glimt-brann.json
1996-05-27,Brann,Kongsvinger,2-0,Tippeligaen,1996,/1996/05/27/brann-kongsvinger/,0c8e5dfe-372b-57a3-ab3a-faaef76bd99b,1996-05-27_brann-kongsvinger.json
1996-05-23,Austrheim,Brann,0-8,Cupen,1996,/1996/05/23/austrheim-brann/,31856fec-0ade-44f4-b460-99aa8f6594a4,1996-05-23_austrheim-brann.json
1996-05-19,Strømsgodset,Brann,0-2,Tippeligaen,1996,/1996/05/19/stromsgodset-brann/,4c1c4956-f94e-508c-b3aa-3cdee207dad1,1996-05-19_stromsgodset-brann.json
1996-05-16,Brann,Skeid,1-2,Tippeligaen,1996,/1996/05/16/brann-skeid/,e9b169cd-f17f-55a0-a252-6db66a050d74,1996-05-16_brann-skeid.json
1996-05-12,Start,Brann,0-2,Tippeligaen,1996,/1996/05/12/start-brann/,9e1a8618-94f6-5142-9768-8a96a3271b48,1996-05-12_start-brann.json
1996-05-09,Brann,Moss,1-1,Tippeligaen,1996,/1996/05/09/brann-moss/,adcdc3cc-802d-5ce6-a031-a2c291efc4a4,1996-05-09_brann-moss.json
1996-05-05,Rosenborg,Brann,10-0,Tippeligaen,1996,/1996/05/05/rbk-brann/,8a429b4c-a30e-5d3c-8dcc-cf25bba8ebee,1996-05-05_rbk-brann.json
1996-05-01,Brann,Viking,1-1,Tippeligaen,1996,/1996/05/01/brann-viking/,14f69e71-8a7d-5f7e-a4a8-68244aea97f7,1996-05-01_brann-viking.json
1996-04-28,Lillestrøm,Brann,3-3,Tippeligaen,1996,/1996/04/28/lsk-brann/,407ff2f9-e178-53e9-9c45-d8f99c748522,1996-04-28_lsk-brann.json
1996-04-21,Vålerenga,Brann,0-2,Tippeligaen,1996,/1996/04/21/vif-brann/,54abb7d3-1312-534d-b539-482c959ac173,1996-04-21_vif-brann.json
1995-11-05,Rosenborg,Brann,3-1,Cupen,1995,/1995/11/05/rbk-brann/,b9b97466-e0e2-422d-acd0-3f37468afea9,1995-11-05_rbk-brann.json
1995-10-29,Brann,Rosenborg,1-1,Cupen,1995,/1995/10/29/brann-rbk/,973bed55-ec28-4943-9727-3a3b9ed02938,1995-10-29_brann-rbk.json
1995-10-22,Molde,Brann,4-2,Tippeligaen,1995,/1995/10/22/molde-brann/,fb0572bb-bc65-5767-bc01-9ecea7a99bd7,1995-10-22_molde-brann.json
1995-10-15,Brann,Kongsvinger,1-1,Tippeligaen,1995,/1995/10/15/brann-kongsvinger/,49e03fe3-8b35-54c0-a334-a80b171b4504,1995-10-15_brann-kongsvinger.json
1995-10-08,Rosenborg,Brann,3-1,Tippeligaen,1995,/1995/10/08/rbk-brann/,87e19d75-f60c-56be-aad2-363ff4ef03d7,1995-10-08_rbk-brann.json
1995-10-04,Brann,Viking,2-1,Tippeligaen,1995,/1995/10/04/brann-viking/,f7b39ed7-8f99-59ce-9f0d-d02bfc7457ac,1995-10-04_brann-viking.json
1995-10-01,Strindheim,Brann,2-2,Tippeligaen,1995,/1995/10/01/strindheim-brann/,c7f4775e-4149-589c-ba05-86ab285f8d1d,1995-10-01_strindheim-brann.json
1995-09-20,Brann,Lillestrøm,4-1,Cupen,1995,/1995/09/20/brann-lsk/,5179a571-fedb-45d6-808f-cf1f0c3d8961,1995-09-20_brann-lsk.json
1995-09-16,Lillestrøm,Brann,3-1,Cupen,1995,/1995/09/16/lsk-brann/,6895e6a7-6a53-442b-b2e8-929c600441a2,1995-09-16_lsk-brann.json
1995-09-09,Lillestrøm,Brann,1-3,Tippeligaen,1995,/1995/09/09/lsk-brann/,ce27de0a-83c4-565c-ba2e-9053951dc749,1995-09-09_lsk-brann.json
1995-09-02,Brann,Stabæk,1-0,Tippeligaen,1995,/1995/09/02/brann-stabaek/,1f2b02f7-5099-598e-ba95-00db1ccc5077,1995-09-02_brann-stabaek.json
1995-08-30,Brann,Lyn,4-1,Cupen,1995,/1995/08/30/brann-lyn/,5855547c-b920-4e4b-8fb2-0f74cd94cbdd,1995-08-30_brann-lyn.json
1995-08-27,HamKam,Brann,1-3,Tippeligaen,1995,/1995/08/27/hamkam-brann/,f6365d25-2503-55a5-b852-82f14af00173,1995-08-27_hamkam-brann.json
1995-08-20,Brann,Hødd,1-2,Tippeligaen,1995,/1995/08/20/brann-hodd/,19e23c77-ac95-5ca6-95a1-d49093727178,1995-08-20_brann-hodd.json
1995-08-06,Tromsø,Brann,2-2,Tippeligaen,1995,/1995/08/06/tromso-brann/,94bc6aca-4c34-5e84-acc2-0859883524b5,1995-08-06_tromso-brann.json
1995-07-30,Brann,Vålerenga,2-1,Tippeligaen,1995,/1995/07/30/brann-vif/,2c7fe39d-bceb-5647-9ab5-913a80d8499f,1995-07-30_brann-vif.json
1995-07-26,Brann,Bryne,3-1,Cupen,1995,/1995/07/26/brann-bryne/,82c8bae1-7eab-4be5-ab5d-206b9b7f3863,1995-07-26_brann-bryne.json
1995-07-23,Start,Brann,1-0,Tippeligaen,1995,/1995/07/23/start-brann/,9f8eee86-7f2c-5ae5-baff-fd36efdf40d0,1995-07-23_start-brann.json
1995-07-16,Brann,Bodø/Glimt,4-2,Tippeligaen,1995,/1995/07/16/brann-glimt/,efe7b0fc-ff08-51d3-ac38-b924a2fa1b88,1995-07-16_brann-glimt.json
1995-07-02,Bodø/Glimt,Brann,3-1,Tippeligaen,1995,/1995/07/02/glimt-brann/,5dbb0eb1-45e8-5ef3-9a0a-14d851a8bf50,1995-07-02_glimt-brann.json
1995-06-25,Brann,Start,0-4,Tippeligaen,1995,/1995/06/25/brann-start/,1d2ce9b7-5f12-5a9b-a729-d1fb5c165789,1995-06-25_brann-start.json
1995-06-21,Fyllingen,Brann,1-3,Cupen,1995,/1995/06/21/fyllingen-brann/,b91887b0-3bbc-4e41-97ae-891f3767bf18,1995-06-21_fyllingen-brann.json
1995-06-18,Vålerenga,Brann,3-1,Tippeligaen,1995,/1995/06/18/vif-brann/,31a1ae24-5880-5e7a-9a1a-cf501a0facb0,1995-06-18_vif-brann.json
1995-06-11,Brann,Tromsø,4-2,Tippeligaen,1995,/1995/06/11/brann-tromso/,8d306f2a-80ff-5406-8627-e3f9972d66d7,1995-06-11_brann-tromso.json
1995-06-02,Hødd,Brann,1-0,Tippeligaen,1995,/1995/06/02/hodd-brann/,f95389fb-8b7a-50ff-8bb6-e27c81f12c3f,1995-06-02_hodd-brann.json
1995-05-31,Brann,Stord,7-1,Cupen,1995,/1995/05/31/brann-stord/,bf0e0946-47c8-49a0-a3b5-ce055fbd4da9,1995-05-31_brann-stord.json
1995-05-28,Brann,HamKam,4-1,Tippeligaen,1995,/1995/05/28/brann-hamkam/,0ee64fc2-328c-55a9-95b8-c7c6abd49419,1995-05-28_brann-hamkam.json
1995-05-21,Stabæk,Brann,3-0,Tippeligaen,1995,/1995/05/21/stabaek-brann/,aa72632c-d834-52e2-abd6-a4ded1d8806e,1995-05-21_stabaek-brann.json
1995-05-16,Brann,Lillestrøm,1-1,Tippeligaen,1995,/1995/05/16/brann-lsk/,32b18876-4290-5fb2-aa34-67e920da4725,1995-05-16_brann-lsk.json
1995-05-14,Viking,Brann,2-0,Tippeligaen,1995,/1995/05/14/viking-brann/,953cbeea-8a09-5808-bc63-aff4b9be7154,1995-05-14_viking-brann.json
1995-05-10,Nest-Sotra,Brann,2-4,Cupen,1995,/1995/05/10/nest-sotra-brann/,14de8ea5-dcca-46c1-93bf-510a7847cf04,1995-05-10_nest-sotra-brann.json
1995-05-07,Brann,Strindheim,4-1,Tippeligaen,1995,/1995/05/07/brann-strindheim/,95c356ec-d13f-5049-8ded-d836acc05a4f,1995-05-07_brann-strindheim.json
1995-05-03,Brann,Rosenborg,1-1,Tippeligaen,1995,/1995/05/03/brann-rbk/,3fbb9681-7652-5be5-a444-c353776b52a9,1995-05-03_brann-rbk.json
1995-04-30,Kongsvinger,Brann,1-0,Tippeligaen,1995,/1995/04/30/kongsvinger-brann/,02b1d20d-eecf-538e-a1c2-0e91650543a3,1995-04-30_kongsvinger-brann.json
1995-04-22,Brann,Molde,0-6,Tippeligaen,1995,/1995/04/22/brann-molde/,42c47d64-b416-5cf3-b0fb-69bc7ea206ab,1995-04-22_brann-molde.json
1994-10-16,Viking,Brann,3-2,Tippeligaen,1994,/1994/10/16/viking-brann/,0fad19b5-2a1d-5d0f-bddf-7319a0390bbe,1994-10-16_viking-brann.json
1994-10-02,Brann,Rosenborg,3-2,Tippeligaen,1994,/1994/10/02/brann-rbk/,897710a1-ed83-5796-b8e6-91de7849b779,1994-10-02_brann-rbk.json
1994-09-25,Vålerenga,Brann,3-2,Tippeligaen,1994,/1994/09/25/vif-brann/,4429c26d-e885-5193-8d13-9e5cc90b894e,1994-09-25_vif-brann.json
1994-09-21,Rosenborg,Brann,9-0,Tippeligaen,1994,/1994/09/21/rbk-brann/,9e6b6e7e-4381-5fc8-ad7d-bd519d191285,1994-09-21_rbk-brann.json
1994-09-18,Brann,Tromsø,1-1,Tippeligaen,1994,/1994/09/18/brann-tromso/,6467b07c-c313-5345-8e6c-4501ef64d5ea,1994-09-18_brann-tromso.json
1994-08-31,Bodø/Glimt,Brann,3-0,Tippeligaen,1994,/1994/08/31/glimt-brann/,e9d7e00d-92e3-50d6-8283-f8f175168ce9,1994-08-31_glimt-brann.json
1994-08-28,Brann,HamKam,2-2,Tippeligaen,1994,/1994/08/28/brann-hamkam/,ded9c060-acd7-51d0-b772-43786d8ebbdd,1994-08-28_brann-hamkam.json
1994-08-21,Kongsvinger,Brann,4-0,Tippeligaen,1994,/1994/08/21/kongsvinger-brann/,b7eefe24-fe91-5606-bd31-47dccb5d2654,1994-08-21_kongsvinger-brann.json
1994-08-17,Rosenborg,Brann,2-0,Cupen,1994,/1994/08/17/rbk-brann/,81539f57-5904-4f36-a55e-79b59e87c785,1994-08-17_rbk-brann.json
1994-08-14,Brann,Sogndal,4-0,Tippeligaen,1994,/1994/08/14/brann-sogndal/,1fb44655-fae9-5a3d-be91-c8d655da6d32,1994-08-14_brann-sogndal.json
1994-08-07,Lillestrøm,Brann,3-1,Tippeligaen,1994,/1994/08/07/lsk-brann/,951bfbd5-f59a-543f-b634-685c2b4d842b,1994-08-07_lsk-brann.json
1994-07-31,Brann,Start,1-0,Tippeligaen,1994,/1994/07/31/brann-start/,c018cea8-22ee-5bc2-80ef-ed03b1f204ea,1994-07-31_brann-start.json
1994-07-27,Strømsgodset,Brann,0-2,Tippeligaen,1994,/1994/07/27/stromsgodset-brann/,1b37fd8c-1b16-5911-85e7-ee2e2626b4a6,1994-07-27_stromsgodset-brann.json
1994-07-24,Brann,Viking,0-3,Tippeligaen,1994,/1994/07/24/brann-viking/,acb60fe1-158b-5874-ad79-63140d71ccd3,1994-07-24_brann-viking.json
1994-07-20,Brann,Vålerenga,2-0,Cupen,1994,/1994/07/20/brann-vif/,9dfefe1c-5b0e-48ed-b7dc-9eb47881ffba,1994-07-20_brann-vif.json
1994-06-08,Klepp,Brann,1-4,Cupen,1994,/1994/06/08/klepp-brann/,8f6d9821-fd4b-490f-8f90-6ea3f5e5f304,1994-06-08_klepp-brann.json
1994-05-26,Brann,Vålerenga,1-1,Tippeligaen,1994,/1994/05/26/brann-vif/,6f35c405-7870-5552-99bd-4be7cf9696e5,1994-05-26_brann-vif.json
1994-05-23,Tromsø,Brann,0-1,Tippeligaen,1994,/1994/05/23/tromso-brann/,6be7de96-c2c9-5e5b-ab3a-d7f4c86b4671,1994-05-23_tromso-brann.json
1994-05-19,Nymark,Brann,0-4,Cupen,1994,/1994/05/19/nymark-brann/,7dd2cef1-eb7b-41f9-a5e1-11198f423672,1994-05-19_nymark-brann.json
1994-05-16,Brann,Bodø/Glimt,4-0,Tippeligaen,1994,/1994/05/16/brann-glimt/,542d44d6-4877-564d-ae03-a6a038eb5f69,1994-05-16_brann-glimt.json
1994-05-12,HamKam,Brann,4-1,Tippeligaen,1994,/1994/05/12/hamkam-brann/,1dc78661-47e7-5f16-8f06-e568f9b16fd7,1994-05-12_hamkam-brann.json
1994-05-08,Brann,Kongsvinger,0-4,Tippeligaen,1994,/1994/05/08/brann-kongsvinger/,fef68b34-21dc-542e-a583-2ba2f1777157,1994-05-08_brann-kongsvinger.json
1994-05-04,Follese,Brann,0-6,Cupen,1994,/1994/05/04/follese-brann/,80eac105-6381-4f5c-9acf-53bb9b6d630a,1994-05-04_follese-brann.json
1994-05-01,Sogndal,Brann,2-4,Tippeligaen,1994,/1994/05/01/sogndal-brann/,46d9195a-d832-5a42-b54a-18009846905f,1994-05-01_sogndal-brann.json
1994-04-27,Brann,Lillestrøm,3-0,Tippeligaen,1994,/1994/04/27/brann-lsk/,ff8409b6-e76c-57fc-bd04-d19e7c97e439,1994-04-27_brann-lsk.json
1994-04-24,Start,Brann,1-1,Tippeligaen,1994,/1994/04/24/start-brann/,c58a2710-5ccf-59fc-8c2c-c7d0251d1bb4,1994-04-24_start-brann.json
1994-04-16,Brann,Strømsgodset,5-1,Tippeligaen,1994,/1994/04/16/brann-stromsgodset/,91329897-5018-55c1-9fbb-5975466b9a7e,1994-04-16_brann-stromsgodset.json
1993-10-17,Brann,Lyn,3-7,Tippeligaen,1993,/1993/10/17/brann-lyn/,b7ce474e-47f2-5324-acc6-b4c1d5e5078d,1993-10-17_brann-lyn.json
1993-10-03,Fyllingen,Brann,1-6,Tippeligaen,1993,/1993/10/03/fyllingen-brann/,57f12d8c-7c2d-50b6-a158-0f593445b3d2,1993-10-03_fyllingen-brann.json
1993-09-26,Viking,Brann,1-0,Tippeligaen,1993,/1993/09/26/viking-brann/,795712f0-ce38-5999-85c4-8ae9b9c04549,1993-09-26_viking-brann.json
1993-09-18,Brann,Bodø/Glimt,2-4,Cupen,1993,/1993/09/18/brann-glimt/,816d14c0-f1bb-419a-9b89-255a86c3efd8,1993-09-18_brann-glimt.json
1993-09-12,Brann,Tromsø,1-1,Tippeligaen,1993,/1993/09/12/brann-tromso/,3ba4bc4d-b91c-58c2-b1b0-2cb11041b083,1993-09-12_brann-tromso.json
1993-09-05,Start,Brann,0-0,Tippeligaen,1993,/1993/09/05/start-brann/,cf1352ef-a9d3-56c1-92c2-d6fff57066c0,1993-09-05_start-brann.json
1993-08-29,Kongsvinger,Brann,0-2,Tippeligaen,1993,/1993/08/29/kongsvinger-brann/,6e007372-212f-5be6-ac75-21970d2097d7,1993-08-29_kongsvinger-brann.json
1993-08-23,Brann,Bodø/Glimt,1-3,Tippeligaen,1993,/1993/08/23/brann-glimt/,5a30d2bd-836e-579b-b790-0e45ef86e4ca,1993-08-23_brann-glimt.json
1993-08-18,Brann,Molde,2-0,Cupen,1993,/1993/08/18/brann-molde/,c1f52c99-1431-4db1-bc89-df48cbeefc5e,1993-08-18_brann-molde.json
1993-08-15,Brann,Lillestrøm,2-1,Tippeligaen,1993,/1993/08/15/brann-lsk/,965aaa9a-6939-5538-a4f9-b3bc56f90170,1993-08-15_brann-lsk.json
1993-08-08,Molde,Brann,2-0,Tippeligaen,1993,/1993/08/08/molde-brann/,4a3bc855-bc29-5180-a505-0f4872ba8244,1993-08-08_molde-brann.json
1993-08-01,Brann,Rosenborg,0-2,Tippeligaen,1993,/1993/08/01/brann-rbk/,a628e585-06e4-567d-882b-4d6580366e67,1993-08-01_brann-rbk.json
1993-07-28,Brann,Viking,1-0,Cupen,1993,/1993/07/28/brann-viking/,85752f4c-f9b7-45a6-8e6e-d086454e75bc,1993-07-28_brann-viking.json
1993-07-25,HamKam,Brann,3-0,Tippeligaen,1993,/1993/07/25/hamkam-brann/,041804f8-42b4-56c0-ad7b-35cb46956029,1993-07-25_hamkam-brann.json
1993-07-21,Viking,Brann,2-2,Cupen,1993,/1993/07/21/viking-brann/,423b07ff-d18b-448b-9a2b-7cf274d42839,1993-07-21_viking-brann.json
1993-07-18,Lyn,Brann,5-1,Tippeligaen,1993,/1993/07/18/lyn-brann/,9cf38150-12b7-54f4-ae3a-e02135766410,1993-07-18_lyn-brann.json
1993-07-04,Brann,Fyllingen,3-2,Tippeligaen,1993,/1993/07/04/brann-fyllingen/,ab7e7575-c947-5db3-b521-c2ce5837d07f,1993-07-04_brann-fyllingen.json
1993-06-27,Brann,Viking,0-2,Tippeligaen,1993,/1993/06/27/brann-viking/,5ddef2a0-2e66-55d7-b5f9-5aaf37a950aa,1993-06-27_brann-viking.json
1993-06-23,Brann,Åndalsnes,2-0,Cupen,1993,/1993/06/23/brann-andalsnes/,f2418faf-39a7-4821-8500-493f0ad4784e,1993-06-23_brann-andalsnes.json
1993-06-20,Tromsø,Brann,1-1,Tippeligaen,1993,/1993/06/20/tromso-brann/,c03be0e3-d8a9-5e56-ad6a-c76aa20a3af2,1993-06-20_tromso-brann.json
1993-06-17,Brann,Kongsvinger,0-0,Tippeligaen,1993,/1993/06/17/brann-kongsvinger/,5c9a289b-bf00-5743-a3a5-06efa5fc14e2,1993-06-17_brann-kongsvinger.json
1993-06-13,Brann,Start,2-1,Tippeligaen,1993,/1993/06/13/brann-start/,b263babf-36cd-5af3-8ada-b5c7467dfdfb,1993-06-13_brann-start.json
1993-05-26,Os,Brann,1-3,Cupen,1993,/1993/05/26/os-brann/,634281d1-1ed9-4d0f-bbe9-745b996b0372,1993-05-26_os-brann.json
1993-05-23,Bodø/Glimt,Brann,2-1,Tippeligaen,1993,/1993/05/23/glimt-brann/,661e60ae-a98b-5014-bf93-aa324f81bd8f,1993-05-23_glimt-brann.json
1993-05-20,Lillestrøm,Brann,2-1,Tippeligaen,1993,/1993/05/20/lsk-brann/,29280d12-5f94-55b9-8ec6-ddc03a328c0b,1993-05-20_lsk-brann.json
1993-05-16,Brann,Molde,1-1,Tippeligaen,1993,/1993/05/16/brann-molde/,6a52d56b-285a-511d-817f-c920b9f73116,1993-05-16_brann-molde.json
1993-05-12,Voss,Brann,0-1,Cupen,1993,/1993/05/12/voss-brann/,9dc73254-45c4-4c4d-8046-b83e6d024873,1993-05-12_voss-brann.json
1993-05-08,Rosenborg,Brann,0-4,Tippeligaen,1993,/1993/05/08/rbk-brann/,1b4275a2-68a2-5de1-9a15-9205ace37680,1993-05-08_rbk-brann.json
1993-05-02,Brann,HamKam,2-1,Tippeligaen,1993,/1993/05/02/brann-hamkam/,901da8a9-42c8-53c4-90af-5ce6d5de8946,1993-05-02_brann-hamkam.json
1992-10-18,Mjøndalen,Brann,1-1,Tippeligaen,1992,/1992/10/18/mjondalen-brann/,4420c094-e0db-5f3f-a205-d097937eda74,1992-10-18_mjondalen-brann.json
1992-10-04,Brann,Rosenborg,1-1,Tippeligaen,1992,/1992/10/04/brann-rbk/,811145b2-1bc8-5b7e-a2a9-87689254141b,1992-10-04_brann-rbk.json
1992-09-27,Molde,Brann,1-1,Tippeligaen,1992,/1992/09/27/molde-brann/,17a6bf72-a268-54fc-abbd-8661cfaa6cd2,1992-09-27_molde-brann.json
1992-09-20,Brann,Tromsø,1-1,Tippeligaen,1992,/1992/09/20/brann-tromso/,db8323de-caa8-5d87-9f6e-c5a856bdc833,1992-09-20_brann-tromso.json
1992-09-13,Lyn,Brann,1-1,Tippeligaen,1992,/1992/09/13/lyn-brann/,38fa75d6-15fb-579a-b011-852e32c9e15c,1992-09-13_lyn-brann.json
1992-08-30,Brann,Kongsvinger,0-0,Tippeligaen,1992,/1992/08/30/brann-kongsvinger/,3742432f-f86b-505b-b7fc-53b341ebd6de,1992-08-30_brann-kongsvinger.json
1992-08-23,Brann,Sogndal,2-2,Tippeligaen,1992,/1992/08/23/brann-sogndal/,eb057cb8-64f7-5e7f-a26a-e5d195d67137,1992-08-23_brann-sogndal.json
1992-08-16,Viking,Brann,1-1,Tippeligaen,1992,/1992/08/16/viking-brann/,3a5e328b-53f2-5a06-8060-a95a17f46f62,1992-08-16_viking-brann.json
1992-08-09,Brann,Start,0-1,Tippeligaen,1992,/1992/08/09/brann-start/,04dfe7e6-740d-5579-8ec5-2d15b1ab81d3,1992-08-09_brann-start.json
1992-07-26,Lillestrøm,Brann,4-1,Tippeligaen,1992,/1992/07/26/lsk-brann/,02b988f5-3119-52f4-917e-5448bcdca6ef,1992-07-26_lsk-brann.json
1992-07-19,Brann,HamKam,3-1,Tippeligaen,1992,/1992/07/19/brann-hamkam/,e0f84247-de29-505d-9a11-dd0266349452,1992-07-19_brann-hamkam.json
1992-07-05,Brann,Mjøndalen,2-0,Tippeligaen,1992,/1992/07/05/brann-mjondalen/,49a59c80-ad4f-5ee3-9140-5cfcd8508bd7,1992-07-05_brann-mjondalen.json
1992-06-28,Rosenborg,Brann,2-0,Tippeligaen,1992,/1992/06/28/rbk-brann/,f7776752-6b57-5424-ac23-a2c03e93d1dd,1992-06-28_rbk-brann.json
1992-06-25,Fana,Brann,1-0,Cupen,1992,/1992/06/25/fana-brann/,59a13ed7-9754-442e-8731-c01e362942f3,1992-06-25_fana-brann.json
1992-06-21,Brann,Molde,2-3,Tippeligaen,1992,/1992/06/21/brann-molde/,a71cab1b-9835-5a4b-b130-d95487727ec3,1992-06-21_brann-molde.json
1992-06-17,Vidar,Brann,1-3,Cupen,1992,/1992/06/17/vidar-brann/,25a13d6f-6822-4a88-bbab-144e8e4d0936,1992-06-17_vidar-brann.json
1992-06-14,Tromsø,Brann,3-1,Tippeligaen,1992,/1992/06/14/tromso-brann/,5d4020e2-be16-5aca-85ca-ee3964bcc118,1992-06-14_tromso-brann.json
1992-06-11,Lyngbø,Brann,1-3,Cupen,1992,/1992/06/11/lyngbo-brann/,aa12a1e0-9a15-4527-8501-1596cd2cee2c,1992-06-11_lyngbo-brann.json
1992-06-08,Brann,Lyn,1-0,Tippeligaen,1992,/1992/06/08/brann-lyn/,262e0adf-171f-5056-9681-a5838ec5b9f4,1992-06-08_brann-lyn.json
1992-05-31,Kongsvinger,Brann,3-3,Tippeligaen,1992,/1992/05/31/kongsvinger-brann/,82ed652b-f82d-5365-ac9f-544874b4ec2d,1992-05-31_kongsvinger-brann.json
1992-05-24,Sogndal,Brann,1-1,Tippeligaen,1992,/1992/05/24/sogndal-brann/,10fd0242-b282-5243-ad6f-97286b2b9edc,1992-05-24_sogndal-brann.json
1992-05-16,Brann,Viking,3-1,Tippeligaen,1992,/1992/05/16/brann-viking/,b7598d96-ce38-5fa4-9a26-41b65590ca6e,1992-05-16_brann-viking.json
1992-05-10,Start,Brann,0-0,Tippeligaen,1992,/1992/05/10/start-brann/,c88027b4-1cfc-55e0-8c84-51855a108068,1992-05-10_start-brann.json
1992-05-03,Brann,Lillestrøm,0-0,Tippeligaen,1992,/1992/05/03/brann-lsk/,fe7b5e62-4b73-5dc6-ada3-6891a58c9cf7,1992-05-03_brann-lsk.json
1992-04-26,HamKam,Brann,3-1,Tippeligaen,1992,/1992/04/26/hamkam-brann/,efa2342b-82be-5a4b-bd4b-11f2ce9cce9d,1992-04-26_hamkam-brann.json
1991-10-19,Bryne,Brann,0-1,Kvalifisering,1991,/1991/10/19/bryne-brann/,6499e3d5-118e-49f0-8a03-01e504ccf878,1991-10-19_bryne-brann.json
1991-10-16,Brann,Strindheim,1-0,Kvalifisering,1991,/1991/10/16/brann-strindheim/,10d3c619-ad06-4f08-98de-0569364a73ac,1991-10-16_brann-strindheim.json
1991-10-13,Brann,Strømsgodset,2-0,Tippeligaen,1991,/1991/10/13/brann-stromsgodset/,0753070a-f13a-55e3-b836-880e68568141,1991-10-13_brann-stromsgodset.json
1991-10-06,Start,Brann,1-3,Tippeligaen,1991,/1991/10/06/start-brann/,e2ce3bed-650a-524f-9a8f-fb9c85af6951,1991-10-06_start-brann.json
1991-09-29,Brann,Fyllingen,0-2,Tippeligaen,1991,/1991/09/29/brann-fyllingen/,34e41998-3c2a-5e54-8f5e-9906eedb2d9b,1991-09-29_brann-fyllingen.json
1991-09-22,Lyn,Brann,1-1,Tippeligaen,1991,/1991/09/22/lyn-brann/,5746381c-b602-588b-b024-29cb8bb62f6c,1991-09-22_lyn-brann.json
1991-09-08,Brann,Kongsvinger,0-0,Tippeligaen,1991,/1991/09/08/brann-kongsvinger/,d59a68a4-2ae0-53db-b4c0-4394d6446a8b,1991-09-08_brann-kongsvinger.json
1991-09-01,Sogndal,Brann,2-1,Tippeligaen,1991,/1991/09/01/sogndal-brann/,e8e3183a-96fb-5961-b7ce-620a8d54278e,1991-09-01_sogndal-brann.json
1991-08-18,Brann,Viking,0-2,Tippeligaen,1991,/1991/08/18/brann-viking/,f6f91c62-0c30-5f8e-9432-4f97d493acf9,1991-08-18_brann-viking.json
1991-08-11,Molde,Brann,1-1,Tippeligaen,1991,/1991/08/11/molde-brann/,e7ed2ced-bdb6-5472-b307-3b5c4c84725c,1991-08-11_molde-brann.json
1991-08-04,Rosenborg,Brann,4-0,Tippeligaen,1991,/1991/08/04/rbk-brann/,55779e0f-9994-5a53-b793-4fc177a8c376,1991-08-04_rbk-brann.json
1991-07-28,Brann,Tromsø,1-2,Tippeligaen,1991,/1991/07/28/brann-tromso/,76f4637b-18f1-5bfd-bf2b-8f3b8a48870b,1991-07-28_brann-tromso.json
1991-07-24,Viking,Brann,2-1,Cupen,1991,/1991/07/24/viking-brann/,310725df-4f38-44fb-b28a-84821e4dcf1f,1991-07-24_viking-brann.json
1991-07-21,Lillestrøm,Brann,0-1,Tippeligaen,1991,/1991/07/21/lsk-brann/,3c271457-1f17-5112-b1cb-0890f539c03e,1991-07-21_lsk-brann.json
1991-07-07,Strømsgodset,Brann,0-1,Tippeligaen,1991,/1991/07/07/stromsgodset-brann/,098584b1-cfb6-5e6c-aafc-f8f05a778c2e,1991-07-07_stromsgodset-brann.json
1991-06-30,Brann,Start,0-1,Tippeligaen,1991,/1991/06/30/brann-start/,21ccac1e-c487-510c-94c2-ccadac33048a,1991-06-30_brann-start.json
1991-06-26,Brann,Haugar,6-2,Cupen,1991,/1991/06/26/brann-haugar/,d0867834-3dda-47c5-8a02-07ca359c23b8,1991-06-26_brann-haugar.json
1991-06-23,Fyllingen,Brann,0-0,Tippeligaen,1991,/1991/06/23/fyllingen-brann/,69f8dde8-d06c-5901-b0c5-35c6c13a2dda,1991-06-23_fyllingen-brann.json
1991-06-16,Brann,Lyn,3-0,Tippeligaen,1991,/1991/06/16/brann-lyn/,461cd45f-7108-5906-9b2e-bd686ac6cbc9,1991-06-16_brann-lyn.json
1991-06-12,Stord,Brann,0-1,Cupen,1991,/1991/06/12/stord-brann/,835e1bba-7831-4ec0-8b97-450ebc3898d4,1991-06-12_stord-brann.json
1991-06-09,Kongsvinger,Brann,1-2,Tippeligaen,1991,/1991/06/09/kongsvinger-brann/,5f914fcc-fbb5-5c65-9481-e09ce238e593,1991-06-09_kongsvinger-brann.json
1991-05-29,Brann,Åsane,4-0,Cupen,1991,/1991/05/29/brann-asane/,ae3d4844-9369-4e96-a072-96dd6723b3c0,1991-05-29_brann-asane.json
1991-05-26,Brann,Sogndal,0-0,Tippeligaen,1991,/1991/05/26/brann-sogndal/,75ae8755-2b26-5589-af5a-a20cd265b551,1991-05-26_brann-sogndal.json
1991-05-20,Viking,Brann,2-1,Tippeligaen,1991,/1991/05/20/viking-brann/,f63f28bf-e629-5770-b192-c4482d45f2f5,1991-05-20_viking-brann.json
1991-05-16,Brann,Molde,2-2,Tippeligaen,1991,/1991/05/16/brann-molde/,05ff6098-15a3-571b-9292-184392bf1307,1991-05-16_brann-molde.json
1991-05-12,Brann,Rosenborg,1-1,Tippeligaen,1991,/1991/05/12/brann-rbk/,30b6c702-0fee-5523-ae61-d54bd1f774d3,1991-05-12_brann-rbk.json
1991-05-05,Tromsø,Brann,1-1,Tippeligaen,1991,/1991/05/05/tromso-brann/,96a9103b-918b-5c17-8a19-3542fd700c52,1991-05-05_tromso-brann.json
1991-04-28,Brann,Lillestrøm,1-2,Tippeligaen,1991,/1991/04/28/brann-lsk/,a8084e7f-a832-5f75-9af9-2f9726c19912,1991-04-28_brann-lsk.json
1990-10-07,Rosenborg,Brann,2-0,Tippeligaen,1990,/1990/10/07/rbk-brann/,f90d75f5-a278-577b-9e91-c1e2741a9838,1990-10-07_rbk-brann.json
1990-09-30,Brann,Lillestrøm,4-1,Tippeligaen,1990,/1990/09/30/brann-lsk/,69f223ae-a1fe-5979-b580-f55bace525e8,1990-09-30_brann-lsk.json
1990-09-22,Tromsø,Brann,0-1,Tippeligaen,1990,/1990/09/22/tromso-brann/,2c7d3965-a177-508d-969a-f9c279cc45af,1990-09-22_tromso-brann.json
1990-09-15,Fyllingen,Brann,2-0,Cupen,1990,/1990/09/15/fyllingen-brann/,69e17f5f-6b5f-462b-87d3-e46aa5635af1,1990-09-15_fyllingen-brann.json
1990-09-09,Moss,Brann,0-2,Tippeligaen,1990,/1990/09/09/moss-brann/,1d7b3c84-94b3-5cff-aeef-5b41e3769541,1990-09-09_moss-brann.json
1990-09-01,Brann,Viking,2-1,Tippeligaen,1990,/1990/09/01/brann-viking/,e36627b1-b365-5e4d-a3bb-678703ff8b8e,1990-09-01_brann-viking.json
1990-08-26,Molde,Brann,6-2,Tippeligaen,1990,/1990/08/26/molde-brann/,bb11afd2-9d96-5edc-8633-333b7975e473,1990-08-26_molde-brann.json
1990-08-19,Brann,Start,0-0,Tippeligaen,1990,/1990/08/19/brann-start/,de340d04-2127-5b82-a6a2-de1f9ee21893,1990-08-19_brann-start.json
1990-08-15,Brann,Lillestrøm,4-2,Cupen,1990,/1990/08/15/brann-lsk/,c7ab9254-179e-4f3e-bf4c-fa6d02f1efe6,1990-08-15_brann-lsk.json
1990-08-12,Vålerenga,Brann,1-2,Tippeligaen,1990,/1990/08/12/vif-brann/,ac1c5e09-c73d-5c2a-9fd4-c0e7e9743264,1990-08-12_vif-brann.json
1990-08-05,Brann,Fyllingen,2-3,Tippeligaen,1990,/1990/08/05/brann-fyllingen/,a08828ad-85fe-5813-9fa6-815eb69a32c3,1990-08-05_brann-fyllingen.json
1990-07-29,Kongsvinger,Brann,1-1,Tippeligaen,1990,/1990/07/29/kongsvinger-brann/,3a19c4a6-785a-5a08-8340-95b9b75e7650,1990-07-29_kongsvinger-brann.json
1990-07-25,Brann,Lyn,3-2,Cupen,1990,/1990/07/25/brann-lyn/,7831fee1-31be-40bb-b111-fdc4fdeb28d5,1990-07-25_brann-lyn.json
1990-07-22,Brann,Strømsgodset,5-2,Tippeligaen,1990,/1990/07/22/brann-stromsgodset/,1e0ba708-cc32-530e-b446-d05dacb0ba68,1990-07-22_brann-stromsgodset.json
1990-07-15,Brann,Rosenborg,3-1,Tippeligaen,1990,/1990/07/15/brann-rbk/,8f4a6316-e5ec-552c-acd5-4f51b6a7347f,1990-07-15_brann-rbk.json
1990-07-01,Sandnes Ulf,Brann,0-1,Cupen,1990,/1990/07/01/ulf-brann/,3485f42e-10d8-41b2-9f43-191050e2c475,1990-07-01_ulf-brann.json
1990-06-24,Lillestrøm,Brann,1-1,Tippeligaen,1990,/1990/06/24/lsk-brann/,8813bfbb-43e2-5eca-9c9f-f2591199c67f,1990-06-24_lsk-brann.json
1990-06-17,Brann,Tromsø,3-0,Tippeligaen,1990,/1990/06/17/brann-tromso/,4c4b12b4-7524-5ea7-adca-3c540fd1d682,1990-06-17_brann-tromso.json
1990-06-10,Brann,Moss,0-0,Tippeligaen,1990,/1990/06/10/brann-moss/,8543c429-682f-532c-8141-34e94ff737d9,1990-06-10_brann-moss.json
1990-06-04,Viking,Brann,1-2,Tippeligaen,1990,/1990/06/04/viking-brann/,863d9c89-0a64-53f4-8932-f1c834e7b741,1990-06-04_viking-brann.json
1990-05-30,Brann,Klepp,4-0,Cupen,1990,/1990/05/30/brann-klepp/,48ec10b0-ecaf-4a4c-8a17-0ea2e985cc7f,1990-05-30_brann-klepp.json
1990-05-27,Brann,Molde,0-0,Tippeligaen,1990,/1990/05/27/brann-molde/,58d44f1c-da54-595d-97c4-755b979e3ec9,1990-05-27_brann-molde.json
1990-05-24,Bjørnar,Brann,0-3,Cupen,1990,/1990/05/24/bjornar-brann/,d43a4ecb-2432-4e8a-843f-b2632ae0bd07,1990-05-24_bjornar-brann.json
1990-05-20,Start,Brann,3-1,Tippeligaen,1990,/1990/05/20/start-brann/,80064c51-d84e-5655-924b-109edbf552eb,1990-05-20_start-brann.json
1990-05-16,Brann,Vålerenga,1-0,Tippeligaen,1990,/1990/05/16/brann-vif/,fdc65fe1-4461-5c1a-a256-150917f23e1f,1990-05-16_brann-vif.json
1990-05-13,Fyllingen,Brann,0-0,Tippeligaen,1990,/1990/05/13/fyllingen-brann/,4bb29654-afe4-5964-8411-1e65d6426e5c,1990-05-13_fyllingen-brann.json
1990-05-06,Brann,Kongsvinger,1-2,Tippeligaen,1990,/1990/05/06/brann-kongsvinger/,6c70d1c8-5b50-52b0-ac81-a9db52737e18,1990-05-06_brann-kongsvinger.json
1990-04-28,Strømsgodset,Brann,0-1,Tippeligaen,1990,/1990/04/28/stromsgodset-brann/,6c5ef4dc-4684-5f98-b2f8-6b809be6a4e1,1990-04-28_stromsgodset-brann.json
1989-10-08,Lillestrøm,Brann,1-0,1. divisjon,1989,/1989/10/08/lsk-brann/,8669c511-d176-52b5-8f63-7839a025cf2b,1989-10-08_lsk-brann.json
1989-10-01,Brann,Start,0-1,1. divisjon,1989,/1989/10/01/brann-start/,40471e6f-bfc4-5717-819b-35141cc53940,1989-10-01_brann-start.json
1989-09-26,Sampdoria,Brann,1-0,Cupvinnercupen,1989,/1989/09/26/sampdoria-brann/,473a1f52-c145-42fe-8d7e-0d626e757928,1989-09-26_sampdoria-brann.json
1989-09-24,Rosenborg,Brann,4-0,1. divisjon,1989,/1989/09/24/rbk-brann/,ba0a13a0-d484-5b30-a6d0-ab950af18ed0,1989-09-24_rbk-brann.json
1989-09-13,Brann,Sampdoria,0-2,Cupvinnercupen,1989,/1989/09/13/brann-sampdoria/,113f0ecf-0bf2-4325-a7d9-07d8b4701ac6,1989-09-13_brann-sampdoria.json
1989-09-10,Brann,Kongsvinger,0-1,1. divisjon,1989,/1989/09/10/brann-kongsvinger/,d07772f2-5c8c-5f81-88dd-fa11c66a83c5,1989-09-10_brann-kongsvinger.json
1989-08-30,Mjølner,Brann,1-4,1. divisjon,1989,/1989/08/30/mjolner-brann/,2a00ec17-d55e-564b-b625-95e972ac1f87,1989-08-30_mjolner-brann.json
1989-08-27,Brann,Molde,4-1,1. divisjon,1989,/1989/08/27/brann-molde/,377a0a8a-5d1b-5ac0-be0b-b92f49a75b45,1989-08-27_brann-molde.json
1989-08-20,Sogndal,Brann,2-2,1. divisjon,1989,/1989/08/20/sogndal-brann/,83dc61d6-b770-57d8-bbaf-1ac738e05c0e,1989-08-20_sogndal-brann.json
1989-08-13,Brann,Vålerenga,2-0,1. divisjon,1989,/1989/08/13/brann-vif/,63f43fde-9b68-53fb-bb7d-52deda8e3916,1989-08-13_brann-vif.json
1989-08-06,Moss,Brann,4-2,1. divisjon,1989,/1989/08/06/moss-brann/,76d78030-0553-5231-b3ab-b848ee829b22,1989-08-06_moss-brann.json
1989-07-30,Tromsø,Brann,0-0,1. divisjon,1989,/1989/07/30/tromso-brann/,19ed3995-6e4d-5251-83f9-859c578bc1b7,1989-07-30_tromso-brann.json
1989-07-23,Brann,Viking,1-0,1. divisjon,1989,/1989/07/23/brann-viking/,8889f071-225d-5a18-ae3d-dca3409c01c3,1989-07-23_brann-viking.json
1989-07-09,Brann,Lillestrøm,2-0,1. divisjon,1989,/1989/07/09/brann-lsk/,9336953e-57b7-5905-bf20-18622aae9fb0,1989-07-09_brann-lsk.json
1989-07-02,Start,Brann,3-0,1. divisjon,1989,/1989/07/02/start-brann/,fdef5c89-3689-5993-8457-e4c2dc813914,1989-07-02_start-brann.json
1989-06-25,Brann,Rosenborg,0-0,1. divisjon,1989,/1989/06/25/brann-rbk/,b583b737-3fba-5a86-8d35-4d6d2f715587,1989-06-25_brann-rbk.json
1989-06-21,Fana,Brann,3-1,Cupen,1989,/1989/06/21/fana-brann/,882dd80b-1bb5-4bda-9039-17e29d4a233d,1989-06-21_fana-brann.json
1989-06-18,Kongsvinger,Brann,0-1,1. divisjon,1989,/1989/06/18/kongsvinger-brann/,7fcaf109-3ea4-58ce-b644-701794e27744,1989-06-18_kongsvinger-brann.json
1989-06-11,Brann,Mjølner,4-2,1. divisjon,1989,/1989/06/11/brann-mjolner/,754288bf-ce03-5400-94a4-30ccf89350d9,1989-06-11_brann-mjolner.json
1989-06-07,Brann,Ny-Krohnborg,3-0,Cupen,1989,/1989/06/07/brann-ny-krohnborg/,0937e47f-57a4-4d32-b40a-b1adf8b2edce,1989-06-07_brann-ny-krohnborg.json
1989-06-04,Molde,Brann,2-1,1. divisjon,1989,/1989/06/04/molde-brann/,bfe1b83a-939e-5c80-a585-d9ebf4d96511,1989-06-04_molde-brann.json
1989-05-28,Brann,Sogndal,1-0,1. divisjon,1989,/1989/05/28/brann-sogndal/,e2f356f2-a8a7-5511-bac0-5e7583668fc9,1989-05-28_brann-sogndal.json
1989-05-25,Vålerenga,Brann,2-0,1. divisjon,1989,/1989/05/25/vif-brann/,c693b9cb-b85d-5684-83b6-c50c1f90fac2,1989-05-25_vif-brann.json
1989-05-16,Brann,Moss,2-0,1. divisjon,1989,/1989/05/16/brann-moss/,726d1216-9423-571f-8be1-b8302fa755b5,1989-05-16_brann-moss.json
1989-05-07,Brann,Tromsø,0-3,1. divisjon,1989,/1989/05/07/brann-tromso/,0de728b5-083c-51a9-93f7-a6df2053444d,1989-05-07_brann-tromso.json
1989-04-30,Viking,Brann,4-2,1. divisjon,1989,/1989/04/30/viking-brann/,51fe871f-922d-5cf2-9d8c-df0e46090708,1989-04-30_viking-brann.json
1988-10-30,Rosenborg,Brann,2-0,Cupen,1988,/1988/10/30/rbk-brann/,32050f59-6aea-46eb-8087-63cfd695d296,1988-10-30_rbk-brann.json
1988-10-23,Brann,Rosenborg,2-2,Cupen,1988,/1988/10/23/brann-rbk/,7f57b74d-57e5-468f-abd5-4b55a8d30108,1988-10-23_brann-rbk.json
1988-10-09,Brann,Strømmen,1-0,1. divisjon,1988,/1988/10/09/brann-strommen/,20dfbf65-cca0-50d5-99aa-329d96dd38f4,1988-10-09_brann-strommen.json
1988-10-02,Moss,Brann,2-1,1. divisjon,1988,/1988/10/02/moss-brann/,64a93780-dcbb-5844-9d71-8a474318faf0,1988-10-02_moss-brann.json
1988-09-25,Brann,Tromsø,1-0,1. divisjon,1988,/1988/09/25/brann-tromso/,a219c740-9362-59fb-b636-2d3b1b7a5524,1988-09-25_brann-tromso.json
1988-09-17,Moss,Brann,0-1,Cupen,1988,/1988/09/17/moss-brann/,0eb2fe79-5fc3-4d0a-a987-12bb1e3cb709,1988-09-17_moss-brann.json
1988-09-11,Djerv 1919,Brann,0-1,1. divisjon,1988,/1988/09/11/djerv-1919-brann/,1cb3ac96-3086-5c67-b834-ed101dc28ac7,1988-09-11_djerv-1919-brann.json
1988-09-04,Brann,Rosenborg,0-4,1. divisjon,1988,/1988/09/04/brann-rbk/,36ff3d4e-6098-5b1c-926b-ac588f03c72d,1988-09-04_brann-rbk.json
1988-08-28,Lillestrøm,Brann,4-1,1. divisjon,1988,/1988/08/28/lsk-brann/,5c1ce30a-ce37-555c-bf4a-9d404f3fb4cd,1988-08-28_lsk-brann.json
1988-08-24,Brann,Råde,1-0,Cupen,1988,/1988/08/24/brann-rade/,f5cacee5-1bd5-4e54-b7f7-4c02b98eab68,1988-08-24_brann-rade.json
1988-08-21,Brann,Bryne,1-0,1. divisjon,1988,/1988/08/21/brann-bryne/,5eca9495-c2a2-5ee2-8fb1-c8e4c489f017,1988-08-21_brann-bryne.json
1988-08-14,Brann,Sogndal,1-0,1. divisjon,1988,/1988/08/14/brann-sogndal/,71a439c9-96b1-5fad-8654-679c4c8b0241,1988-08-14_brann-sogndal.json
1988-08-07,Molde,Brann,2-0,1. divisjon,1988,/1988/08/07/molde-brann/,cb07d8a8-9ef4-5bc2-978f-cc30f6fb54c5,1988-08-07_molde-brann.json
1988-08-03,Brann,Strindheim,2-0,Cupen,1988,/1988/08/03/brann-strindheim/,d49564d0-07bf-4974-95c9-5c8079e57139,1988-08-03_brann-strindheim.json
1988-07-31,Brann,Kongsvinger,1-2,1. divisjon,1988,/1988/07/31/brann-kongsvinger/,62451f34-2323-5a90-b17d-d45fee3ea4ef,1988-07-31_brann-kongsvinger.json
1988-07-24,Vålerenga,Brann,1-1,1. divisjon,1988,/1988/07/24/vif-brann/,5228f834-9fa5-59db-a907-8da94ee38dd6,1988-07-24_vif-brann.json
1988-07-10,Strømmen,Brann,2-0,1. divisjon,1988,/1988/07/10/strommen-brann/,42ecd3d0-0357-5a09-a7ee-ab97b255e661,1988-07-10_strommen-brann.json
1988-07-06,Vard,Brann,0-5,Cupen,1988,/1988/07/06/vard-brann/,af268f78-c6b3-4401-9ad5-4687eb1f26ed,1988-07-06_vard-brann.json
1988-07-03,Brann,Moss,0-0,1. divisjon,1988,/1988/07/03/brann-moss/,a9120114-301d-519a-953b-061029894151,1988-07-03_brann-moss.json
1988-06-26,Tromsø,Brann,2-0,1. divisjon,1988,/1988/06/26/tromso-brann/,13b43338-89b8-51d9-a8ab-f9338cf3d326,1988-06-26_tromso-brann.json
1988-06-19,Brann,Djerv 1919,1-1,1. divisjon,1988,/1988/06/19/brann-djerv-1919/,516c6f7f-38e9-5ac0-b4ed-256106d88132,1988-06-19_brann-djerv-1919.json
1988-06-12,Brann,Varegg,9-1,Cupen,1988,/1988/06/12/brann-varegg/,67b82801-4990-4a5f-a051-1e5ccd404f8d,1988-06-12_brann-varegg.json
1988-06-05,Rosenborg,Brann,1-1,1. divisjon,1988,/1988/06/05/rbk-brann/,ad5a5aeb-4619-51a5-b089-038ddc6f4876,1988-06-05_rbk-brann.json
1988-05-30,Brann,Lillestrøm,1-0,1. divisjon,1988,/1988/05/30/brann-lsk/,9971fa20-0249-50e0-a500-0b24d6146d88,1988-05-30_brann-lsk.json
1988-05-23,Bryne,Brann,0-2,1. divisjon,1988,/1988/05/23/bryne-brann/,1d3dce83-44c3-51b2-97d0-e79fd518db39,1988-05-23_bryne-brann.json
1988-05-18,Voss,Brann,0-3,Cupen,1988,/1988/05/18/voss-brann/,6d9d2f75-e151-4cc7-a695-b5c0e1b577f1,1988-05-18_voss-brann.json
1988-05-16,Brann,Molde,1-4,1. divisjon,1988,/1988/05/16/brann-molde/,e990912e-0171-5f54-bda6-e608d9fa778b,1988-05-16_brann-molde.json
1988-05-12,Sogndal,Brann,2-0,1. divisjon,1988,/1988/05/12/sogndal-brann/,3f8e04a3-ff26-51d9-bdce-9c0c849cef6d,1988-05-12_sogndal-brann.json
1988-05-08,Kongsvinger,Brann,1-0,1. divisjon,1988,/1988/05/08/kongsvinger-brann/,a78ef5f9-02b6-5992-9f6c-175482e51412,1988-05-08_kongsvinger-brann.json
1988-05-01,Brann,Vålerenga,1-2,1. divisjon,1988,/1988/05/01/brann-vif/,ca0b756e-b87e-5952-9836-ed32e96626f1,1988-05-01_brann-vif.json
1987-10-25,Bryne,Brann,1-0,Cupen,1987,/1987/10/25/bryne-brann/,a825818b-a7e8-4499-a493-d4e886178d29,1987-10-25_bryne-brann.json
1987-10-10,Brann,Tromsø,5-0,1. divisjon,1987,/1987/10/10/brann-tromso/,25196462-ad06-5f90-bc2e-0ccaaa9beafd,1987-10-10_brann-tromso.json
1987-10-03,Moss,Brann,3-2,1. divisjon,1987,/1987/10/03/moss-brann/,496953b7-032e-5d55-b55f-0125117f6eba,1987-10-03_moss-brann.json
1987-09-26,Molde,Brann,2-1,1. divisjon,1987,/1987/09/26/molde-brann/,0a360411-549b-5294-a7ff-04264607170e,1987-09-26_molde-brann.json
1987-09-19,Brann,HamKam,2-1,Cupen,1987,/1987/09/19/brann-hamkam/,ec3b6822-6dca-41f7-a89c-ddb6d7d8e9be,1987-09-19_brann-hamkam.json
1987-09-12,HamKam,Brann,4-1,1. divisjon,1987,/1987/09/12/hamkam-brann/,022af4c2-4824-5eab-8ee4-7f04332a26e6,1987-09-12_hamkam-brann.json
1987-09-05,Brann,Bryne,1-3,1. divisjon,1987,/1987/09/05/brann-bryne/,85be177c-cf48-5c84-aad7-81000483cb84,1987-09-05_brann-bryne.json
1987-09-02,Brann,Mjøndalen,1-1,1. divisjon,1987,/1987/09/02/brann-mjondalen/,9c920288-1605-57b4-96b0-5c98850c0234,1987-09-02_brann-mjondalen.json
1987-08-29,Rosenborg,Brann,0-0,1. divisjon,1987,/1987/08/29/rbk-brann/,c20da718-261c-5150-8bd2-a93ecaab3f36,1987-08-29_rbk-brann.json
1987-08-22,Brann,Start,1-0,1. divisjon,1987,/1987/08/22/brann-start/,7e364ce3-3e9d-5a70-b398-dfa352eacf7a,1987-08-22_brann-start.json
1987-08-19,Strømmen,Brann,3-1,Cupen,1987,/1987/08/19/strommen-brann/,fdaa5ce0-694f-4650-ba9d-cd0ecede1146,1987-08-19_strommen-brann.json
1987-08-15,Vålerenga,Brann,0-2,1. divisjon,1987,/1987/08/15/vif-brann/,98a54bb8-0bdb-572d-bf45-5caf8e91477f,1987-08-15_vif-brann.json
1987-08-08,Brann,Lillestrøm,0-1,1. divisjon,1987,/1987/08/08/brann-lsk/,7e56f4c8-7f4f-5511-95d5-2353f230fbed,1987-08-08_brann-lsk.json
1987-08-02,Brann,Strindheim,3-1,Cupen,1987,/1987/08/02/brann-strindheim/,df8685ba-29f7-41b2-a913-007050f40c94,1987-08-02_brann-strindheim.json
1987-07-18,Kongsvinger,Brann,2-0,1. divisjon,1987,/1987/07/18/kongsvinger-brann/,2ea41bd0-b2f8-5001-9dd0-e877fc2cf033,1987-07-18_kongsvinger-brann.json
1987-07-11,Tromsø,Brann,1-1,1. divisjon,1987,/1987/07/11/tromso-brann/,a1af9ed8-73f6-58b2-9c68-809bbad4d093,1987-07-11_tromso-brann.json
1987-07-08,Randaberg,Brann,0-1,Cupen,1987,/1987/07/08/randaberg-brann/,6a21a0c8-965d-47b7-a0e3-8a16123a7514,1987-07-08_randaberg-brann.json
1987-07-04,Brann,Moss,3-1,1. divisjon,1987,/1987/07/04/brann-moss/,de09286e-eb00-5181-90bc-31f26315e3c5,1987-07-04_brann-moss.json
1987-06-27,Brann,Molde,0-2,1. divisjon,1987,/1987/06/27/brann-molde/,90aa612e-8465-55ba-9edd-a2166029d502,1987-06-27_brann-molde.json
1987-06-24,Brann,Fyllingen,4-0,Cupen,1987,/1987/06/24/brann-fyllingen/,3d58e273-5d91-4ae7-92f3-f9cc30c5e2b3,1987-06-24_brann-fyllingen.json
1987-06-20,Mjøndalen,Brann,2-0,1. divisjon,1987,/1987/06/20/mjondalen-brann/,63aa08c3-1f09-5221-a2d4-48464b40290e,1987-06-20_mjondalen-brann.json
1987-06-13,Brann,HamKam,0-0,1. divisjon,1987,/1987/06/13/brann-hamkam/,b0705466-7dad-5d7b-b489-fbbf2fa0d10f,1987-06-13_brann-hamkam.json
1987-06-08,Bryne,Brann,1-2,1. divisjon,1987,/1987/06/08/bryne-brann/,e097b370-84b4-5492-ab1e-209e2f476f90,1987-06-08_bryne-brann.json
1987-05-31,Fana,Brann,0-1,Cupen,1987,/1987/05/31/fana-brann/,8ddbdece-f612-4de0-a968-f16706884820,1987-05-31_fana-brann.json
1987-05-23,Brann,Rosenborg,1-1,1. divisjon,1987,/1987/05/23/brann-rbk/,8271e329-4199-545d-9eca-f5bdf9b14d0f,1987-05-23_brann-rbk.json
1987-05-20,Start,Brann,3-1,1. divisjon,1987,/1987/05/20/start-brann/,d435aba7-79b8-56c6-84dd-4f2e3302d730,1987-05-20_start-brann.json
1987-05-16,Brann,Vålerenga,1-0,1. divisjon,1987,/1987/05/16/brann-vif/,e23b9cc4-7bab-56ab-81c9-11d87f73124d,1987-05-16_brann-vif.json
1987-05-09,Lillestrøm,Brann,0-0,1. divisjon,1987,/1987/05/09/lsk-brann/,dbda6a9a-ab8b-5569-83ae-fe3c88f447cc,1987-05-09_lsk-brann.json
1987-05-02,Brann,Kongsvinger,2-1,1. divisjon,1987,/1987/05/02/brann-kongsvinger/,04d1d174-1653-5ca8-8d50-5353c72f24bf,1987-05-02_brann-kongsvinger.json
1986-10-12,Brann,Vidar,1-2,"2. divisjon, avd. B",1986,/1986/10/12/brann-vidar/,8311e69a-c5b1-42c5-8452-ecb9c8fed912,1986-10-12_brann-vidar.json
1986-10-05,Vard,Brann,1-4,"2. divisjon, avd. B",1986,/1986/10/05/vard-brann/,6e166451-33b0-4395-b634-0ec323980f7c,1986-10-05_vard-brann.json
1986-09-28,Brann,Hødd,2-0,"2. divisjon, avd. B",1986,/1986/09/28/brann-hodd/,3f53b344-478a-4746-89a6-9e85443eb521,1986-09-28_brann-hodd.json
1986-09-21,Steinkjer,Brann,0-4,"2. divisjon, avd. B",1986,/1986/09/21/steinkjer-brann/,037bc3a5-b803-4257-b4b2-2ab4cfef161f,1986-09-21_steinkjer-brann.json
1986-09-15,Brann,Aalesund,2-0,"2. divisjon, avd. B",1986,/1986/09/15/brann-aalesund/,988ad143-5eff-4838-bb68-45f6b9b62966,1986-09-15_brann-aalesund.json
1986-09-07,Grand Bodø,Brann,0-3,"2. divisjon, avd. B",1986,/1986/09/07/grand-bodo-brann/,2a32b80d-8566-4636-b85f-974edc7f5f78,1986-09-07_grand-bodo-brann.json
1986-08-31,Brann,Mo,5-0,"2. divisjon, avd. B",1986,/1986/08/31/brann-mo/,06eafc5a-e04c-4cec-87a3-41e80580c3dc,1986-08-31_brann-mo.json
1986-08-24,Djerv 1919,Brann,4-0,"2. divisjon, avd. B",1986,/1986/08/24/djerv-1919-brann/,ab2a29cd-a2a0-4be1-b93d-271f46c42018,1986-08-24_djerv-1919-brann.json
1986-08-17,Brann,Sunndal,3-0,"2. divisjon, avd. B",1986,/1986/08/17/brann-sunndal/,d50f4846-c4bc-4627-aea7-efc0d64a9050,1986-08-17_brann-sunndal.json
1986-08-11,Brann,Namsos,1-0,"2. divisjon, avd. B",1986,/1986/08/11/brann-namsos/,eae3b480-2b15-4944-aaa1-76a58a391014,1986-08-11_brann-namsos.json
1986-08-03,Mjølner,Brann,0-0,"2. divisjon, avd. B",1986,/1986/08/03/mjolner-brann/,9c857c21-0a9a-4c4f-a5b7-60bf7779169a,1986-08-03_mjolner-brann.json
1986-07-01,Djerv 1919,Brann,1-0,Cupen,1986,/1986/07/01/djerv-1919-brann/,2e6b19e4-0161-49be-86e2-a7e5e96bf428,1986-07-01_djerv-1919-brann.json
1986-06-28,Vidar,Brann,1-1,"2. divisjon, avd. B",1986,/1986/06/28/vidar-brann/,59b61144-af37-40c1-836e-6b11e1578fd5,1986-06-28_vidar-brann.json
1986-06-25,Brann,Kjelsås,3-1,Cupen,1986,/1986/06/25/brann-kjelsas/,cd55af2e-66a8-4725-830a-fed3defd86fc,1986-06-25_brann-kjelsas.json
1986-06-22,Brann,Vard,2-2,"2. divisjon, avd. B",1986,/1986/06/22/brann-vard/,b150547f-1c6e-458a-98a0-10ff0c1dc69a,1986-06-22_brann-vard.json
1986-06-15,Hødd,Brann,1-2,"2. divisjon, avd. B",1986,/1986/06/15/hodd-brann/,51e5f201-93af-4710-9841-3cfbc3cb26c0,1986-06-15_hodd-brann.json
1986-06-11,Sandviken,Brann,0-2,Cupen,1986,/1986/06/11/sandviken-brann/,179d51f7-fc71-4cb7-8269-021ac7e3832f,1986-06-11_sandviken-brann.json
1986-06-09,Brann,Steinkjer,3-0,"2. divisjon, avd. B",1986,/1986/06/09/brann-steinkjer/,dd3ce1a3-f713-46f0-94e3-ee82d3a62a13,1986-06-09_brann-steinkjer.json
1986-06-01,Aalesund,Brann,0-1,"2. divisjon, avd. B",1986,/1986/06/01/aalesund-brann/,c835ff8c-4cbd-4b24-beaa-18a7a47502a5,1986-06-01_aalesund-brann.json
1986-05-26,Brann,Grand Bodø,2-1,"2. divisjon, avd. B",1986,/1986/05/26/brann-grand-bodo/,25df53e0-305a-4543-b648-d31bb9fd0dd1,1986-05-26_brann-grand-bodo.json
1986-05-19,Mo,Brann,0-3,"2. divisjon, avd. B",1986,/1986/05/19/mo-brann/,bc79f70b-3d9e-4fa7-ba81-0e0af6edca65,1986-05-19_mo-brann.json
1986-05-11,Brann,Djerv 1919,0-0,"2. divisjon, avd. B",1986,/1986/05/11/brann-djerv-1919/,a5e7b0d3-8487-4f2f-9f5f-0258cb1fdf49,1986-05-11_brann-djerv-1919.json
1986-05-08,Sunndal,Brann,0-0,"2. divisjon, avd. B",1986,/1986/05/08/sunndal-brann/,321df7df-c967-42aa-aca1-9ce6e34f9962,1986-05-08_sunndal-brann.json
1986-05-03,Namsos,Brann,0-3,"2. divisjon, avd. B",1986,/1986/05/03/namsos-brann/,69e845a8-9789-414e-a437-c3837040cb6b,1986-05-03_namsos-brann.json
1986-04-27,Brann,Mjølner,2-0,"2. divisjon, avd. B",1986,/1986/04/27/brann-mjolner/,025d5727-6632-4c92-8644-8e9fdffda118,1986-04-27_brann-mjolner.json
1985-10-12,Brann,Mjøndalen,1-3,1. divisjon,1985,/1985/10/12/brann-mjondalen/,5773ac56-e6ef-5d2f-9aca-2959f9fe057a,1985-10-12_brann-mjondalen.json
1985-10-06,Lillestrøm,Brann,4-2,1. divisjon,1985,/1985/10/06/lsk-brann/,c6a51a9f-d690-5c19-8f3b-92d9c02615bb,1985-10-06_lsk-brann.json
1985-09-29,Brann,Viking,4-1,1. divisjon,1985,/1985/09/29/brann-viking/,e72ef51c-e1f9-5325-9323-873dd2e63fb4,1985-09-29_brann-viking.json
1985-09-15,Eik,Brann,1-2,1. divisjon,1985,/1985/09/15/eik-brann/,2f036a99-c1d8-5b9e-840c-34471cef07e9,1985-09-15_eik-brann.json
1985-09-08,Brann,Moss,1-0,1. divisjon,1985,/1985/09/08/brann-moss/,3134f9af-6b5b-5057-9294-bfc8cd743f7f,1985-09-08_brann-moss.json
1985-09-01,Molde,Brann,2-1,1. divisjon,1985,/1985/09/01/molde-brann/,b074bb15-c94b-5d81-92e4-927c20a7ed9f,1985-09-01_molde-brann.json
1985-08-28,Brann,Bryne,2-1,1. divisjon,1985,/1985/08/28/brann-bryne/,4ee6cd2b-f969-5452-983b-c54d78fc18cb,1985-08-28_brann-bryne.json
1985-08-25,Start,Brann,3-2,1. divisjon,1985,/1985/08/25/start-brann/,860cff91-5c88-5160-9e19-287ba7080185,1985-08-25_start-brann.json
1985-08-19,Brann,Rosenborg,0-1,1. divisjon,1985,/1985/08/19/brann-rbk/,2fbd2ab7-aec9-548d-9d8c-d11bd3bd7766,1985-08-19_brann-rbk.json
1985-08-11,Brann,Kongsvinger,0-1,1. divisjon,1985,/1985/08/11/brann-kongsvinger/,428a55ab-00aa-51e1-93d7-3737c08804dc,1985-08-11_brann-kongsvinger.json
1985-08-07,Vålerenga,Brann,6-0,1. divisjon,1985,/1985/08/07/vif-brann/,0926b758-c1f9-5088-b056-afc1fc257291,1985-08-07_vif-brann.json
1985-07-31,Strindheim,Brann,2-0,Cupen,1985,/1985/07/31/strindheim-brann/,d0e99ffa-2b14-4a5b-ac29-180c95a7ce6e,1985-07-31_strindheim-brann.json
1985-06-30,Mjøndalen,Brann,3-3,1. divisjon,1985,/1985/06/30/mjondalen-brann/,afb74666-a033-5f15-9744-d55891d8e2a0,1985-06-30_mjondalen-brann.json
1985-06-26,Sola,Brann,0-1,Cupen,1985,/1985/06/26/sola-brann/,7ecc68e8-f357-46e4-a69c-8e2f278ab598,1985-06-26_sola-brann.json
1985-06-24,Brann,Lillestrøm,0-1,1. divisjon,1985,/1985/06/24/brann-lsk/,0d0b3aae-1020-50cc-861f-c4132aa0e3a3,1985-06-24_brann-lsk.json
1985-06-17,Viking,Brann,1-0,1. divisjon,1985,/1985/06/17/viking-brann/,322d1fbd-a2be-52b2-95c4-6c0a265eca39,1985-06-17_viking-brann.json
1985-06-12,Brann,Varegg,4-0,Cupen,1985,/1985/06/12/brann-varegg/,5ab7484c-92c9-419a-80a7-a4155cca7fb2,1985-06-12_brann-varegg.json
1985-06-10,Brann,Eik,3-0,1. divisjon,1985,/1985/06/10/brann-eik/,96020038-981c-5f62-80f6-902f7bf49ff0,1985-06-10_brann-eik.json
1985-06-02,Moss,Brann,1-2,1. divisjon,1985,/1985/06/02/moss-brann/,d541831e-d191-51da-9d61-97e6187ad12a,1985-06-02_moss-brann.json
1985-05-30,Åsane,Brann,1-2,Cupen,1985,/1985/05/30/asane-brann/,efd3e6cf-fae3-4227-9669-5c6211ea27e5,1985-05-30_asane-brann.json
1985-05-27,Brann,Molde,0-0,1. divisjon,1985,/1985/05/27/brann-molde/,25bd9eb4-6ef0-52ed-8e36-a2fef345ad1b,1985-05-27_brann-molde.json
1985-05-19,Bryne,Brann,0-1,1. divisjon,1985,/1985/05/19/bryne-brann/,d908ede7-c779-57e8-bdc7-65230a52b5b6,1985-05-19_bryne-brann.json
1985-05-16,Brann,Start,1-4,1. divisjon,1985,/1985/05/16/brann-start/,a02c0147-5a00-5418-b223-97173673b4b2,1985-05-16_brann-start.json
1985-05-13,Rosenborg,Brann,4-0,1. divisjon,1985,/1985/05/13/rbk-brann/,f57da921-8b3c-580e-9bfa-69435c2b3326,1985-05-13_rbk-brann.json
1985-05-05,Kongsvinger,Brann,0-0,1. divisjon,1985,/1985/05/05/kongsvinger-brann/,9bded3e5-d3e1-567e-8d63-79d3539a50db,1985-05-05_kongsvinger-brann.json
1985-04-27,Brann,Vålerenga,3-0,1. divisjon,1985,/1985/04/27/brann-vif/,74a67163-2d6a-5775-b304-dbbfebd8134f,1985-04-27_brann-vif.json
1984-10-07,Sunndal,Brann,3-2,"2. divisjon, avd. B",1984,/1984/10/07/sunndal-brann/,d6a33356-6bff-485f-981d-0c9b84a426f3,1984-10-07_sunndal-brann.json
1984-09-30,Brann,Varegg,5-1,"2. divisjon, avd. B",1984,/1984/09/30/brann-varegg/,f0f919b0-a355-473d-b475-62b87bcb6ab0,1984-09-30_brann-varegg.json
1984-09-23,Brann,Fredrikstad,2-4,Cupen,1984,/1984/09/23/brann-fredrikstad/,87bcea97-3cb7-40d1-98e2-8651e3452a55,1984-09-23_brann-fredrikstad.json
1984-09-19,Hødd,Brann,1-1,"2. divisjon, avd. B",1984,/1984/09/19/hodd-brann/,2511624c-86c9-43fc-bccf-b5f01d20c9ee,1984-09-19_hodd-brann.json
1984-09-16,Brann,Harstad,5-1,"2. divisjon, avd. B",1984,/1984/09/16/brann-harstad/,c81d4c3a-d3af-43f9-8112-07ec5adc9a42,1984-09-16_brann-harstad.json
1984-09-09,Nessegutten,Brann,1-4,"2. divisjon, avd. B",1984,/1984/09/09/nessegutten-brann/,7ea8d16a-2d7f-464a-a8d7-6dc9bb39bfc1,1984-09-09_nessegutten-brann.json
1984-09-05,Brann,Lillestrøm,1-0,Cupen,1984,/1984/09/05/brann-lsk/,b87e0eb8-7a51-438c-b5d7-3012a1ea08ce,1984-09-05_brann-lsk.json
1984-09-02,Brann,Haugar,2-0,"2. divisjon, avd. B",1984,/1984/09/02/brann-haugar/,78327253-18d4-4172-84e7-1be6a10d7210,1984-09-02_brann-haugar.json
1984-08-26,Tromsø,Brann,2-3,"2. divisjon, avd. B",1984,/1984/08/26/tromso-brann/,73cb285f-b8b4-45bc-84b0-301c8cfd50a9,1984-08-26_tromso-brann.json
1984-08-19,Vidar,Brann,1-2,"2. divisjon, avd. B",1984,/1984/08/19/vidar-brann/,d96c4f9b-a382-4591-9b7d-bc3288ce7082,1984-08-19_vidar-brann.json
1984-08-15,Brann,Mjølner,1-1,"2. divisjon, avd. B",1984,/1984/08/15/brann-mjolner/,cec0ffcc-799b-47b3-aa11-33e40df49557,1984-08-15_brann-mjolner.json
1984-08-12,Mo,Brann,0-3,"2. divisjon, avd. B",1984,/1984/08/12/mo-brann/,5e8fd428-1bf8-4611-aa5a-930f7d09cda0,1984-08-12_mo-brann.json
1984-08-06,Brann,Steinkjer,0-2,"2. divisjon, avd. B",1984,/1984/08/06/brann-steinkjer/,285a405d-9d17-42ad-ba0b-73c1aa8b7284,1984-08-06_brann-steinkjer.json
1984-08-01,Mjølner,Brann,0-3,Cupen,1984,/1984/08/01/mjolner-brann/,c793a189-62ad-4a7f-90af-4357ac37399a,1984-08-01_mjolner-brann.json
1984-07-01,Brann,Sunndal,6-3,"2. divisjon, avd. B",1984,/1984/07/01/brann-sunndal/,d98dfbfe-d470-43b3-a4d9-2c486fdc901d,1984-07-01_brann-sunndal.json
1984-06-28,Brann,Sogndal,6-3,Cupen,1984,/1984/06/28/brann-sogndal/,ad57ed66-8727-4a61-963f-e97c5b09b1fd,1984-06-28_brann-sogndal.json
1984-06-25,Varegg,Brann,1-3,"2. divisjon, avd. B",1984,/1984/06/25/varegg-brann/,ea923c06-2fcd-47ed-91d9-2fa9c0120100,1984-06-25_varegg-brann.json
1984-06-17,Brann,Hødd,2-1,"2. divisjon, avd. B",1984,/1984/06/17/brann-hodd/,ad6554e9-7a49-46d5-a3cb-cebd72d214d6,1984-06-17_brann-hodd.json
1984-06-14,Førde,Brann,2-4,Cupen,1984,/1984/06/14/forde-brann/,a3d35622-19ca-476f-9cc6-a2e2a655f90e,1984-06-14_forde-brann.json
1984-06-11,Harstad,Brann,0-5,"2. divisjon, avd. B",1984,/1984/06/11/harstad-brann/,39f662c1-093b-4012-b04a-12b5b42fbcee,1984-06-11_harstad-brann.json
1984-06-04,Brann,Nessegutten,5-1,"2. divisjon, avd. B",1984,/1984/06/04/brann-nessegutten/,03afa1ef-114c-4049-bfdd-7f4260846734,1984-06-04_brann-nessegutten.json
1984-05-31,Brann,Florvåg,5-0,Cupen,1984,/1984/05/31/brann-florvag/,30f197cb-2b69-4f21-829a-81604a189525,1984-05-31_brann-florvag.json
1984-05-27,Haugar,Brann,2-1,"2. divisjon, avd. B",1984,/1984/05/27/haugar-brann/,16d15f2f-1b76-4679-99ea-267c26bbeb4e,1984-05-27_haugar-brann.json
1984-05-20,Brann,Tromsø,5-0,"2. divisjon, avd. B",1984,/1984/05/20/brann-tromso/,384d8a93-f32e-4da5-82de-6a2193d2bb8a,1984-05-20_brann-tromso.json
1984-05-16,Brann,Vidar,1-1,"2. divisjon, avd. B",1984,/1984/05/16/brann-vidar/,1ee9ac5c-2509-4273-9ad9-07d10da27ef9,1984-05-16_brann-vidar.json
1984-05-13,Mjølner,Brann,1-3,"2. divisjon, avd. B",1984,/1984/05/13/mjolner-brann/,9d6ad157-70d7-4689-93c7-75c0d71fe8e2,1984-05-13_mjolner-brann.json
1984-05-07,Brann,Mo,2-2,"2. divisjon, avd. B",1984,/1984/05/07/brann-mo/,a71f701f-24e9-4053-89e7-750ab2879e72,1984-05-07_brann-mo.json
1984-04-29,Steinkjer,Brann,3-0,"2. divisjon, avd. B",1984,/1984/04/29/steinkjer-brann/,c7ee48a4-4039-44d7-83f7-1186446a13f9,1984-04-29_steinkjer-brann.json
1983-10-23,Brann,Pors,1-1,Kvalifisering,1983,/1983/10/23/brann-pors/,96d11ec3-8605-4a48-aa5b-f46bda59f82d,1983-10-23_brann-pors.json
1983-10-16,Strindheim,Brann,0-0,Kvalifisering,1983,/1983/10/16/strindheim-brann/,a4374223-346f-4015-80e5-2f0bacb29aee,1983-10-16_strindheim-brann.json
1983-10-09,Brann,Viking,9-2,1. divisjon,1983,/1983/10/09/brann-viking/,077bfe53-81bd-5108-9b60-5e0cafc03441,1983-10-09_brann-viking.json
1983-10-02,Rosenborg,Brann,3-1,1. divisjon,1983,/1983/10/02/rbk-brann/,bfe09767-da7a-5e04-8d3d-3a8fca79fd1f,1983-10-02_rbk-brann.json
1983-09-28,Brann,NEC Nijmegen,0-1,Cupvinnercupen,1983,/1983/09/28/brann-nec-nijmegen/,368d68d9-16cd-439b-afed-1f545dc702ef,1983-09-28_brann-nec-nijmegen.json
1983-09-25,Brann,Kongsvinger,2-0,1. divisjon,1983,/1983/09/25/brann-kongsvinger/,02d9902c-d690-5317-a417-dba397e4b30a,1983-09-25_brann-kongsvinger.json
1983-09-14,NEC Nijmegen,Brann,1-1,Cupvinnercupen,1983,/1983/09/14/nec-nijmegen-brann/,a52001c2-ed3d-4764-a4fb-62bc4b8ee152,1983-09-14_nec-nijmegen-brann.json
1983-09-11,Vålerenga,Brann,2-4,1. divisjon,1983,/1983/09/11/vif-brann/,c2b39ef1-4da9-5e95-98e1-171931aae379,1983-09-11_vif-brann.json
1983-09-04,Brann,Moss,0-2,1. divisjon,1983,/1983/09/04/brann-moss/,cb943052-8e08-5f1f-bdb0-74fbe1e5ffd2,1983-09-04_brann-moss.json
1983-08-29,Brann,Lillestrøm,4-0,1. divisjon,1983,/1983/08/29/brann-lsk/,b1ecf7a8-0a92-59e0-afac-3fde92244916,1983-08-29_brann-lsk.json
1983-08-21,Bryne,Brann,0-2,1. divisjon,1983,/1983/08/21/bryne-brann/,1355a5e9-03ff-5120-9722-6147f08f0cbb,1983-08-21_bryne-brann.json
1983-08-14,Brann,Eik,0-0,1. divisjon,1983,/1983/08/14/brann-eik/,bacb4e91-018d-5b83-9be1-6369f27de9bc,1983-08-14_brann-eik.json
1983-08-07,HamKam,Brann,2-0,1. divisjon,1983,/1983/08/07/hamkam-brann/,b9298593-f5fe-5c0f-8fb6-ab5666a5d45d,1983-08-07_hamkam-brann.json
1983-08-03,Brann,Mjøndalen,1-0,1. divisjon,1983,/1983/08/03/brann-mjondalen/,076a38bb-8eee-5cc5-88e5-13894e04c806,1983-08-03_brann-mjondalen.json
1983-07-31,Start,Brann,1-0,1. divisjon,1983,/1983/07/31/start-brann/,8079d22c-f7bc-57ef-8324-c65737c55116,1983-07-31_start-brann.json
1983-06-27,Viking,Brann,2-0,1. divisjon,1983,/1983/06/27/viking-brann/,373fb5ff-4724-58cd-945f-308cc7178923,1983-06-27_viking-brann.json
1983-06-22,Brann,Vidar,2-4,Cupen,1983,/1983/06/22/brann-vidar/,d6a105c2-1801-41a7-bd8f-f5eda27a997f,1983-06-22_brann-vidar.json
1983-06-19,Brann,Rosenborg,0-0,1. divisjon,1983,/1983/06/19/brann-rbk/,a52bb028-29a9-5e2a-9f4f-b71e06836233,1983-06-19_brann-rbk.json
1983-06-12,Kongsvinger,Brann,5-1,1. divisjon,1983,/1983/06/12/kongsvinger-brann/,13920fd9-7491-5bba-bee2-7e3ced28d3d5,1983-06-12_kongsvinger-brann.json
1983-06-09,Ny-Krohnborg,Brann,1-2,Cupen,1983,/1983/06/09/ny-krohnborg-brann/,33630679-20f3-4491-9b47-55287eca2ba1,1983-06-09_ny-krohnborg-brann.json
1983-06-05,Brann,Vålerenga,1-1,1. divisjon,1983,/1983/06/05/brann-vif/,91a16299-a46f-51cd-9ba9-e8a98ceff3b2,1983-06-05_brann-vif.json
1983-05-29,Moss,Brann,1-1,1. divisjon,1983,/1983/05/29/moss-brann/,3bf9817f-1d7c-59f3-8081-2db314fd7574,1983-05-29_moss-brann.json
1983-05-26,Brann,Fyllingen,3-0,Cupen,1983,/1983/05/26/brann-fyllingen/,7f39ffe2-c20d-4846-9776-082c2024ea2b,1983-05-26_brann-fyllingen.json
1983-05-23,Lillestrøm,Brann,3-1,1. divisjon,1983,/1983/05/23/lsk-brann/,f518472e-9ca0-55ad-9de2-7e9257fceef8,1983-05-23_lsk-brann.json
1983-05-16,Brann,Bryne,0-0,1. divisjon,1983,/1983/05/16/brann-bryne/,eedef4be-ee59-5a2c-82ce-1c93f5346a52,1983-05-16_brann-bryne.json
1983-05-12,Eik,Brann,2-2,1. divisjon,1983,/1983/05/12/eik-brann/,4024092f-f35f-5a08-8682-d3d500e6b07e,1983-05-12_eik-brann.json
1983-05-09,Brann,HamKam,2-1,1. divisjon,1983,/1983/05/09/brann-hamkam/,887808a9-cd8d-5d3f-b396-896229b3b5f9,1983-05-09_brann-hamkam.json
1983-05-01,Mjøndalen,Brann,3-0,1. divisjon,1983,/1983/05/01/mjondalen-brann/,d3e0802c-9b4f-51ff-932e-555b4f08dd6e,1983-05-01_mjondalen-brann.json
1983-04-24,Brann,Start,0-2,1. divisjon,1983,/1983/04/24/brann-start/,cea4ebb4-adfe-5c29-878e-956d8497b1d5,1983-04-24_brann-start.json
1982-10-24,Brann,Molde,3-2,Cupen,1982,/1982/10/24/brann-molde/,c6820d1b-3e20-45dc-b0e5-3f33a789a4e2,1982-10-24_brann-molde.json
1982-10-10,Varegg,Brann,1-9,"2. divisjon, avd. B",1982,/1982/10/10/varegg-brann/,9140ad4f-3dc6-453e-b97e-a5e7280b30c7,1982-10-10_varegg-brann.json
1982-10-03,Brann,Kopervik,0-0,"2. divisjon, avd. B",1982,/1982/10/03/brann-kopervik/,1a766a59-dd08-4b35-9402-dfe3957e32f0,1982-10-03_brann-kopervik.json
1982-09-26,Brann,Aalesund,1-0,"2. divisjon, avd. B",1982,/1982/09/26/brann-aalesund/,b5cc99be-0ca4-445c-8739-cf4fa8f32dc1,1982-09-26_brann-aalesund.json
1982-09-19,Brann,Moss,3-1,Cupen,1982,/1982/09/19/brann-moss/,7ce21180-c2be-4254-b424-f22d65139713,1982-09-19_brann-moss.json
1982-09-15,Mo,Brann,0-0,"2. divisjon, avd. B",1982,/1982/09/15/mo-brann/,0fc0cb91-c739-4640-bf63-d032140cfacb,1982-09-15_mo-brann.json
1982-09-12,Brann,Sunndal,1-2,"2. divisjon, avd. B",1982,/1982/09/12/brann-sunndal/,10c8d24f-5035-41ca-8596-dcd51f4e436f,1982-09-12_brann-sunndal.json
1982-09-04,Steinkjer,Brann,3-2,"2. divisjon, avd. B",1982,/1982/09/04/steinkjer-brann/,570efd05-2ee5-48fb-ac7c-a0c2990cbd2a,1982-09-04_steinkjer-brann.json
1982-08-30,Brann,Kristiansund FK,1-2,"2. divisjon, avd. B",1982,/1982/08/30/brann-kristiansund-fk/,aa527baf-6e59-47aa-b8e4-df5ac2e355fc,1982-08-30_brann-kristiansund-fk.json
1982-08-25,Brann,Mjøndalen,4-2,Cupen,1982,/1982/08/25/brann-mjondalen/,7825e902-fb50-42c5-841c-f57cc47cd876,1982-08-25_brann-mjondalen.json
1982-08-22,Hødd,Brann,2-3,"2. divisjon, avd. B",1982,/1982/08/22/hodd-brann/,e7766674-626e-4451-96b0-36912193a982,1982-08-22_hodd-brann.json
1982-08-16,Brann,Vard,3-0,"2. divisjon, avd. B",1982,/1982/08/16/brann-vard/,86b6585c-0109-406e-a1fd-6d44f72681e8,1982-08-16_brann-vard.json
1982-08-08,Haugar,Brann,1-2,"2. divisjon, avd. B",1982,/1982/08/08/haugar-brann/,5a279708-5619-4ee4-8502-2651f03013ab,1982-08-08_haugar-brann.json
1982-08-02,Brann,Vidar,3-1,"2. divisjon, avd. B",1982,/1982/08/02/brann-vidar/,94a5dfab-73e6-418f-b6c2-f4bc50f7b5f7,1982-08-02_brann-vidar.json
1982-07-28,Bodø/Glimt,Brann,1-4,Cupen,1982,/1982/07/28/glimt-brann/,14e206dd-59d5-42e1-96bb-ec409f81b948,1982-07-28_glimt-brann.json
1982-07-01,Haugar,Brann,0-1,Cupen,1982,/1982/07/01/haugar-brann/,0ce8dd04-f67f-49e1-be63-3c3a47cafd14,1982-07-01_haugar-brann.json
1982-06-27,Brann,Varegg,1-1,"2. divisjon, avd. B",1982,/1982/06/27/brann-varegg/,c23cc713-50b9-4976-9f6c-19b547775059,1982-06-27_brann-varegg.json
1982-06-23,Brann,Fana,7-1,Cupen,1982,/1982/06/23/brann-fana/,32167481-d1bf-485a-90c5-45b8e69d2c8c,1982-06-23_brann-fana.json
1982-06-20,Kopervik,Brann,0-2,"2. divisjon, avd. B",1982,/1982/06/20/kopervik-brann/,8ae17027-8733-4265-8b31-2cd3665a14ff,1982-06-20_kopervik-brann.json
1982-06-13,Aalesund,Brann,2-2,"2. divisjon, avd. B",1982,/1982/06/13/aalesund-brann/,14fbe75c-9dd3-404d-8ca8-77b65eb56c3b,1982-06-13_aalesund-brann.json
1982-06-07,Brann,Mo,0-0,"2. divisjon, avd. B",1982,/1982/06/07/brann-mo/,b0166d86-16c3-4061-9cde-78ec136b24ca,1982-06-07_brann-mo.json
1982-05-31,Sunndal,Brann,0-1,"2. divisjon, avd. B",1982,/1982/05/31/sunndal-brann/,14294ea3-3604-4633-8cdf-4e766226a267,1982-05-31_sunndal-brann.json
1982-05-27,Voss,Brann,0-3,Cupen,1982,/1982/05/27/voss-brann/,66a1ff6f-75a0-465a-bcd1-0052a4929330,1982-05-27_voss-brann.json
1982-05-24,Brann,Steinkjer,3-2,"2. divisjon, avd. B",1982,/1982/05/24/brann-steinkjer/,5b94c7bd-df0e-4e08-82cc-860c8d82ff0e,1982-05-24_brann-steinkjer.json
1982-05-20,Kristiansund FK,Brann,1-2,"2. divisjon, avd. B",1982,/1982/05/20/kristiansund-fk-brann/,8f1636de-e631-4e19-8f68-61eab17109e7,1982-05-20_kristiansund-fk-brann.json
1982-05-16,Brann,Hødd,2-1,"2. divisjon, avd. B",1982,/1982/05/16/brann-hodd/,91f3aa84-452a-40de-846a-979315b6a455,1982-05-16_brann-hodd.json
1982-05-09,Vard,Brann,1-1,"2. divisjon, avd. B",1982,/1982/05/09/vard-brann/,4777c517-2b68-44f7-b1c2-eba2bbaac1e1,1982-05-09_vard-brann.json
1982-05-02,Brann,Haugar,2-1,"2. divisjon, avd. B",1982,/1982/05/02/brann-haugar/,de891970-de8e-4139-b494-fac3ed569fe2,1982-05-02_brann-haugar.json
1982-04-25,Vidar,Brann,0-3,"2. divisjon, avd. B",1982,/1982/04/25/vidar-brann/,d1341b44-eecb-445c-a1ae-2487e1ac25aa,1982-04-25_vidar-brann.json
1981-10-25,Brann,Molde,1-0,Kvalifisering,1981,/1981/10/25/brann-molde/,6026ae1d-2a8d-4f72-8caa-f57af675a4f8,1981-10-25_brann-molde.json
1981-10-21,Pors,Brann,2-1,Kvalifisering,1981,/1981/10/21/pors-brann/,1f4b6aff-310c-4319-b43e-983bc7a52510,1981-10-21_pors-brann.json
1981-10-18,Vålerenga,Brann,2-2,1. divisjon,1981,/1981/10/18/vif-brann/,1bd1938a-0d55-542b-bbe7-dde976560630,1981-10-18_vif-brann.json
1981-10-11,Brann,Haugar,6-0,1. divisjon,1981,/1981/10/11/brann-haugar/,bba09c42-3452-51f4-adda-9b0f2beb48dd,1981-10-11_brann-haugar.json
1981-10-04,HamKam,Brann,1-1,1. divisjon,1981,/1981/10/04/hamkam-brann/,b908d0c1-a9eb-56b8-a56f-93515fe56b6c,1981-10-04_hamkam-brann.json
1981-09-27,Brann,Lillestrøm,3-0,1. divisjon,1981,/1981/09/27/brann-lsk/,aad19e43-0524-5719-9b28-d18d6b93ffa2,1981-09-27_brann-lsk.json
1981-09-13,Bryne,Brann,1-2,1. divisjon,1981,/1981/09/13/bryne-brann/,a7ae639f-5f0e-5c6b-aed9-cffc36490da9,1981-09-13_bryne-brann.json
1981-09-02,Brann,Lyn,1-0,1. divisjon,1981,/1981/09/02/brann-lyn/,e235de67-af92-52f9-8918-f40318b7692d,1981-09-02_brann-lyn.json
1981-08-23,Fredrikstad,Brann,6-0,1. divisjon,1981,/1981/08/23/fredrikstad-brann/,1515997f-ffae-5f87-a07f-416cc2b27548,1981-08-23_fredrikstad-brann.json
1981-08-20,Start,Brann,3-1,Cupen,1981,/1981/08/20/start-brann/,8a2b51e0-d670-4bf5-846c-dab9cfb09b55,1981-08-20_start-brann.json
1981-08-17,Start,Brann,4-0,1. divisjon,1981,/1981/08/17/start-brann/,3a966961-9eb4-5748-b9e1-7cd00df7d774,1981-08-17_start-brann.json
1981-08-10,Brann,Rosenborg,0-3,1. divisjon,1981,/1981/08/10/brann-rbk/,fe711e5b-fce3-5119-b08f-06a84d1f01c3,1981-08-10_brann-rbk.json
1981-08-05,Brann,Start,0-0,Cupen,1981,/1981/08/05/brann-start/,cd59f636-e869-415c-9e45-f2584611e527,1981-08-05_brann-start.json
1981-08-03,Moss,Brann,3-1,1. divisjon,1981,/1981/08/03/moss-brann/,f340803c-3671-5e1f-b272-3e12570be084,1981-08-03_moss-brann.json
1981-07-29,Brann,Viking,1-2,1. divisjon,1981,/1981/07/29/brann-viking/,0fdc9c44-4aaf-5780-91ec-4159f87a2df5,1981-07-29_brann-viking.json
1981-07-13,Brann,Vålerenga,0-1,1. divisjon,1981,/1981/07/13/brann-vif/,ded790f8-8000-53fb-96e7-1ad2ad2d9fe7,1981-07-13_brann-vif.json
1981-07-09,Sogndal,Brann,3-4,Cupen,1981,/1981/07/09/sogndal-brann/,a2697b0f-d7aa-471a-8599-73605d5e184b,1981-07-09_sogndal-brann.json
1981-07-06,Haugar,Brann,0-0,1. divisjon,1981,/1981/07/06/haugar-brann/,dd245e92-44a6-5695-b385-e79f037bc203,1981-07-06_haugar-brann.json
1981-06-29,Brann,HamKam,2-0,1. divisjon,1981,/1981/06/29/brann-hamkam/,1d55ef69-221c-5072-a518-354a315c9f4c,1981-06-29_brann-hamkam.json
1981-06-24,Brann,Os,3-0,Cupen,1981,/1981/06/24/brann-os/,e7977c00-097d-4b11-832f-eeddd5335ba5,1981-06-24_brann-os.json
1981-06-21,Lillestrøm,Brann,0-0,1. divisjon,1981,/1981/06/21/lsk-brann/,b3fdd45a-8c3c-501d-9c19-0f639d2bddeb,1981-06-21_lsk-brann.json
1981-06-10,Brann,Bryne,2-2,1. divisjon,1981,/1981/06/10/brann-bryne/,0978dfd3-047d-52c5-89aa-9e9bbaf3c26e,1981-06-10_brann-bryne.json
1981-06-08,Lyn,Brann,3-2,1. divisjon,1981,/1981/06/08/lyn-brann/,7f9a0c88-1127-5f1f-a730-60749245b8c3,1981-06-08_lyn-brann.json
1981-05-28,Baune,Brann,0-4,Cupen,1981,/1981/05/28/baune-brann/,4a12fe9c-820b-423a-9d2f-c2410d48cf2d,1981-05-28_baune-brann.json
1981-05-25,Brann,Fredrikstad,1-1,1. divisjon,1981,/1981/05/25/brann-fredrikstad/,730b169a-900b-5c86-8fff-d2a5c5bd84b9,1981-05-25_brann-fredrikstad.json
1981-05-13,Brann,Start,2-2,1. divisjon,1981,/1981/05/13/brann-start/,f522eb3e-db8f-505d-ac16-e98e00610c1e,1981-05-13_brann-start.json
1981-05-10,Rosenborg,Brann,5-0,1. divisjon,1981,/1981/05/10/rbk-brann/,b14e8d2e-9673-539c-ba82-759f5e79ac8f,1981-05-10_rbk-brann.json
1981-05-03,Brann,Moss,0-2,1. divisjon,1981,/1981/05/03/brann-moss/,a96608c8-54b9-5d91-a497-c2c16971ce66,1981-05-03_brann-moss.json
1981-04-26,Viking,Brann,2-0,1. divisjon,1981,/1981/04/26/viking-brann/,923dc4f5-f1bb-5ae8-86fe-fae7d975521d,1981-04-26_viking-brann.json
1980-10-12,Steinkjer,Brann,2-3,"2. divisjon, avd. B",1980,/1980/10/12/steinkjer-brann/,0e4e0f2e-56de-4df9-a105-80862e4ca1a1,1980-10-12_steinkjer-brann.json
1980-10-05,Brann,Hødd,5-3,"2. divisjon, avd. B",1980,/1980/10/05/brann-hodd/,e5b086ae-f792-4b88-b510-05b2d9eb5441,1980-10-05_brann-hodd.json
1980-09-28,Mo,Brann,0-0,"2. divisjon, avd. B",1980,/1980/09/28/mo-brann/,9f8dbe5d-3567-4efc-93b2-0b3849dc12cf,1980-09-28_mo-brann.json
1980-09-25,Brann,Haugar,1-0,"2. divisjon, avd. B",1980,/1980/09/25/brann-haugar/,35f55e6e-441d-4eae-8278-081243f8eb34,1980-09-25_brann-haugar.json
1980-09-21,Lillestrøm,Brann,2-1,Cupen,1980,/1980/09/21/lsk-brann/,4478b5ca-542e-4c52-a5c5-bb520b9b4624,1980-09-21_lsk-brann.json
1980-09-14,Sogndal,Brann,0-1,"2. divisjon, avd. B",1980,/1980/09/14/sogndal-brann/,2769c18b-1d79-49f5-9681-d4caf134d6f9,1980-09-14_sogndal-brann.json
1980-09-07,Kopervik,Brann,1-1,"2. divisjon, avd. B",1980,/1980/09/07/kopervik-brann/,a76c3842-e1db-4f92-814e-82b452d884c8,1980-09-07_kopervik-brann.json
1980-09-03,Brann,Mjøndalen,2-0,Cupen,1980,/1980/09/03/brann-mjondalen/,fbd5e1e3-9026-425e-afd9-c6401cc2b281,1980-09-03_brann-mjondalen.json
1980-08-31,Brann,Nessegutten,1-2,"2. divisjon, avd. B",1980,/1980/08/31/brann-nessegutten/,f5ae8d09-9cd1-45d4-b247-dea6cc770d4e,1980-08-31_brann-nessegutten.json
1980-08-24,Kristiansund FK,Brann,2-4,"2. divisjon, avd. B",1980,/1980/08/24/kristiansund-fk-brann/,4fb6f7f1-9a9d-424f-a267-68db6f72fc6c,1980-08-24_kristiansund-fk-brann.json
1980-08-18,Brann,Strindheim,3-1,"2. divisjon, avd. B",1980,/1980/08/18/brann-strindheim/,fa3f6960-95d2-49bc-9a1d-a01c8c49dce5,1980-08-18_brann-strindheim.json
1980-08-11,Vard,Brann,1-1,"2. divisjon, avd. B",1980,/1980/08/11/vard-brann/,98dbd2c2-19eb-4f69-95d8-2ae400bd6c15,1980-08-11_vard-brann.json
1980-08-06,Brann,Bodø/Glimt,3-0,Cupen,1980,/1980/08/06/brann-glimt/,bfeec282-dbb5-4776-a98e-3c785c301cf4,1980-08-06_brann-glimt.json
1980-08-04,Brann,Os,2-2,"2. divisjon, avd. B",1980,/1980/08/04/brann-os/,b92a684d-ae7c-48ed-a50c-e878e7769122,1980-08-04_brann-os.json
1980-07-03,Skarbøvik,Brann,3-5,Cupen,1980,/1980/07/03/skarbovik-brann/,4f2db538-044c-4bfc-8a38-00a690535065,1980-07-03_skarbovik-brann.json
1980-06-29,Brann,Steinkjer,1-0,"2. divisjon, avd. B",1980,/1980/06/29/brann-steinkjer/,0cbd15b1-f4da-4d24-8ec7-2fa8c3dcc402,1980-06-29_brann-steinkjer.json
1980-06-22,Hødd,Brann,2-2,"2. divisjon, avd. B",1980,/1980/06/22/hodd-brann/,44b9664e-dded-4e0d-a066-8359df3fb88a,1980-06-22_hodd-brann.json
1980-06-18,Brann,Ny-Krohnborg,2-0,Cupen,1980,/1980/06/18/brann-ny-krohnborg/,c4851a91-1674-4467-8af9-08137a64f3bb,1980-06-18_brann-ny-krohnborg.json
1980-06-16,Brann,Mo,1-0,"2. divisjon, avd. B",1980,/1980/06/16/brann-mo/,d54e753f-ae10-4895-9ede-7d82512b82aa,1980-06-16_brann-mo.json
1980-06-08,Haugar,Brann,3-1,"2. divisjon, avd. B",1980,/1980/06/08/haugar-brann/,a5144147-327e-43eb-81a3-4511b1878bfd,1980-06-08_haugar-brann.json
1980-06-01,Brann,Sogndal,2-0,"2. divisjon, avd. B",1980,/1980/06/01/brann-sogndal/,916f8dd3-e081-4415-a9b3-f320e52fb0d0,1980-06-01_brann-sogndal.json
1980-05-29,Bjarg,Brann,0-4,Cupen,1980,/1980/05/29/bjarg-brann/,20bea28f-087b-4951-8646-762be198fc9f,1980-05-29_bjarg-brann.json
1980-05-27,Brann,Kopervik,2-0,"2. divisjon, avd. B",1980,/1980/05/27/brann-kopervik/,8cdbb688-39ac-40c0-b309-ea3e4e2eff7f,1980-05-27_brann-kopervik.json
1980-05-18,Nessegutten,Brann,0-2,"2. divisjon, avd. B",1980,/1980/05/18/nessegutten-brann/,ed2639bf-e1ec-45fd-80cb-1dcac87b3ae1,1980-05-18_nessegutten-brann.json
1980-05-15,Brann,Kristiansund FK,2-1,"2. divisjon, avd. B",1980,/1980/05/15/brann-kristiansund-fk/,f402dbcf-8a07-4018-97c6-3131b04f1ac6,1980-05-15_brann-kristiansund-fk.json
1980-05-12,Strindheim,Brann,0-3,"2. divisjon, avd. B",1980,/1980/05/12/strindheim-brann/,16631feb-fbcb-466a-bf6e-d3944e77f198,1980-05-12_strindheim-brann.json
1980-05-05,Brann,Vard,1-1,"2. divisjon, avd. B",1980,/1980/05/05/brann-vard/,1b1e8d21-6f85-495d-942c-649a6383e4e1,1980-05-05_brann-vard.json
1980-04-27,Os,Brann,0-1,"2. divisjon, avd. B",1980,/1980/04/27/os-brann/,bc89f011-1d50-4154-b15c-c26b65d21076,1980-04-27_os-brann.json
1979-10-14,Brann,HamKam,1-2,1. divisjon,1979,/1979/10/14/brann-hamkam/,46e64765-98e9-547a-8ad6-1b67abe67213,1979-10-14_brann-hamkam.json
1979-10-07,Bryne,Brann,3-1,1. divisjon,1979,/1979/10/07/bryne-brann/,b33bd4f4-5028-58a9-a649-e93e19f459f6,1979-10-07_bryne-brann.json
1979-10-01,Brann,Rosenborg,0-0,1. divisjon,1979,/1979/10/01/brann-rbk/,1f9e615e-2783-5a67-8ee6-97344e661305,1979-10-01_brann-rbk.json
1979-09-23,Viking,Brann,1-0,Cupen,1979,/1979/09/23/viking-brann/,be1bdd9e-d9aa-407e-befc-ab6d96efb3ee,1979-09-23_viking-brann.json
1979-09-16,Vålerenga,Brann,3-1,1. divisjon,1979,/1979/09/16/vif-brann/,09cb3e17-61fd-5354-92c3-e68d067471db,1979-09-16_vif-brann.json
1979-09-09,Start,Brann,1-0,1. divisjon,1979,/1979/09/09/start-brann/,ea3f498e-71df-5cc4-89d0-60de75707f30,1979-09-09_start-brann.json
1979-09-03,Brann,Moss,1-3,1. divisjon,1979,/1979/09/03/brann-moss/,f40a7c17-36aa-54b1-9117-61ce9ea7eafc,1979-09-03_brann-moss.json
1979-08-27,Lillestrøm,Brann,1-2,Cupen,1979,/1979/08/27/lsk-brann/,8c787770-ed62-495a-a4fc-32ff954a7e4d,1979-08-27_lsk-brann.json
1979-08-23,Bodø/Glimt,Brann,2-0,1. divisjon,1979,/1979/08/23/glimt-brann/,3b232a82-d0ce-5fe8-a892-63f81391403e,1979-08-23_glimt-brann.json
1979-08-20,Brann,Viking,0-2,1. divisjon,1979,/1979/08/20/brann-viking/,aa7d5170-daa8-5848-bcb2-90d5a928d9ea,1979-08-20_brann-viking.json
1979-08-12,Brann,Strindheim,2-1,Cupen,1979,/1979/08/12/brann-strindheim/,ae2b6288-01cc-4036-ab87-da4e6b1e5f4b,1979-08-12_brann-strindheim.json
1979-08-06,Lillestrøm,Brann,3-1,1. divisjon,1979,/1979/08/06/lsk-brann/,85c642ee-e091-55de-9111-33edf820208c,1979-08-06_lsk-brann.json
1979-07-30,Brann,Mjøndalen,2-2,1. divisjon,1979,/1979/07/30/brann-mjondalen/,2746cd16-7a84-5b69-b155-129cbee4b2ff,1979-07-30_brann-mjondalen.json
1979-07-25,Varegg,Brann,1-3,Cupen,1979,/1979/07/25/varegg-brann/,b7143088-0725-4089-9797-7c6af95fa32b,1979-07-25_varegg-brann.json
1979-07-02,Skeid,Brann,2-2,1. divisjon,1979,/1979/07/02/skeid-brann/,e64102ae-fc5b-5763-8b96-40bad80bb931,1979-07-02_skeid-brann.json
1979-06-29,Brann,Jotun,6-1,Cupen,1979,/1979/06/29/brann-jotun/,cf96c0b3-176d-479c-bf0e-7b2015e06b87,1979-06-29_brann-jotun.json
1979-06-24,HamKam,Brann,4-1,1. divisjon,1979,/1979/06/24/hamkam-brann/,4d3c196b-ca11-58bd-ad56-28619eedf656,1979-06-24_hamkam-brann.json
1979-06-18,Brann,Bryne,3-0,1. divisjon,1979,/1979/06/18/brann-bryne/,5cd97e0e-5463-59c8-afb9-50361bfe5ad6,1979-06-18_brann-bryne.json
1979-06-14,Brann,Lillestrøm,0-4,1. divisjon,1979,/1979/06/14/brann-lsk/,213f9013-9121-5e58-a9f9-98ead9fba53c,1979-06-14_brann-lsk.json
1979-06-11,Brann,Vålerenga,0-1,1. divisjon,1979,/1979/06/11/brann-vif/,2729b2cd-9dda-54c8-8b88-9181ae4db537,1979-06-11_brann-vif.json
1979-06-04,Rosenborg,Brann,1-0,1. divisjon,1979,/1979/06/04/rbk-brann/,6d4d8483-8580-5ceb-a457-06c002926fef,1979-06-04_rbk-brann.json
1979-05-30,Arna,Brann,1-2,Cupen,1979,/1979/05/30/arna-brann/,4fc81560-d645-4984-bc18-8efd569e73a0,1979-05-30_arna-brann.json
1979-05-27,Brann,Start,1-0,1. divisjon,1979,/1979/05/27/brann-start/,2e608ef4-0a1a-5b65-b8df-a6f8227665e0,1979-05-27_brann-start.json
1979-05-24,Moss,Brann,2-0,1. divisjon,1979,/1979/05/24/moss-brann/,a567a650-9159-56c9-91e6-7b42981211b8,1979-05-24_moss-brann.json
1979-05-20,Brann,Bodø/Glimt,1-1,1. divisjon,1979,/1979/05/20/brann-glimt/,98684b9f-26e2-58a1-acbe-bf5b8e4ecb15,1979-05-20_brann-glimt.json
1979-05-13,Viking,Brann,1-0,1. divisjon,1979,/1979/05/13/viking-brann/,f860bb34-1209-56ce-8b35-79bec1bfe8bd,1979-05-13_viking-brann.json
1979-04-29,Mjøndalen,Brann,2-1,1. divisjon,1979,/1979/04/29/mjondalen-brann/,c1036006-ab1e-50b8-a3b7-7114cca2c779,1979-04-29_mjondalen-brann.json
1979-04-22,Brann,Skeid,2-1,1. divisjon,1979,/1979/04/22/brann-skeid/,27098084-cab4-5b90-a404-95961c2382fe,1979-04-22_brann-skeid.json
1978-10-22,Lillestrøm,Brann,2-1,Cupen,1978,/1978/10/22/lsk-brann/,478cfae9-d569-4564-9569-6ba39c1c7900,1978-10-22_lsk-brann.json
1978-10-15,Brann,Lyn,7-0,1. divisjon,1978,/1978/10/15/brann-lyn/,98bb67cd-2c7b-5d4c-8103-cbd67a037d17,1978-10-15_brann-lyn.json
1978-10-11,Brann,Bryne,2-1,1. divisjon,1978,/1978/10/11/brann-bryne/,aa14ec03-179b-5064-bdde-25c8dbfa2afb,1978-10-11_brann-bryne.json
1978-10-08,Bodø/Glimt,Brann,8-1,1. divisjon,1978,/1978/10/08/glimt-brann/,166db79d-edb2-5e8d-831e-3882e7e28856,1978-10-08_glimt-brann.json
1978-10-04,Brann,Viking,2-1,Cupen,1978,/1978/10/04/brann-viking/,9c8be36c-32f4-49be-aef4-332490e4892a,1978-10-04_brann-viking.json
1978-10-01,Brann,Start,4-2,1. divisjon,1978,/1978/10/01/brann-start/,dc803560-fb2d-5566-87d2-b6084c13bf9e,1978-10-01_brann-start.json
1978-09-17,Vålerenga,Brann,4-3,1. divisjon,1978,/1978/09/17/vif-brann/,afd545b7-7b76-5be6-a3b4-721d6c36637c,1978-09-17_vif-brann.json
1978-09-11,Viking,Brann,4-0,1. divisjon,1978,/1978/09/11/viking-brann/,ad723f23-9ac9-5769-ae41-19c1dd2195e5,1978-09-11_viking-brann.json
1978-09-06,Brann,Bryne,1-0,Cupen,1978,/1978/09/06/brann-bryne/,399f7a01-fa27-4cda-881d-0a98102f5cda,1978-09-06_brann-bryne.json
1978-09-04,Brann,Skeid,2-1,1. divisjon,1978,/1978/09/04/brann-skeid/,a6a6476f-a29f-5a33-9925-6af4617c9bc7,1978-09-04_brann-skeid.json
1978-08-23,Nessegutten,Brann,0-2,Cupen,1978,/1978/08/23/nessegutten-brann/,aee98f9e-25f1-4c1b-a1e1-e2b7984bebad,1978-08-23_nessegutten-brann.json
1978-08-20,Lillestrøm,Brann,3-1,1. divisjon,1978,/1978/08/20/lsk-brann/,fa13e2c1-9808-52c2-9bf3-9800558df2af,1978-08-20_lsk-brann.json
1978-08-14,Brann,Moss,1-0,1. divisjon,1978,/1978/08/14/brann-moss/,9c7ac9bf-b11e-5372-a610-5acc9e71c391,1978-08-14_brann-moss.json
1978-08-06,Molde,Brann,4-1,1. divisjon,1978,/1978/08/06/molde-brann/,01ffd102-5676-5e17-8fd6-2905e6295d06,1978-08-06_molde-brann.json
1978-07-30,Brann,Steinkjer,9-1,1. divisjon,1978,/1978/07/30/brann-steinkjer/,a8c93647-ca21-5f6a-b979-80098e8c2fb0,1978-07-30_brann-steinkjer.json
1978-07-26,Brann,Ny-Krohnborg,9-1,Cupen,1978,/1978/07/26/brann-ny-krohnborg/,d72cf7e1-f0ec-484b-90aa-6958ab6c9db9,1978-07-26_brann-ny-krohnborg.json
1978-06-29,Varegg,Brann,1-3,Cupen,1978,/1978/06/29/varegg-brann/,b00b8310-be1a-4e39-979d-8068c7c07f97,1978-06-29_varegg-brann.json
1978-06-26,Lyn,Brann,3-4,1. divisjon,1978,/1978/06/26/lyn-brann/,0c144569-3dc9-5bb3-b2ed-4c03cb26d5dc,1978-06-26_lyn-brann.json
1978-06-18,Brann,Bodø/Glimt,3-0,1. divisjon,1978,/1978/06/18/brann-glimt/,197cddf8-029c-5808-abbd-97ab02f379fe,1978-06-18_brann-glimt.json
1978-06-11,Bryne,Brann,1-5,1. divisjon,1978,/1978/06/11/bryne-brann/,c1e578ce-452c-5e53-82af-d8de23adf5d4,1978-06-11_bryne-brann.json
1978-06-07,Brann,Nordnes,5-0,Cupen,1978,/1978/06/07/brann-nordnes/,524f94bc-e19b-4b41-8c4b-1590b75b3aa7,1978-06-07_brann-nordnes.json
1978-06-04,Start,Brann,0-0,1. divisjon,1978,/1978/06/04/start-brann/,71e1d326-d724-5f61-a52c-22515a1cdf78,1978-06-04_start-brann.json
1978-05-29,Brann,Vålerenga,1-2,1. divisjon,1978,/1978/05/29/brann-vif/,65f766ac-3253-549c-bef5-a8528f433306,1978-05-29_brann-vif.json
1978-05-23,Brann,Viking,2-2,1. divisjon,1978,/1978/05/23/brann-viking/,186c06dd-272b-5c90-8b03-ea3d3b377630,1978-05-23_brann-viking.json
1978-05-11,Skeid,Brann,2-0,1. divisjon,1978,/1978/05/11/skeid-brann/,774b15ad-1b7f-56a7-aa10-f2878ca205bf,1978-05-11_skeid-brann.json
1978-05-08,Brann,Lillestrøm,0-1,1. divisjon,1978,/1978/05/08/brann-lsk/,04414cf2-67e3-5434-9965-6a628d6416e5,1978-05-08_brann-lsk.json
1978-05-04,Moss,Brann,1-3,1. divisjon,1978,/1978/05/04/moss-brann/,1b5a1d6d-151c-5220-bf93-99af77361da1,1978-05-04_moss-brann.json
1978-05-01,Brann,Molde,2-1,1. divisjon,1978,/1978/05/01/brann-molde/,f22558f5-86b6-5278-ab82-d88adb05211e,1978-05-01_brann-molde.json
1978-04-23,Steinkjer,Brann,1-1,1. divisjon,1978,/1978/04/23/steinkjer-brann/,72f68d45-b7c0-5772-afe2-def38da4b573,1978-04-23_steinkjer-brann.json
1977-11-02,Brann,Twente,1-2,Cupvinnercupen,1977,/1977/11/02/brann-twente/,4c5cb873-cc49-42c0-b92c-91212f94d4a1,1977-11-02_brann-twente.json
1977-10-19,Twente,Brann,2-0,Cupvinnercupen,1977,/1977/10/19/twente-brann/,13041489-395c-41b5-8e82-06fd10b8defa,1977-10-19_twente-brann.json
1977-10-16,Moss,Brann,1-0,1. divisjon,1977,/1977/10/16/moss-brann/,23453d0a-9e25-5ffe-9d9c-5aa9673155f3,1977-10-16_moss-brann.json
1977-10-09,Brann,Lillestrøm,2-1,1. divisjon,1977,/1977/10/09/brann-lsk/,1f0dc1a0-6e36-5bc4-a522-b99c9532b41e,1977-10-09_brann-lsk.json
1977-10-02,Molde,Brann,1-0,1. divisjon,1977,/1977/10/02/molde-brann/,17a47a46-b113-5ccf-bf48-f6357cbc29c8,1977-10-02_molde-brann.json
1977-09-28,Akranes,Brann,0-4,Cupvinnercupen,1977,/1977/09/28/akranes-brann/,ebc280b2-ba54-44ae-b8b0-294a1c43fc3b,1977-09-28_akranes-brann.json
1977-09-25,Start,Brann,3-1,1. divisjon,1977,/1977/09/25/start-brann/,7805abf8-a1ec-542e-8d77-af90ab55ae30,1977-09-25_start-brann.json
1977-09-19,Brann,Rosenborg,4-0,1. divisjon,1977,/1977/09/19/brann-rbk/,df0db67d-56e5-51c5-b84b-f207b58cca45,1977-09-19_brann-rbk.json
1977-09-14,Brann,Akranes,1-0,Cupvinnercupen,1977,/1977/09/14/brann-akranes/,f9e21213-de16-4dd6-979e-6fc3e5ab230c,1977-09-14_brann-akranes.json
1977-09-11,Viking,Brann,3-4,1. divisjon,1977,/1977/09/11/viking-brann/,9432cf58-5373-52d2-b874-b0624ebd3792,1977-09-11_viking-brann.json
1977-08-31,Brann,Raufoss,1-2,Cupen,1977,/1977/08/31/brann-raufoss/,eb3b48f8-8e6c-44b2-b982-f810a1bece9f,1977-08-31_brann-raufoss.json
1977-08-28,Brann,Mjøndalen,2-0,1. divisjon,1977,/1977/08/28/brann-mjondalen/,88fbb990-4d82-5ef4-9a8b-d924abfb2234,1977-08-28_brann-mjondalen.json
1977-08-22,Vålerenga,Brann,5-2,1. divisjon,1977,/1977/08/22/vif-brann/,5241adae-a695-5e7f-b440-9ac929cd69d0,1977-08-22_vif-brann.json
1977-08-15,Brann,HamKam,6-3,1. divisjon,1977,/1977/08/15/brann-hamkam/,1b81a74c-038e-5a01-9acf-7171793bd46b,1977-08-15_brann-hamkam.json
1977-08-08,Brann,Bryne,1-1,1. divisjon,1977,/1977/08/08/brann-bryne/,0aebbaca-af6b-5f6d-8bb3-9786e975c452,1977-08-08_brann-bryne.json
1977-07-31,Bodø/Glimt,Brann,2-2,1. divisjon,1977,/1977/07/31/glimt-brann/,3d0829b8-8a3b-58fa-8b8b-21f9a8e281a7,1977-07-31_glimt-brann.json
1977-07-27,Åssiden,Brann,0-1,Cupen,1977,/1977/07/27/assiden-brann/,9f04a699-5829-403d-a42c-d78d8a8207d7,1977-07-27_assiden-brann.json
1977-06-27,Brann,Moss,1-1,1. divisjon,1977,/1977/06/27/brann-moss/,6069cc6d-4037-5fdd-8cc3-789a2a64c7e2,1977-06-27_brann-moss.json
1977-06-22,Baune,Brann,1-5,Cupen,1977,/1977/06/22/baune-brann/,ed2d773d-b78b-42d8-9291-ef6f749d13fd,1977-06-22_baune-brann.json
1977-06-19,Lillestrøm,Brann,3-1,1. divisjon,1977,/1977/06/19/lsk-brann/,9d71ed42-07ec-5958-b565-a85df15a9235,1977-06-19_lsk-brann.json
1977-06-13,Brann,Molde,1-2,1. divisjon,1977,/1977/06/13/brann-molde/,6f01e011-f391-5b4d-be99-d39e517a6a38,1977-06-13_brann-molde.json
1977-06-08,Brann,Hald,5-0,Cupen,1977,/1977/06/08/brann-hald/,624901bd-5d99-476a-a263-4b96596e57a0,1977-06-08_brann-hald.json
1977-06-06,Brann,Start,4-1,1. divisjon,1977,/1977/06/06/brann-start/,dbbe413d-5b8e-5c64-bbe1-d15e5b98b38c,1977-06-06_brann-start.json
1977-05-30,Rosenborg,Brann,1-3,1. divisjon,1977,/1977/05/30/rbk-brann/,da75e76a-f15f-5fc4-86a7-4ce17243b630,1977-05-30_rbk-brann.json
1977-05-23,Brann,Viking,1-1,1. divisjon,1977,/1977/05/23/brann-viking/,9ee63b88-c2cf-501e-ad2b-cce76916f7da,1977-05-23_brann-viking.json
1977-05-19,Mjøndalen,Brann,0-0,1. divisjon,1977,/1977/05/19/mjondalen-brann/,71ccbcf4-a72a-5227-ada8-159ba2306732,1977-05-19_mjondalen-brann.json
1977-05-16,Brann,Vålerenga,1-1,1. divisjon,1977,/1977/05/16/brann-vif/,b12c9ef0-b7bd-5dd7-b8ff-08b86a482578,1977-05-16_brann-vif.json
1977-05-09,HamKam,Brann,0-2,1. divisjon,1977,/1977/05/09/hamkam-brann/,8d4f9533-9e57-5740-8bc7-4572b5100a35,1977-05-09_hamkam-brann.json
1977-05-01,Bryne,Brann,4-2,1. divisjon,1977,/1977/05/01/bryne-brann/,54b637db-3915-5619-a697-06e5adf6e1c5,1977-05-01_bryne-brann.json
1977-04-24,Brann,Bodø/Glimt,0-1,1. divisjon,1977,/1977/04/24/brann-glimt/,cbbbb96c-b7d1-5b23-b90f-d95cffde6b9d,1977-04-24_brann-glimt.json
1976-10-24,Sogndal,Brann,1-2,Cupen,1976,/1976/10/24/sogndal-brann/,32670cf2-c689-43e6-a329-d337deeb7075,1976-10-24_sogndal-brann.json
1976-10-17,Brann,Mjøndalen,0-2,1. divisjon,1976,/1976/10/17/brann-mjondalen/,a4b0b79e-8db9-58ed-b901-028bc2fdf055,1976-10-17_brann-mjondalen.json
1976-10-10,Rosenborg,Brann,3-1,1. divisjon,1976,/1976/10/10/rbk-brann/,65ea533d-fcbc-55b4-a288-d5e1a26c344a,1976-10-10_rbk-brann.json
1976-10-06,Brann,Odd,3-0,Cupen,1976,/1976/10/06/brann-odd/,cbde0173-244e-4f64-a656-83d472bd4f92,1976-10-06_brann-odd.json
1976-10-03,Brann,Bryne,2-2,1. divisjon,1976,/1976/10/03/brann-bryne/,e11fd158-9e72-58bd-a7cb-c0ee5bc30b6d,1976-10-03_brann-bryne.json
1976-09-29,Brann,Queens Park Rangers,0-7,UEFA-cupen,1976,/1976/09/29/brann-qpr/,2b61ac6e-3c0a-42b9-8c07-b4226541636d,1976-09-29_brann-qpr.json
1976-09-26,HamKam,Brann,1-3,1. divisjon,1976,/1976/09/26/hamkam-brann/,a63593cc-411e-53bc-bbf5-fff95d15402b,1976-09-26_hamkam-brann.json
1976-09-19,Brann,Lillestrøm,2-1,1. divisjon,1976,/1976/09/19/brann-lsk/,314f8e29-35e2-5504-912a-71a08bdf8fb0,1976-09-19_brann-lsk.json
1976-09-15,Queens Park Rangers,Brann,4-0,UEFA-cupen,1976,/1976/09/15/qpr-brann/,da4fb4db-6718-4e41-956b-f1e14ef124fe,1976-09-15_qpr-brann.json
1976-09-12,Viking,Brann,0-2,1. divisjon,1976,/1976/09/12/viking-brann/,819f62f7-95ea-5ffc-b118-f56c48573440,1976-09-12_viking-brann.json
1976-09-05,Brann,Bodø/Glimt,1-0,Cupen,1976,/1976/09/05/brann-glimt/,baac91e4-33c0-45fe-b88f-2038b9696457,1976-09-05_brann-glimt.json
1976-08-30,Brann,Vard,4-1,1. divisjon,1976,/1976/08/30/brann-vard/,6dc85248-82eb-55f2-85d9-b0f38f0697fd,1976-08-30_brann-vard.json
1976-08-22,Strømsgodset,Brann,2-4,1. divisjon,1976,/1976/08/22/stromsgodset-brann/,8c5e16c0-ac8c-5800-8805-7a4f93bef04a,1976-08-22_stromsgodset-brann.json
1976-08-15,Aalesund,Brann,2-4,Cupen,1976,/1976/08/15/aalesund-brann/,a3d242d6-56d2-4939-9019-ce2106d4a97e,1976-08-15_aalesund-brann.json
1976-08-09,Brann,Molde,1-0,1. divisjon,1976,/1976/08/09/brann-molde/,e43d9267-d7ca-563c-931b-f12e1ca2c1a1,1976-08-09_brann-molde.json
1976-08-02,Fredrikstad,Brann,2-2,1. divisjon,1976,/1976/08/02/fredrikstad-brann/,e538e4f3-bf95-5a7d-8392-ca3cbf834837,1976-08-02_fredrikstad-brann.json
1976-07-29,Brann,Fana,4-1,Cupen,1976,/1976/07/29/brann-fana/,baf86313-b6b3-44bc-a0bc-931af45aab13,1976-07-29_brann-fana.json
1976-07-26,Brann,Start,2-1,1. divisjon,1976,/1976/07/26/brann-start/,048a6143-e1b2-59c6-851f-07c3ff583e63,1976-07-26_brann-start.json
1976-06-30,Florvåg,Brann,0-6,Cupen,1976,/1976/06/30/florvag-brann/,20183473-bb79-4ac0-b7f4-509fc60c1b94,1976-06-30_florvag-brann.json
1976-06-27,Mjøndalen,Brann,2-2,1. divisjon,1976,/1976/06/27/mjondalen-brann/,f332be21-ca75-5347-bb25-782f5e7f2338,1976-06-27_mjondalen-brann.json
1976-06-21,Brann,Rosenborg,1-0,1. divisjon,1976,/1976/06/21/brann-rbk/,bf51e612-351d-5860-9d88-07183035293d,1976-06-21_brann-rbk.json
1976-06-10,Bryne,Brann,1-1,1. divisjon,1976,/1976/06/10/bryne-brann/,842f5c3a-30d2-53e9-9323-f9c6772867bd,1976-06-10_bryne-brann.json
1976-06-07,Brann,HamKam,0-2,1. divisjon,1976,/1976/06/07/brann-hamkam/,bb34c6f0-cb7c-58d3-ab4a-762fd28fe658,1976-06-07_brann-hamkam.json
1976-06-02,Brann,Stord,3-0,Cupen,1976,/1976/06/02/brann-stord/,ab5c043f-4d91-47ff-8c85-996384f1d222,1976-06-02_brann-stord.json
1976-05-31,Lillestrøm,Brann,3-1,1. divisjon,1976,/1976/05/31/lsk-brann/,32a70b4c-3c2a-5725-b59b-30b07930719c,1976-05-31_lsk-brann.json
1976-05-27,Brann,Viking,1-1,1. divisjon,1976,/1976/05/27/brann-viking/,9b403193-cfd3-5978-a3ed-8831aa1ed161,1976-05-27_brann-viking.json
1976-05-23,Vard,Brann,0-0,1. divisjon,1976,/1976/05/23/vard-brann/,69b809e5-9cc6-5a33-940a-3313b52f9440,1976-05-23_vard-brann.json
1976-05-13,Brann,Strømsgodset,4-1,1. divisjon,1976,/1976/05/13/brann-stromsgodset/,c324a1ea-99cc-5cdf-91b6-bab09f4c82b5,1976-05-13_brann-stromsgodset.json
1976-05-09,Molde,Brann,2-3,1. divisjon,1976,/1976/05/09/molde-brann/,92350ab6-0d1e-5565-9e28-20b6ca157ce6,1976-05-09_molde-brann.json
1976-05-03,Brann,Fredrikstad,2-0,1. divisjon,1976,/1976/05/03/brann-fredrikstad/,8a28ba6c-da7b-5e5b-862a-4cb8390b3707,1976-05-03_brann-fredrikstad.json
1976-04-25,Start,Brann,2-0,1. divisjon,1976,/1976/04/25/start-brann/,073bc5fb-453c-5ba7-88d3-958334250378,1976-04-25_start-brann.json
1975-10-19,Brann,Rosenborg,2-0,1. divisjon,1975,/1975/10/19/brann-rbk/,b587a0eb-d066-5b70-a2d8-73d5d0f583fe,1975-10-19_brann-rbk.json
1975-10-12,Os,Brann,2-4,1. divisjon,1975,/1975/10/12/os-brann/,cd54ec46-fe94-5830-9e70-300ca0a52357,1975-10-12_os-brann.json
1975-10-05,Viking,Brann,5-1,1. divisjon,1975,/1975/10/05/viking-brann/,936e9574-96f0-5297-b05e-adbcb34eeaf2,1975-10-05_viking-brann.json
1975-09-28,Brann,Vålerenga,3-0,1. divisjon,1975,/1975/09/28/brann-vif/,fbf8c32d-36b0-59d8-9633-f30ed8a4d11f,1975-09-28_brann-vif.json
1975-09-21,Lillestrøm,Brann,0-1,1. divisjon,1975,/1975/09/21/lsk-brann/,a68ad2aa-89c4-511a-b242-85e6293bd711,1975-09-21_lsk-brann.json
1975-09-14,Brann,Mjøndalen,0-1,1. divisjon,1975,/1975/09/14/brann-mjondalen/,79a36693-9e0c-5346-9ec6-ca8659300f78,1975-09-14_brann-mjondalen.json
1975-08-31,Molde,Brann,1-3,1. divisjon,1975,/1975/08/31/molde-brann/,c915860a-76d8-5fde-87be-0fba32ce1a9b,1975-08-31_molde-brann.json
1975-08-25,Brann,Start,3-3,1. divisjon,1975,/1975/08/25/brann-start/,fb88af09-63a8-569b-9ac1-bc3af49e947f,1975-08-25_brann-start.json
1975-08-17,Vard,Brann,2-1,Cupen,1975,/1975/08/17/vard-brann/,8da7c032-42f5-4d23-9e32-de598bae49e9,1975-08-17_vard-brann.json
1975-08-07,Skeid,Brann,1-1,1. divisjon,1975,/1975/08/07/skeid-brann/,bf88fc80-e005-53f3-9e8c-c1476fc79cba,1975-08-07_skeid-brann.json
1975-08-04,Brann,Fredrikstad,1-1,1. divisjon,1975,/1975/08/04/brann-fredrikstad/,588d4f72-da8b-5526-8ebb-2675b9af39cf,1975-08-04_brann-fredrikstad.json
1975-07-27,Strømsgodset,Brann,2-5,1. divisjon,1975,/1975/07/27/stromsgodset-brann/,01799823-3f33-541b-a3c5-7b884b859fe3,1975-07-27_stromsgodset-brann.json
1975-06-26,Brann,Varegg,1-0,Cupen,1975,/1975/06/26/brann-varegg/,073e095e-04dc-4826-aa93-8e7b680008f3,1975-06-26_brann-varegg.json
1975-06-23,Rosenborg,Brann,2-2,1. divisjon,1975,/1975/06/23/rbk-brann/,744e9837-8361-5080-8517-09a24aefb843,1975-06-23_rbk-brann.json
1975-06-15,Brann,Os,2-1,1. divisjon,1975,/1975/06/15/brann-os/,66cf2cc9-3182-5346-aaae-2084ad38ab7b,1975-06-15_brann-os.json
1975-06-11,Jotun,Brann,0-3,Cupen,1975,/1975/06/11/jotun-brann/,78b1fbc3-5397-4fab-a2a3-32e8dd251c1f,1975-06-11_jotun-brann.json
1975-06-04,Brann,Viking,0-0,1. divisjon,1975,/1975/06/04/brann-viking/,0eb96376-3364-5506-be3f-0477ed64247e,1975-06-04_brann-viking.json
1975-06-01,Vålerenga,Brann,0-3,1. divisjon,1975,/1975/06/01/vif-brann/,54d21c82-c0bb-542a-a0ef-bd58f1e48c22,1975-06-01_vif-brann.json
1975-05-29,Brann,Bjarg,1-0,Cupen,1975,/1975/05/29/brann-bjarg/,a4d66e38-6ea3-45c6-b282-840423f8d6d6,1975-05-29_brann-bjarg.json
1975-05-26,Brann,Lillestrøm,0-1,1. divisjon,1975,/1975/05/26/brann-lsk/,8cfc954f-b398-514d-a7fd-a6b6fcfc76c2,1975-05-26_brann-lsk.json
1975-05-22,Mjøndalen,Brann,0-1,1. divisjon,1975,/1975/05/22/mjondalen-brann/,5057c725-c6bf-52dc-8d2a-db6ac732e301,1975-05-22_mjondalen-brann.json
1975-05-19,Brann,Molde,0-2,1. divisjon,1975,/1975/05/19/brann-molde/,bb318250-19b5-559b-8064-b2574cb6dc16,1975-05-19_brann-molde.json
1975-05-11,Start,Brann,2-0,1. divisjon,1975,/1975/05/11/start-brann/,a54a9cda-82aa-56a3-a55e-170004898586,1975-05-11_start-brann.json
1975-05-08,Brann,Skeid,2-1,1. divisjon,1975,/1975/05/08/brann-skeid/,432cb2fa-9484-5417-9ee9-3b0fb9d24785,1975-05-08_brann-skeid.json
1975-05-04,Fredrikstad,Brann,1-1,1. divisjon,1975,/1975/05/04/fredrikstad-brann/,4175a0e6-1da5-5d16-9f19-99a32eb0cf6e,1975-05-04_fredrikstad-brann.json
1975-04-27,Brann,Strømsgodset,1-1,1. divisjon,1975,/1975/04/27/brann-stromsgodset/,06a08e58-9dd3-5c6e-b22a-2205422e1eca,1975-04-27_brann-stromsgodset.json
1974-10-13,Brann,Skeid,1-2,1. divisjon,1974,/1974/10/13/brann-skeid/,f8bb1a28-5c0f-55e1-bdd4-bc9eaea026a7,1974-10-13_brann-skeid.json
1974-10-06,HamKam,Brann,1-1,1. divisjon,1974,/1974/10/06/hamkam-brann/,bb2917f8-1bd9-5ca4-b3e5-e835d334e08f,1974-10-06_hamkam-brann.json
1974-09-29,Brann,Viking,0-0,1. divisjon,1974,/1974/09/29/brann-viking/,7b6535e2-a563-5416-9c85-22d75315f7cc,1974-09-29_brann-viking.json
1974-09-25,Skeid,Brann,3-1,Cupen,1974,/1974/09/25/skeid-brann/,350d117a-e42b-46b4-b7f7-1c98d391d70b,1974-09-25_skeid-brann.json
1974-09-22,Brann,Rosenborg,2-0,1. divisjon,1974,/1974/09/22/brann-rbk/,9caa7095-6507-5dc6-90f8-f1793475dae5,1974-09-22_brann-rbk.json
1974-09-15,Mjøndalen,Brann,2-2,1. divisjon,1974,/1974/09/15/mjondalen-brann/,30abf392-88c2-5664-a6d3-ec51300d65b4,1974-09-15_mjondalen-brann.json
1974-09-08,Brann,Molde,2-1,Cupen,1974,/1974/09/08/brann-molde/,9efc0b63-d18a-441b-87fd-1ee50b8f82eb,1974-09-08_brann-molde.json
1974-09-02,Brann,Raufoss,5-1,1. divisjon,1974,/1974/09/02/brann-raufoss/,5aa7d989-69a3-5dc4-bfb5-b9880d606e1c,1974-09-02_brann-raufoss.json
1974-08-25,Start,Brann,0-3,1. divisjon,1974,/1974/08/25/start-brann/,af1398f1-72e3-53c2-9a97-2e76e85ff68b,1974-08-25_start-brann.json
1974-08-21,Strømsgodset,Brann,1-0,1. divisjon,1974,/1974/08/21/stromsgodset-brann/,f89e42e8-caa1-5041-9946-3ac54fd8d885,1974-08-21_stromsgodset-brann.json
1974-08-18,Os,Brann,0-3,Cupen,1974,/1974/08/18/os-brann/,1c2797df-7dfa-42ad-98bf-065d46db76b5,1974-08-18_os-brann.json
1974-08-12,Brann,Vålerenga,0-0,1. divisjon,1974,/1974/08/12/brann-vif/,89e24833-d031-51d9-b538-a35d7e82c576,1974-08-12_brann-vif.json
1974-08-04,Molde,Brann,1-0,1. divisjon,1974,/1974/08/04/molde-brann/,5babdb50-c43a-518d-8691-54044cd99645,1974-08-04_molde-brann.json
1974-07-29,Brann,Sarpsborg FK,3-1,1. divisjon,1974,/1974/07/29/brann-sarpsborg-fk/,5cde24bc-a854-518a-ab8c-fd913160de4d,1974-07-29_brann-sarpsborg-fk.json
1974-07-01,Brann,Ny-Krohnborg,4-0,Cupen,1974,/1974/07/01/brann-ny-krohnborg/,bfdc18d8-77fd-467c-ba1f-07542b0bbf2b,1974-07-01_brann-ny-krohnborg.json
1974-06-25,Skeid,Brann,2-2,1. divisjon,1974,/1974/06/25/skeid-brann/,e6042682-897a-5d77-b38f-36296d7b656e,1974-06-25_skeid-brann.json
1974-06-20,Erdal,Brann,0-3,Cupen,1974,/1974/06/20/erdal-brann/,2f318364-db1d-4877-b12a-48aa8b59a648,1974-06-20_erdal-brann.json
1974-06-17,Brann,HamKam,1-1,1. divisjon,1974,/1974/06/17/brann-hamkam/,146205ce-c6ee-531a-92d8-5d3ed8a28835,1974-06-17_brann-hamkam.json
1974-06-12,Viking,Brann,0-0,1. divisjon,1974,/1974/06/12/viking-brann/,d036cb9c-f461-5ee3-98c4-86f09b0b9bff,1974-06-12_viking-brann.json
1974-06-09,Rosenborg,Brann,0-3,1. divisjon,1974,/1974/06/09/rbk-brann/,34cff077-6917-5b47-a4a5-6c898b239546,1974-06-09_rbk-brann.json
1974-06-04,Brann,Mjøndalen,2-0,1. divisjon,1974,/1974/06/04/brann-mjondalen/,a0733098-0890-58b9-ae8a-d54841df3820,1974-06-04_brann-mjondalen.json
1974-05-30,Brann,Sogndal,5-1,Cupen,1974,/1974/05/30/brann-sogndal/,5b8f4415-3b5f-470f-8630-b9efa25415f7,1974-05-30_brann-sogndal.json
1974-05-26,Raufoss,Brann,0-1,1. divisjon,1974,/1974/05/26/raufoss-brann/,f223edf2-fef7-598d-8396-451703177dcf,1974-05-26_raufoss-brann.json
1974-05-19,Brann,Start,2-2,1. divisjon,1974,/1974/05/19/brann-start/,1a49aff3-7045-53e5-b138-36c9acd6b64e,1974-05-19_brann-start.json
1974-05-15,Brann,Strømsgodset,0-0,1. divisjon,1974,/1974/05/15/brann-stromsgodset/,c81905ee-1ce9-579a-9b13-5d4f051ad43d,1974-05-15_brann-stromsgodset.json
1974-05-12,Vålerenga,Brann,0-3,1. divisjon,1974,/1974/05/12/vif-brann/,2399298d-e679-5caf-93f6-28fc648d4f98,1974-05-12_vif-brann.json
1974-05-06,Brann,Molde,0-4,1. divisjon,1974,/1974/05/06/brann-molde/,88225f64-8858-59df-8c69-d2a39806251d,1974-05-06_brann-molde.json
1974-04-28,Sarpsborg FK,Brann,2-5,1. divisjon,1974,/1974/04/28/sarpsborg-fk-brann/,99b97b4d-ecc0-5394-b618-2ba44fb501f9,1974-04-28_sarpsborg-fk-brann.json
1973-11-07,Glentoran,Brann,3-1,Cupvinnercupen,1973,/1973/11/07/glentoran-brann/,850d40d6-a4a8-4067-843e-f00e29b0d376,1973-11-07_glentoran-brann.json
1973-10-24,Brann,Glentoran,1-1,Cupvinnercupen,1973,/1973/10/24/brann-glentoran/,1885fb1b-d6cb-4843-92bf-dca30823032d,1973-10-24_brann-glentoran.json
1973-10-14,Frigg,Brann,0-2,1. divisjon,1973,/1973/10/14/frigg-brann/,ca2e3da6-7053-512e-9e6c-d4ead050ccd8,1973-10-14_frigg-brann.json
1973-10-07,Brann,Start,2-1,1. divisjon,1973,/1973/10/07/brann-start/,5049647a-ad38-5b43-94e3-65d98a8a9ff8,1973-10-07_brann-start.json
1973-10-03,Brann,Gzira,7-0,Cupvinnercupen,1973,/1973/10/03/brann-gzira/,020786e1-0af6-4826-834d-1a4f62e560b4,1973-10-03_brann-gzira.json
1973-09-30,Mjøndalen,Brann,1-1,1. divisjon,1973,/1973/09/30/mjondalen-brann/,fe09ec5f-f16c-5d0e-8d7b-890047dda8c0,1973-09-30_mjondalen-brann.json
1973-09-19,Gzira,Brann,0-2,Cupvinnercupen,1973,/1973/09/19/gzira-brann/,4a2ebab6-05d8-4254-ab86-dca947371f1d,1973-09-19_gzira-brann.json
1973-09-16,Brann,Fredrikstad,5-0,1. divisjon,1973,/1973/09/16/brann-fredrikstad/,5fe11e9f-73f3-5a7a-8563-fa46d6e00632,1973-09-16_brann-fredrikstad.json
1973-09-09,HamKam,Brann,3-3,1. divisjon,1973,/1973/09/09/hamkam-brann/,c957453c-421b-52d0-aa5e-b8a950e50378,1973-09-09_hamkam-brann.json
1973-09-02,Viking,Brann,1-0,Cupen,1973,/1973/09/02/viking-brann/,6c05e2a5-2217-49ce-b1ed-b844349b7812,1973-09-02_viking-brann.json
1973-08-29,Brann,Viking,1-0,1. divisjon,1973,/1973/08/29/brann-viking/,de5dc473-20dc-53aa-b7ae-0a64fc428839,1973-08-29_brann-viking.json
1973-08-23,Lyn,Brann,0-1,1. divisjon,1973,/1973/08/23/lyn-brann/,c398391d-5271-5577-b24f-61359e1d360a,1973-08-23_lyn-brann.json
1973-08-19,Brann,Frigg,4-0,Cupen,1973,/1973/08/19/brann-frigg/,4fa58602-635e-494b-8fc2-1b7fb764b723,1973-08-19_brann-frigg.json
1973-08-14,Brann,Strømsgodset,1-0,1. divisjon,1973,/1973/08/14/brann-stromsgodset/,5f09bd9f-a0c1-5e94-bdd0-0a37f2be974b,1973-08-14_brann-stromsgodset.json
1973-08-09,Raufoss,Brann,1-1,1. divisjon,1973,/1973/08/09/raufoss-brann/,0fb9f39d-e729-521a-aeb8-b6333b92fb80,1973-08-09_raufoss-brann.json
1973-08-06,Brann,Skeid,1-1,1. divisjon,1973,/1973/08/06/brann-skeid/,fd19bbbf-214c-548e-862c-7ba8c29725d7,1973-08-06_brann-skeid.json
1973-07-30,Rosenborg,Brann,5-0,1. divisjon,1973,/1973/07/30/rbk-brann/,48505583-2de1-5f36-9be2-c3425cca55cb,1973-07-30_rbk-brann.json
1973-07-02,Brann,Frigg,0-1,1. divisjon,1973,/1973/07/02/brann-frigg/,1a52e25d-7f6f-5911-8e40-28cfe7e2b1ca,1973-07-02_brann-frigg.json
1973-06-28,Fana,Brann,0-7,Cupen,1973,/1973/06/28/fana-brann/,dc751966-9ba0-4c09-918d-aec32e653249,1973-06-28_fana-brann.json
1973-06-25,Start,Brann,1-0,1. divisjon,1973,/1973/06/25/start-brann/,70aa3fd2-0ba6-5d13-8f8e-10bddb3964d1,1973-06-25_start-brann.json
1973-06-18,Brann,Mjøndalen,3-0,1. divisjon,1973,/1973/06/18/brann-mjondalen/,0568eeda-8cc7-504b-9e44-0106a3f3281b,1973-06-18_brann-mjondalen.json
1973-06-14,Brann,Stord,1-0,Cupen,1973,/1973/06/14/brann-stord/,ebbc1580-e28f-4f93-9f6a-8e7bb5867247,1973-06-14_brann-stord.json
1973-06-11,Fredrikstad,Brann,1-4,1. divisjon,1973,/1973/06/11/fredrikstad-brann/,87e1e790-2480-53f3-8dc5-8f7c01d1f898,1973-06-11_fredrikstad-brann.json
1973-06-03,Brann,HamKam,0-0,1. divisjon,1973,/1973/06/03/brann-hamkam/,d200d3b6-738d-5a51-aab4-c1e5de70c5fc,1973-06-03_brann-hamkam.json
1973-05-31,Arna,Brann,1-4,Cupen,1973,/1973/05/31/arna-brann/,9ad49f74-8e1e-447c-8398-c57a499662e3,1973-05-31_arna-brann.json
1973-05-28,Viking,Brann,4-1,1. divisjon,1973,/1973/05/28/viking-brann/,d32ce1c6-2e73-5b41-9d64-22f220b0006f,1973-05-28_viking-brann.json
1973-05-23,Brann,Lyn,5-2,1. divisjon,1973,/1973/05/23/brann-lyn/,9f4e16d5-ccec-5cf7-9ee0-d538f9f0db84,1973-05-23_brann-lyn.json
1973-05-20,Strømsgodset,Brann,1-0,1. divisjon,1973,/1973/05/20/stromsgodset-brann/,ef83a712-f37d-57ec-9608-8ddb7fb373ef,1973-05-20_stromsgodset-brann.json
1973-05-14,Brann,Raufoss,0-1,1. divisjon,1973,/1973/05/14/brann-raufoss/,12dce376-5b50-591d-8839-bb0587e9fa03,1973-05-14_brann-raufoss.json
1973-05-03,Skeid,Brann,3-0,1. divisjon,1973,/1973/05/03/skeid-brann/,4ebe13d1-5ae1-5d7f-ae66-8f61f8becb4e,1973-05-03_skeid-brann.json
1973-05-01,Brann,Rosenborg,0-1,1. divisjon,1973,/1973/05/01/brann-rbk/,69781fa1-1767-5c6c-8c66-57747b2712f4,1973-05-01_brann-rbk.json
1972-10-22,Rosenborg,Brann,0-1,Cupen,1972,/1972/10/22/rbk-brann/,62189804-7cfc-44a7-bfd1-43970fefa9e4,1972-10-22_rbk-brann.json
1972-10-15,Brann,Mjølner,2-0,1. divisjon,1972,/1972/10/15/brann-mjolner/,5c00a0d1-3a27-5b85-8d87-27b5980c4697,1972-10-15_brann-mjolner.json
1972-10-11,Sarpsborg FK,Brann,0-2,Cupen,1972,/1972/10/11/sarpsborg-fk-brann/,84789a05-06a5-4975-b329-9c25238ab068,1972-10-11_sarpsborg-fk-brann.json
1972-10-08,Strømsgodset,Brann,1-1,1. divisjon,1972,/1972/10/08/stromsgodset-brann/,55f499fd-7433-5459-aaa9-72e203c611dd,1972-10-08_stromsgodset-brann.json
1972-10-01,Lyn,Brann,0-1,1. divisjon,1972,/1972/10/01/lyn-brann/,90329496-dd54-5313-8085-d6ee9b131427,1972-10-01_lyn-brann.json
1972-09-24,Brann,Sarpsborg FK,3-0,1. divisjon,1972,/1972/09/24/brann-sarpsborg-fk/,2ee12611-55cd-5041-af91-b3ff8274abf8,1972-09-24_brann-sarpsborg-fk.json
1972-09-10,Hødd,Brann,1-2,1. divisjon,1972,/1972/09/10/hodd-brann/,d3a33a4f-c372-50c3-81da-cd7f52dfcd8e,1972-09-10_hodd-brann.json
1972-09-03,Brann,Bryne,2-1,Cupen,1972,/1972/09/03/brann-bryne/,6c80deb3-f6d7-4402-ad36-9639ec233e8f,1972-09-03_brann-bryne.json
1972-08-27,Brann,Rosenborg,0-0,1. divisjon,1972,/1972/08/27/brann-rbk/,72ad17c6-9424-5416-8db7-7368b1c41ddf,1972-08-27_brann-rbk.json
1972-08-20,Brann,Clausenengen,1-0,Cupen,1972,/1972/08/20/brann-clausenengen/,3d172463-e3f5-497b-b32d-d7faec91f4e7,1972-08-20_brann-clausenengen.json
1972-08-17,Mjøndalen,Brann,4-2,1. divisjon,1972,/1972/08/17/mjondalen-brann/,25202cfa-6a36-5d41-a294-89e1000db9ff,1972-08-17_mjondalen-brann.json
1972-08-14,Brann,Viking,1-2,1. divisjon,1972,/1972/08/14/brann-viking/,d07de40a-4d39-5c77-a83d-dfb92e4a43f9,1972-08-14_brann-viking.json
1972-08-09,Skeid,Brann,2-2,1. divisjon,1972,/1972/08/09/skeid-brann/,cbc79ee0-a6cb-5df1-a82c-9112d9ec4054,1972-08-09_skeid-brann.json
1972-07-31,Brann,Fredrikstad,0-1,1. divisjon,1972,/1972/07/31/brann-fredrikstad/,b3fbaf78-f65e-5362-b46b-0441397fb397,1972-07-31_brann-fredrikstad.json
1972-07-09,Odda,Brann,0-4,Cupen,1972,/1972/07/09/odda-brann/,be89e26c-b5c8-4568-b899-6dea717dde21,1972-07-09_odda-brann.json
1972-07-01,HamKam,Brann,3-1,1. divisjon,1972,/1972/07/01/hamkam-brann/,ebe5b664-56fd-5cc3-a9e7-05dd4643ab2d,1972-07-01_hamkam-brann.json
1972-06-26,Brann,HamKam,1-0,1. divisjon,1972,/1972/06/26/brann-hamkam/,5ea938be-4ff6-5c73-a72d-e2651f62030c,1972-06-26_brann-hamkam.json
1972-06-22,Baune,Brann,1-4,Cupen,1972,/1972/06/22/baune-brann/,554c64ac-88d9-4864-9ed3-7b780258ad09,1972-06-22_baune-brann.json
1972-06-18,Mjølner,Brann,0-1,1. divisjon,1972,/1972/06/18/mjolner-brann/,c0874ee4-8e91-5e4e-9028-2b891a39334e,1972-06-18_mjolner-brann.json
1972-06-12,Brann,Strømsgodset,1-1,1. divisjon,1972,/1972/06/12/brann-stromsgodset/,b394e4ea-23cd-5765-801a-ae11d057347b,1972-06-12_brann-stromsgodset.json
1972-06-05,Brann,Lyn,0-0,1. divisjon,1972,/1972/06/05/brann-lyn/,a0b52f01-a9dd-52c9-8897-5c47d59b2a17,1972-06-05_brann-lyn.json
1972-06-01,Brann,Bjarg,3-1,Cupen,1972,/1972/06/01/brann-bjarg/,57b9278b-65ad-4b3e-9c70-7264e0f2bf1c,1972-06-01_brann-bjarg.json
1972-05-25,Sarpsborg FK,Brann,1-0,1. divisjon,1972,/1972/05/25/sarpsborg-fk-brann/,c94e8a67-1552-5d18-ae83-301538be1928,1972-05-25_sarpsborg-fk-brann.json
1972-05-22,Brann,Hødd,1-1,1. divisjon,1972,/1972/05/22/brann-hodd/,d204e73e-c589-5255-913a-554dba76087c,1972-05-22_brann-hodd.json
1972-05-15,Rosenborg,Brann,2-0,1. divisjon,1972,/1972/05/15/rbk-brann/,d8cd40ae-3e69-516f-94a9-5959d3604057,1972-05-15_rbk-brann.json
1972-05-11,Brann,Mjøndalen,3-0,1. divisjon,1972,/1972/05/11/brann-mjondalen/,f8d7ffa8-2977-5693-b671-61a8250d3343,1972-05-11_brann-mjondalen.json
1972-05-07,Viking,Brann,2-0,1. divisjon,1972,/1972/05/07/viking-brann/,25c423af-414a-51e1-affb-7675d802b8bb,1972-05-07_viking-brann.json
1972-04-28,Brann,Skeid,0-1,1. divisjon,1972,/1972/04/28/brann-skeid/,abac691c-ba39-5227-a59a-1a0019b568f7,1972-04-28_brann-skeid.json
1972-04-23,Fredrikstad,Brann,1-0,1. divisjon,1972,/1972/04/23/fredrikstad-brann/,d4c11490-418b-5c3d-b665-a0fbe929ac4c,1972-04-23_fredrikstad-brann.json
1971-10-17,Brann,Rosenborg,0-1,1. divisjon,1971,/1971/10/17/brann-rbk/,0798c586-8bb7-5196-9668-3ffbaed4ca8e,1971-10-17_brann-rbk.json
1971-10-10,Sarpsborg FK,Brann,3-3,1. divisjon,1971,/1971/10/10/sarpsborg-fk-brann/,5bba85c9-10ac-5bcb-a598-c16306a3633c,1971-10-10_sarpsborg-fk-brann.json
1971-10-03,Brann,Frigg,3-1,1. divisjon,1971,/1971/10/03/brann-frigg/,8cef058f-a81c-5fb8-a37e-a8effe900245,1971-10-03_brann-frigg.json
1971-09-19,HamKam,Brann,2-0,1. divisjon,1971,/1971/09/19/hamkam-brann/,a6082cc2-6bc2-57e8-aebd-c507143ce3d3,1971-09-19_hamkam-brann.json
1971-09-12,Brann,Lyn,0-1,1. divisjon,1971,/1971/09/12/brann-lyn/,dc94c6ad-f062-5f15-879b-2905df72d83b,1971-09-12_brann-lyn.json
1971-09-05,Fredrikstad,Brann,2-0,1. divisjon,1971,/1971/09/05/fredrikstad-brann/,004e1e4b-c1c3-5eee-8d5b-d4de51af9445,1971-09-05_fredrikstad-brann.json
1971-08-22,Brann,Hødd,2-2,1. divisjon,1971,/1971/08/22/brann-hodd/,0ea902f1-fca3-5221-8fbc-beb3f69acd16,1971-08-22_brann-hodd.json
1971-08-11,Brann,Viking,1-0,1. divisjon,1971,/1971/08/11/brann-viking/,5bf039b8-87b5-517c-97b8-d87beb40f465,1971-08-11_brann-viking.json
1971-08-01,Strømsgodset,Brann,3-1,1. divisjon,1971,/1971/08/01/stromsgodset-brann/,ca2c8842-3dcb-5b14-85f8-6f0c867ef779,1971-08-01_stromsgodset-brann.json
1971-07-25,Vålerenga,Brann,3-0,Cupen,1971,/1971/07/25/vif-brann/,d217efe0-9bfe-4b77-b355-0fd0500f9e83,1971-07-25_vif-brann.json
1971-06-24,Brann,Os,5-0,Cupen,1971,/1971/06/24/brann-os/,1cc433a4-8210-4ae4-9c62-9195f924f2a6,1971-06-24_brann-os.json
1971-06-20,Frigg,Brann,1-0,1. divisjon,1971,/1971/06/20/frigg-brann/,ff4600e8-1e2d-59be-b0be-5886fa4fad18,1971-06-20_frigg-brann.json
1971-06-14,Brann,Sarpsborg FK,1-3,1. divisjon,1971,/1971/06/14/brann-sarpsborg-fk/,d544fe4b-782b-5d1f-a6c2-553117032291,1971-06-14_brann-sarpsborg-fk.json
1971-06-05,Rosenborg,Brann,0-1,1. divisjon,1971,/1971/06/05/rbk-brann/,d542f2a7-99f0-5e53-8d22-69d1ae1cbc74,1971-06-05_rbk-brann.json
1971-06-03,Ny-Krohnborg,Brann,0-1,Cupen,1971,/1971/06/03/ny-krohnborg-brann/,1a856195-d162-4d16-8586-965ab788e4b3,1971-06-03_ny-krohnborg-brann.json
1971-06-01,Brann,HamKam,0-3,1. divisjon,1971,/1971/06/01/brann-hamkam/,342845ff-4354-585e-a138-59c53ce440d7,1971-06-01_brann-hamkam.json
1971-05-23,Lyn,Brann,3-1,1. divisjon,1971,/1971/05/23/lyn-brann/,e7037ff1-a698-5af7-a8f5-626680dd87a6,1971-05-23_lyn-brann.json
1971-05-14,Brann,Fredrikstad,1-1,1. divisjon,1971,/1971/05/14/brann-fredrikstad/,aca4e5f5-b924-5c99-aa4b-ec434fa5b8d1,1971-05-14_brann-fredrikstad.json
1971-05-09,Hødd,Brann,0-0,1. divisjon,1971,/1971/05/09/hodd-brann/,fbc9b691-89b2-57d2-b8f6-418f052cb7d2,1971-05-09_hodd-brann.json
1971-05-03,Viking,Brann,5-0,1. divisjon,1971,/1971/05/03/viking-brann/,c0abee35-c9f8-54c1-b50d-36cce0557574,1971-05-03_viking-brann.json
1971-04-28,Brann,Strømsgodset,0-0,1. divisjon,1971,/1971/04/28/brann-stromsgodset/,f5ffcd94-a4f5-55f4-b7ed-cdd8d559ee0e,1971-04-28_brann-stromsgodset.json
1970-10-18,Sarpsborg FK,Brann,1-1,1. divisjon,1970,/1970/10/18/sarpsborg-fk-brann/,33ebed3b-d637-5f15-a74d-842e23393968,1970-10-18_sarpsborg-fk-brann.json
1970-10-11,Brann,Pors,1-0,1. divisjon,1970,/1970/10/11/brann-pors/,3761c00b-4e30-5413-a992-1268c382311e,1970-10-11_brann-pors.json
1970-09-27,Rosenborg,Brann,0-0,1. divisjon,1970,/1970/09/27/rbk-brann/,e8a796b2-67f2-5933-bec3-526f8c270b5a,1970-09-27_rbk-brann.json
1970-09-20,Brann,Viking,2-1,1. divisjon,1970,/1970/09/20/brann-viking/,925b883c-d4be-595b-a0b5-9e3103181532,1970-09-20_brann-viking.json
1970-09-06,HamKam,Brann,0-1,1. divisjon,1970,/1970/09/06/hamkam-brann/,0eccdb6f-90d5-5840-8eb0-87614611d972,1970-09-06_hamkam-brann.json
1970-08-30,Brann,Lyn,0-2,Cupen,1970,/1970/08/30/brann-lyn/,b9e2557c-ec89-4515-b001-a1fe498c8d48,1970-08-30_brann-lyn.json
1970-08-27,Bryne,Brann,0-3,Cupen,1970,/1970/08/27/bryne-brann/,65d9e825-793f-4ac9-bee8-0279aca8b5a4,1970-08-27_bryne-brann.json
1970-08-24,Brann,Skeid,2-0,1. divisjon,1970,/1970/08/24/brann-skeid/,7617dc0e-b139-53d7-811c-61637712a3d4,1970-08-24_brann-skeid.json
1970-08-20,Bryne,Brann,0-0,Cupen,1970,/1970/08/20/bryne-brann/,dcd25793-2e6a-4015-b899-7a0e3038c953,1970-08-20_bryne-brann.json
1970-08-17,Brann,Strømsgodset,1-0,1. divisjon,1970,/1970/08/17/brann-stromsgodset/,b2acdb72-2f88-5963-a905-37cf0d7309c3,1970-08-17_brann-stromsgodset.json
1970-08-12,Hødd,Brann,1-2,1. divisjon,1970,/1970/08/12/hodd-brann/,91d4387f-7e2f-5f2a-8a57-31d825a32666,1970-08-12_hodd-brann.json
1970-08-09,Brann,Bryne,1-1,Cupen,1970,/1970/08/09/brann-bryne/,e04e6c31-0163-4a5d-9dbc-1ae47ea186fa,1970-08-09_brann-bryne.json
1970-08-03,Brann,Fredrikstad,1-0,1. divisjon,1970,/1970/08/03/brann-fredrikstad/,188836a1-ec14-598e-939c-136bd38832a8,1970-08-03_brann-fredrikstad.json
1970-07-26,Brann,Kopervik,2-0,Cupen,1970,/1970/07/26/brann-kopervik/,21d74009-c36d-4d39-be80-8ad3f8db5fc4,1970-07-26_brann-kopervik.json
1970-06-26,Arna,Brann,2-6,Cupen,1970,/1970/06/26/arna-brann/,85db46f5-f3da-4586-9589-0ee8da42f2fe,1970-06-26_arna-brann.json
1970-06-22,Brann,Sarpsborg FK,0-1,1. divisjon,1970,/1970/06/22/brann-sarpsborg-fk/,b7b1ee67-2751-5c3b-913f-3cb7fc254c3d,1970-06-22_brann-sarpsborg-fk.json
1970-06-14,Pors,Brann,0-3,1. divisjon,1970,/1970/06/14/pors-brann/,2fcf13a8-3905-5dc5-9fa0-2d1ff0c2f9b4,1970-06-14_pors-brann.json
1970-06-08,Brann,Rosenborg,0-1,1. divisjon,1970,/1970/06/08/brann-rbk/,358f9164-a1c9-5dec-9c83-5b1b6d76b75b,1970-06-08_brann-rbk.json
1970-06-05,Brann,Florvåg,2-1,Cupen,1970,/1970/06/05/brann-florvag/,e6c53790-ea49-4d50-b41a-67f848d64419,1970-06-05_brann-florvag.json
1970-06-01,Viking,Brann,2-1,1. divisjon,1970,/1970/06/01/viking-brann/,54d0c98d-3c0c-5c59-be51-5de363a2170e,1970-06-01_viking-brann.json
1970-05-25,Brann,HamKam,0-3,1. divisjon,1970,/1970/05/25/brann-hamkam/,77b06270-9363-58c0-8d7f-09b47ae90e7c,1970-05-25_brann-hamkam.json
1970-05-19,Skeid,Brann,1-1,1. divisjon,1970,/1970/05/19/skeid-brann/,9c642b64-ba61-5761-86d0-459c8d582c2b,1970-05-19_skeid-brann.json
1970-05-10,Strømsgodset,Brann,0-0,1. divisjon,1970,/1970/05/10/stromsgodset-brann/,3993a250-746f-5375-a3d4-b9faf18964bf,1970-05-10_stromsgodset-brann.json
1970-05-04,Brann,Hødd,2-0,1. divisjon,1970,/1970/05/04/brann-hodd/,54d84862-661d-51a4-9c41-f0e2c6e751f8,1970-05-04_brann-hodd.json
1970-04-26,Fredrikstad,Brann,0-0,1. divisjon,1970,/1970/04/26/fredrikstad-brann/,920aa51d-7549-545b-8541-9e3cd468457f,1970-04-26_fredrikstad-brann.json
1969-10-19,Brann,Strømsgodset,2-1,1. divisjon,1969,/1969/10/19/brann-stromsgodset/,30be11b0-7345-5bf2-92fd-5a9cdde28af8,1969-10-19_brann-stromsgodset.json
1969-10-12,Viking,Brann,0-0,1. divisjon,1969,/1969/10/12/viking-brann/,423ad9ee-f2be-5c38-8229-95b612bf23d6,1969-10-12_viking-brann.json
1969-09-28,Brann,Fredrikstad,1-1,1. divisjon,1969,/1969/09/28/brann-fredrikstad/,62f9fffb-baa7-5ae3-afaf-9c8fb1c41732,1969-09-28_brann-fredrikstad.json
1969-09-14,Lyn,Brann,1-1,1. divisjon,1969,/1969/09/14/lyn-brann/,25448e86-1b65-5ab5-bcb9-2737c1ae496e,1969-09-14_lyn-brann.json
1969-08-31,Brann,Skeid,2-2,1. divisjon,1969,/1969/08/31/brann-skeid/,e4e0e2b5-c476-5a13-8340-2a87e06035c9,1969-08-31_brann-skeid.json
1969-08-17,Start,Brann,1-1,1. divisjon,1969,/1969/08/17/start-brann/,23290cdf-ef24-5375-9185-d2eaa372b978,1969-08-17_start-brann.json
1969-08-11,Brann,Sarpsborg FK,2-0,1. divisjon,1969,/1969/08/11/brann-sarpsborg-fk/,2327de4b-a0d5-5a4e-9117-57905ca15fe6,1969-08-11_brann-sarpsborg-fk.json
1969-08-06,Brann,Rosenborg,0-1,1. divisjon,1969,/1969/08/06/brann-rbk/,4031ab7c-1dbc-57bf-8362-9ea751174c79,1969-08-06_brann-rbk.json
1969-08-02,Viking,Brann,2-1,Cupen,1969,/1969/08/02/viking-brann/,cd1b7307-548d-4da6-89c2-66ce42512c81,1969-08-02_viking-brann.json
1969-07-27,Hødd,Brann,0-1,1. divisjon,1969,/1969/07/27/hodd-brann/,9bfd2e37-d94d-5390-a5ed-4c3abb7e2614,1969-07-27_hodd-brann.json
1969-07-09,Brann,Haugar,1-0,Cupen,1969,/1969/07/09/brann-haugar/,1769880e-17bc-4fc1-b5dc-a2f132ee02af,1969-07-09_brann-haugar.json
1969-07-04,Haugar,Brann,1-1,Cupen,1969,/1969/07/04/haugar-brann/,fd55722f-238d-4838-8166-1a46971fc4ee,1969-07-04_haugar-brann.json
1969-06-25,Brann,Bjarg,5-0,Cupen,1969,/1969/06/25/brann-bjarg/,2d9e6a65-29d9-4832-9f22-3a0ef76b3664,1969-06-25_brann-bjarg.json
1969-06-22,Strømsgodset,Brann,3-1,1. divisjon,1969,/1969/06/22/stromsgodset-brann/,eef4666b-729e-5809-8545-4d3fb1f19b9b,1969-06-22_stromsgodset-brann.json
1969-06-13,Brann,Lyn,2-1,1. divisjon,1969,/1969/06/13/brann-lyn/,cc6c9bbf-6e0c-5539-8684-67b58ee78394,1969-06-13_brann-lyn.json
1969-06-08,Fredrikstad,Brann,1-0,1. divisjon,1969,/1969/06/08/fredrikstad-brann/,7eca87c1-3a5a-57aa-821a-7045830fe101,1969-06-08_fredrikstad-brann.json
1969-06-04,Varegg,Brann,1-4,Cupen,1969,/1969/06/04/varegg-brann/,33d21fcd-3ac2-4f0e-9555-2c51fe0e520c,1969-06-04_varegg-brann.json
1969-05-27,Brann,Viking,1-0,1. divisjon,1969,/1969/05/27/brann-viking/,777bbc67-89a4-560a-87cc-6a05882beb4f,1969-05-27_brann-viking.json
1969-05-22,Skeid,Brann,1-0,1. divisjon,1969,/1969/05/22/skeid-brann/,8fc5db18-4211-5e95-8dc9-29dcde0c91c4,1969-05-22_skeid-brann.json
1969-05-15,Brann,Start,2-1,1. divisjon,1969,/1969/05/15/brann-start/,7d4e84ac-27ea-5a03-8553-1f5730d6f49e,1969-05-15_brann-start.json
1969-05-11,Sarpsborg FK,Brann,5-2,1. divisjon,1969,/1969/05/11/sarpsborg-fk-brann/,951051dc-d92a-55f0-970f-32dc491d1aed,1969-05-11_sarpsborg-fk-brann.json
1969-05-04,Rosenborg,Brann,5-0,1. divisjon,1969,/1969/05/04/rbk-brann/,477e60a2-e74e-57f9-a824-4b95461f3b21,1969-05-04_rbk-brann.json
1969-04-27,Brann,Hødd,2-2,1. divisjon,1969,/1969/04/27/brann-hodd/,b2f870a6-b734-5789-8917-28e7d492e6fc,1969-04-27_brann-hodd.json
1968-10-20,Fredrikstad,Brann,1-3,1. divisjon,1968,/1968/10/20/fredrikstad-brann/,f7c9bbd5-2935-5c07-b7d1-50c85395ebce,1968-10-20_fredrikstad-brann.json
1968-10-13,Brann,Viking,2-2,1. divisjon,1968,/1968/10/13/brann-viking/,caf74c48-0c7b-5703-a148-75d56d3a1877,1968-10-13_brann-viking.json
1968-10-06,Frigg,Brann,0-4,1. divisjon,1968,/1968/10/06/frigg-brann/,8047992c-f88b-568c-8ed2-cee281f5b6e2,1968-10-06_frigg-brann.json
1968-09-22,Brann,Lyn,0-2,1. divisjon,1968,/1968/09/22/brann-lyn/,c6add070-8e03-5f30-a768-7339009a3289,1968-09-22_brann-lyn.json
1968-09-08,Rosenborg,Brann,7-1,1. divisjon,1968,/1968/09/08/rbk-brann/,2c51285b-829e-5ca1-a90b-c6bcadc14553,1968-09-08_rbk-brann.json
1968-09-01,Brann,Lyn,1-4,Cupen,1968,/1968/09/01/brann-lyn/,48c29030-b611-4059-816a-ddef4843df4c,1968-09-01_brann-lyn.json
1968-08-26,Brann,Vålerenga,2-0,1. divisjon,1968,/1968/08/26/brann-vif/,306d47b2-5ef9-5d92-80bd-921a6f6c14a2,1968-08-26_brann-vif.json
1968-08-13,Skeid,Brann,2-0,1. divisjon,1968,/1968/08/13/skeid-brann/,8f503c1c-57f8-5e3c-8939-6afdd33cc24b,1968-08-13_skeid-brann.json
1968-08-07,Brann,Strømsgodset,2-1,1. divisjon,1968,/1968/08/07/brann-stromsgodset/,d9df6272-8c21-519d-b25b-7d1ebc506630,1968-08-07_brann-stromsgodset.json
1968-08-04,Brann,Sandnes Ulf,2-1,Cupen,1968,/1968/08/04/brann-ulf/,2562d820-9464-43c3-a2e1-e62aa763dde2,1968-08-04_brann-ulf.json
1968-07-28,Sarpsborg FK,Brann,1-2,1. divisjon,1968,/1968/07/28/sarpsborg-fk-brann/,38084b15-2f2f-58a2-b966-73db0411462d,1968-07-28_sarpsborg-fk-brann.json
1968-07-08,Vigør,Brann,1-3,Cupen,1968,/1968/07/08/vigor-brann/,81a2cfac-f4bd-47a8-9d16-054aed8e2c28,1968-07-08_vigor-brann.json
1968-06-30,Brann,Vigør,2-2,Cupen,1968,/1968/06/30/brann-vigor/,63703b0c-9255-4ce1-bb32-26db473624e8,1968-06-30_brann-vigor.json
1968-06-26,Årstad,Brann,2-3,Cupen,1968,/1968/06/26/arstad-brann/,3dfb5a13-eaea-4670-928e-bafc2187d86a,1968-06-26_arstad-brann.json
1968-06-16,Brann,Fredrikstad,2-3,1. divisjon,1968,/1968/06/16/brann-fredrikstad/,9ba6b44c-dacc-568a-b51d-89006b905554,1968-06-16_brann-fredrikstad.json
1968-06-11,Lyn,Brann,1-4,1. divisjon,1968,/1968/06/11/lyn-brann/,b47e8648-1a5d-5272-9e9d-333f0741840b,1968-06-11_lyn-brann.json
1968-06-04,Brann,Frigg,2-2,1. divisjon,1968,/1968/06/04/brann-frigg/,b4a903a3-0d72-559c-8a51-5397aa170cba,1968-06-04_brann-frigg.json
1968-05-30,Brann,Ny-Krohnborg,3-1,Cupen,1968,/1968/05/30/brann-ny-krohnborg/,6dc26ab8-c454-4f33-8885-baddd6a8d03d,1968-05-30_brann-ny-krohnborg.json
1968-05-27,Viking,Brann,2-1,1. divisjon,1968,/1968/05/27/viking-brann/,14bac1f1-fdda-51aa-b3cd-950a59b4996f,1968-05-27_viking-brann.json
1968-05-23,Brann,Rosenborg,0-4,1. divisjon,1968,/1968/05/23/brann-rbk/,c6f39f80-d4d8-574e-8329-69368a02bb19,1968-05-23_brann-rbk.json
1968-05-19,Vålerenga,Brann,2-2,1. divisjon,1968,/1968/05/19/vif-brann/,3c6bb237-e32d-57a6-8dfa-ce6ed9f842d5,1968-05-19_vif-brann.json
1968-05-13,Brann,Skeid,2-0,1. divisjon,1968,/1968/05/13/brann-skeid/,3dd3475c-effe-593c-9f8a-60a7ee3a6dc5,1968-05-13_brann-skeid.json
1968-05-05,Strømsgodset,Brann,2-0,1. divisjon,1968,/1968/05/05/stromsgodset-brann/,7c342a86-74e6-5464-af3b-a489d9895dd3,1968-05-05_stromsgodset-brann.json
1968-04-28,Brann,Sarpsborg FK,2-0,1. divisjon,1968,/1968/04/28/brann-sarpsborg-fk/,043ddf50-7ab1-5be7-8f08-d6f177443070,1968-04-28_brann-sarpsborg-fk.json
1967-10-14,Raufoss,Brann,3-1,"2. divisjon, avd. B",1967,/1967/10/14/raufoss-brann/,584399c2-c1d8-477d-ad78-c347132de183,1967-10-14_raufoss-brann.json
1967-10-01,Rosenborg,Brann,3-1,Cupen,1967,/1967/10/01/rbk-brann/,caf6d43a-4932-4dc3-ab46-6cce1861b9d4,1967-10-01_rbk-brann.json
1967-09-24,Brann,Kvik (Trondheim),2-0,"2. divisjon, avd. B",1967,/1967/09/24/brann-kvik/,6167548f-f3ca-47d0-b8a0-7e17fb53e061,1967-09-24_brann-kvik.json
1967-09-17,Gjøvik-Lyn,Brann,3-1,"2. divisjon, avd. B",1967,/1967/09/17/gjovik-lyn-brann/,7c1ec699-c736-4cee-b78c-3f3328e8dcb7,1967-09-17_gjovik-lyn-brann.json
1967-09-10,Brann,Mjøndalen,4-1,"2. divisjon, avd. B",1967,/1967/09/10/brann-mjondalen/,5f9ec108-d79a-486a-a167-83e68d0e125a,1967-09-10_brann-mjondalen.json
1967-09-03,Hødd,Brann,2-2,"2. divisjon, avd. B",1967,/1967/09/03/hodd-brann/,b1a9fa01-4d79-4f5e-b9ea-4961a33bfbbd,1967-09-03_hodd-brann.json
1967-08-27,Brann,Steinkjer,1-0,Cupen,1967,/1967/08/27/brann-steinkjer/,a70df0a0-d629-4667-9355-b8cb76f871f5,1967-08-27_brann-steinkjer.json
1967-08-20,Brann,Aurskog,1-2,"2. divisjon, avd. B",1967,/1967/08/20/brann-aurskog/,6c6a89fc-75c6-433b-ad81-f5ca0e5fdff0,1967-08-20_brann-aurskog.json
1967-08-13,Brann,Hødd,5-2,Cupen,1967,/1967/08/13/brann-hodd/,9b24edf8-fbf8-48cd-89d0-80e089468cf7,1967-08-13_brann-hodd.json
1967-08-05,Nidelv,Brann,1-1,"2. divisjon, avd. B",1967,/1967/08/05/nidelv-brann/,954483b9-420c-4942-8587-7e4e8310851c,1967-08-05_nidelv-brann.json
1967-06-22,Vard,Brann,1-2,Cupen,1967,/1967/06/22/vard-brann/,ef64baf0-2677-4a17-8207-c9687ab54a5e,1967-06-22_vard-brann.json
1967-06-19,Brann,Raufoss,4-1,"2. divisjon, avd. B",1967,/1967/06/19/brann-raufoss/,4bfdd191-3d3d-4afb-9d00-d1a653f6b17b,1967-06-19_brann-raufoss.json
1967-06-14,Brann,Arna,4-3,Cupen,1967,/1967/06/14/brann-arna/,f1570e9c-04c9-4602-b19b-9468357a1d3a,1967-06-14_brann-arna.json
1967-06-11,Kvik (Trondheim),Brann,1-2,"2. divisjon, avd. B",1967,/1967/06/11/kvik-brann/,29ebe070-5ba7-44e3-b588-5a28e0077e88,1967-06-11_kvik-brann.json
1967-06-05,Brann,Gjøvik-Lyn,7-2,"2. divisjon, avd. B",1967,/1967/06/05/brann-gjovik-lyn/,4d46eaf5-9aed-4f14-b1b2-be20986186bc,1967-06-05_brann-gjovik-lyn.json
1967-05-28,Mjøndalen,Brann,0-2,"2. divisjon, avd. B",1967,/1967/05/28/mjondalen-brann/,cc3f3108-f773-41f0-b03a-ddff8e5f4a8c,1967-05-28_mjondalen-brann.json
1967-05-25,Brann,Baune,2-0,Cupen,1967,/1967/05/25/brann-baune/,73ded447-909e-4b93-b54e-0ab2102d17ef,1967-05-25_brann-baune.json
1967-05-21,Brann,Hødd,4-2,"2. divisjon, avd. B",1967,/1967/05/21/brann-hodd/,42444b46-7787-43c2-85ba-5bf802090795,1967-05-21_brann-hodd.json
1967-05-14,Aurskog,Brann,0-4,"2. divisjon, avd. B",1967,/1967/05/14/aurskog-brann/,fe50a729-c4be-4aef-8399-0630719b62a0,1967-05-14_aurskog-brann.json
1967-05-06,Brann,Nidelv,4-0,"2. divisjon, avd. B",1967,/1967/05/06/brann-nidelv/,37a698f1-8a73-405e-b8e8-39bc9ee6befa,1967-05-06_brann-nidelv.json
1966-10-09,Rosenborg,Brann,2-0,"2. divisjon, avd. B",1966,/1966/10/09/rbk-brann/,1be4dc38-98a0-4a3b-acf3-610eb2b5d9b5,1966-10-09_rbk-brann.json
1966-10-02,Brann,Start,2-0,"2. divisjon, avd. B",1966,/1966/10/02/brann-start/,ff10f507-ae42-475f-9691-e0319883bb99,1966-10-02_brann-start.json
1966-09-25,Brann,Bryne,2-0,"2. divisjon, avd. B",1966,/1966/09/25/brann-bryne/,03f75073-725b-4f80-a6e4-ce0fbdb1285c,1966-09-25_brann-bryne.json
1966-09-11,Falken,Brann,1-1,"2. divisjon, avd. B",1966,/1966/09/11/falken-brann/,3c63fa25-deb3-4d0d-9584-7c9d92692c29,1966-09-11_falken-brann.json
1966-09-05,Brann,Baune,0-1,"2. divisjon, avd. B",1966,/1966/09/05/brann-baune/,3588e5bd-cd92-42d2-86ee-d082b5a185c7,1966-09-05_brann-baune.json
1966-08-26,Viking,Brann,3-0,"2. divisjon, avd. B",1966,/1966/08/26/viking-brann/,631caeda-1185-4c6c-ab2a-ded3fecdde7c,1966-08-26_viking-brann.json
1966-08-21,Lyn,Brann,6-3,Cupen,1966,/1966/08/21/lyn-brann/,485be9e8-23f6-45d7-aa1d-9037d43852b1,1966-08-21_lyn-brann.json
1966-08-07,Brann,Nidelv,1-0,"2. divisjon, avd. B",1966,/1966/08/07/brann-nidelv/,edb0eb25-014e-4150-8f48-d5d92fe58066,1966-08-07_brann-nidelv.json
1966-08-01,Brann,Florvåg,5-1,Cupen,1966,/1966/08/01/brann-florvag/,f821b153-9de4-4358-bba5-db6fe1d69064,1966-08-01_brann-florvag.json
1966-06-22,Varegg,Brann,1-3,Cupen,1966,/1966/06/22/varegg-brann/,eb08de44-6820-4453-a689-a767cc7fb21b,1966-06-22_varegg-brann.json
1966-06-19,Brann,Rosenborg,1-1,"2. divisjon, avd. B",1966,/1966/06/19/brann-rbk/,ae9c20f1-cf70-4957-94b8-4177c78a8683,1966-06-19_brann-rbk.json
1966-06-05,Start,Brann,1-0,"2. divisjon, avd. B",1966,/1966/06/05/start-brann/,e6c0b497-c698-4bbf-b7a1-1ba2c349ed0e,1966-06-05_start-brann.json
1966-06-02,Brann,Sandviken,3-1,Cupen,1966,/1966/06/02/brann-sandviken/,1e65d7ec-0bf2-432c-b7dd-510c65bcdf13,1966-06-02_brann-sandviken.json
1966-05-30,Bryne,Brann,0-2,"2. divisjon, avd. B",1966,/1966/05/30/bryne-brann/,789d2169-9d4a-4137-9b7a-a66ccde50417,1966-05-30_bryne-brann.json
1966-05-22,Brann,Falken,5-1,"2. divisjon, avd. B",1966,/1966/05/22/brann-falken/,da4eabc1-1535-4322-a0e6-b3e39941c90a,1966-05-22_brann-falken.json
1966-05-16,Baune,Brann,2-0,"2. divisjon, avd. B",1966,/1966/05/16/baune-brann/,1664c429-37fc-48ee-a659-3516b1e4e87f,1966-05-16_baune-brann.json
1966-05-09,Brann,Viking,4-1,"2. divisjon, avd. B",1966,/1966/05/09/brann-viking/,c10986e9-a8ec-4020-ad2c-70d2b28eadc7,1966-05-09_brann-viking.json
1966-05-01,Nidelv,Brann,0-1,"2. divisjon, avd. B",1966,/1966/05/01/nidelv-brann/,e02e0106-3d9e-4e45-b3ef-d41334f151a8,1966-05-01_nidelv-brann.json
1965-10-10,Brann,Rosenborg,2-1,"2. divisjon, avd. B",1965,/1965/10/10/brann-rbk/,ca1d4440-5597-4ea8-943d-5be7935d5828,1965-10-10_brann-rbk.json
1965-10-03,Hødd,Brann,1-1,"2. divisjon, avd. B",1965,/1965/10/03/hodd-brann/,0bdad67e-ba2e-4420-9f3c-1bea28cc5b81,1965-10-03_hodd-brann.json
1965-09-19,Start,Brann,3-0,"2. divisjon, avd. B",1965,/1965/09/19/start-brann/,f2cc9897-1f7d-4334-8d60-6a2824328101,1965-09-19_start-brann.json
1965-09-12,Brann,Skeid,1-2,Cupen,1965,/1965/09/12/brann-skeid/,7cdc1ba6-2d04-4dcf-9ef3-92f2bba1c360,1965-09-12_brann-skeid.json
1965-09-05,Brann,Nidelv,3-2,"2. divisjon, avd. B",1965,/1965/09/05/brann-nidelv/,13708510-3978-4e4d-830a-6090d8c68fe6,1965-09-05_brann-nidelv.json
1965-09-02,Brann,Årstad,0-0,"2. divisjon, avd. B",1965,/1965/09/02/brann-arstad/,67fbb614-260b-4798-9ec5-87eeb694d1ae,1965-09-02_brann-arstad.json
1965-08-29,Kvik (Trondheim),Brann,2-3,"2. divisjon, avd. B",1965,/1965/08/29/kvik-brann/,a2e00a36-7142-40b5-8f5f-d9bc355bce38,1965-08-29_kvik-brann.json
1965-08-22,Brann,Lisleby,3-0,Cupen,1965,/1965/08/22/brann-lisleby/,aec32361-4082-4b60-8eae-c6fac33d849f,1965-08-22_brann-lisleby.json
1965-08-14,Brann,Bryne,1-2,"2. divisjon, avd. B",1965,/1965/08/14/brann-bryne/,29a019c1-bb49-42fc-8f11-6cd4aa214418,1965-08-14_brann-bryne.json
1965-08-01,Stavanger,Brann,1-3,Cupen,1965,/1965/08/01/stavanger-brann/,b2ebcc7f-e4e1-426d-8203-293153fb4295,1965-08-01_stavanger-brann.json
1965-06-24,Brann,Nordnes,1-0,Cupen,1965,/1965/06/24/brann-nordnes/,720faa06-cd49-4c99-a433-879d2a71138e,1965-06-24_brann-nordnes.json
1965-06-20,Rosenborg,Brann,2-2,"2. divisjon, avd. B",1965,/1965/06/20/rbk-brann/,95985137-547e-494f-875e-586fac17b56c,1965-06-20_rbk-brann.json
1965-06-13,Brann,Hødd,3-3,"2. divisjon, avd. B",1965,/1965/06/13/brann-hodd/,69586983-8f89-4280-be12-1745c4a2bff9,1965-06-13_brann-hodd.json
1965-06-05,Ny-Krohnborg,Brann,1-6,Cupen,1965,/1965/06/05/ny-krohnborg-brann/,b606ac38-0ebc-40c5-9d7c-642da00a0e81,1965-06-05_ny-krohnborg-brann.json
1965-05-30,Brann,Start,2-0,"2. divisjon, avd. B",1965,/1965/05/30/brann-start/,740db92b-0111-47af-8420-53e5bd99f335,1965-05-30_brann-start.json
1965-05-23,Nidelv,Brann,1-1,"2. divisjon, avd. B",1965,/1965/05/23/nidelv-brann/,660fc4cc-e938-41af-b494-29a29e9428ec,1965-05-23_nidelv-brann.json
1965-05-13,Årstad,Brann,1-3,"2. divisjon, avd. B",1965,/1965/05/13/arstad-brann/,3a326649-909b-4970-afa7-06e270474bc6,1965-05-13_arstad-brann.json
1965-05-08,Brann,Kvik (Trondheim),2-1,"2. divisjon, avd. B",1965,/1965/05/08/brann-kvik/,0e01d10f-7af9-456f-abed-c84562a0ee52,1965-05-08_brann-kvik.json
1965-05-02,Bryne,Brann,0-2,"2. divisjon, avd. B",1965,/1965/05/02/bryne-brann/,df456e14-d848-4241-86e9-8cda880fab8d,1965-05-02_bryne-brann.json
1964-10-04,Brann,Raufoss,0-1,1. divisjon,1964,/1964/10/04/brann-raufoss/,a80f13dc-bbe9-5709-af1e-9a46f9570428,1964-10-04_brann-raufoss.json
1964-09-27,Brann,Frigg,3-3,1. divisjon,1964,/1964/09/27/brann-frigg/,da2f4827-6a60-5649-8d4c-345a0a225adc,1964-09-27_brann-frigg.json
1964-09-13,Vålerenga,Brann,0-0,1. divisjon,1964,/1964/09/13/vif-brann/,236044bb-08b3-5a6d-aa06-2256f813f441,1964-09-13_vif-brann.json
1964-09-09,Viking,Brann,1-0,1. divisjon,1964,/1964/09/09/viking-brann/,04601590-41be-5621-9edd-b6ebdec1ccd0,1964-09-09_viking-brann.json
1964-09-06,Vålerenga,Brann,4-2,Cupen,1964,/1964/09/06/vif-brann/,61578277-5896-4797-af80-2da6fb21d2ad,1964-09-06_vif-brann.json
1964-09-02,Brann,Sarpsborg FK,2-0,1. divisjon,1964,/1964/09/02/brann-sarpsborg-fk/,954a0a63-56ec-5a79-b32f-13e0068ae751,1964-09-02_brann-sarpsborg-fk.json
1964-08-23,HamKam,Brann,1-2,Cupen,1964,/1964/08/23/hamkam-brann/,3ac3596f-72bd-4e2d-8a7f-3b4b9801b991,1964-08-23_hamkam-brann.json
1964-08-16,Brann,Sandefjord BK,3-1,1. divisjon,1964,/1964/08/16/brann-sandefjord-bk/,4cfb9a7a-31be-5a9f-aef5-fa1c8c81ccf3,1964-08-16_brann-sandefjord-bk.json
1964-08-13,Skeid,Brann,4-0,1. divisjon,1964,/1964/08/13/skeid-brann/,29f1f019-67a5-523b-8f00-6a3e89973a83,1964-08-13_skeid-brann.json
1964-08-08,Brann,Lyn,0-7,1. divisjon,1964,/1964/08/08/brann-lyn/,104ca311-e4ca-5531-a070-41bbee815dc5,1964-08-08_brann-lyn.json
1964-08-02,Djerv,Brann,1-4,Cupen,1964,/1964/08/02/djerv-brann/,a6878671-14a7-45de-8611-4472bf0e5d23,1964-08-02_djerv-brann.json
1964-07-26,Fredrikstad,Brann,4-0,1. divisjon,1964,/1964/07/26/fredrikstad-brann/,c9c0dfb3-85d2-5a4a-8b20-3f5b0e788f22,1964-07-26_fredrikstad-brann.json
1964-06-28,Brann,Vard,5-1,Cupen,1964,/1964/06/28/brann-vard/,2a6ea187-a411-4875-b8c5-ae954e918597,1964-06-28_brann-vard.json
1964-06-21,Raufoss,Brann,0-0,1. divisjon,1964,/1964/06/21/raufoss-brann/,2904d967-4da7-5424-a567-a117c7859f8c,1964-06-21_raufoss-brann.json
1964-06-14,Frigg,Brann,0-0,1. divisjon,1964,/1964/06/14/frigg-brann/,ec7178c6-6b9a-5b0a-ab9e-7e4c0fba51d6,1964-06-14_frigg-brann.json
1964-06-08,Brann,Vålerenga,1-1,1. divisjon,1964,/1964/06/08/brann-vif/,31f76e37-31ba-53fd-a477-4ae89da62a21,1964-06-08_brann-vif.json
1964-06-05,Brann,Hardy,11-0,Cupen,1964,/1964/06/05/brann-hardy/,830dd24f-776d-4559-a61b-9c3f7e852478,1964-06-05_brann-hardy.json
1964-05-31,Sarpsborg FK,Brann,1-0,1. divisjon,1964,/1964/05/31/sarpsborg-fk-brann/,1e789b72-b97d-59b2-9319-0585e5e9e3c5,1964-05-31_sarpsborg-fk-brann.json
1964-05-23,Brann,Viking,5-0,1. divisjon,1964,/1964/05/23/brann-viking/,69231781-65b3-562d-b017-1d24854eb338,1964-05-23_brann-viking.json
1964-05-16,Sandefjord BK,Brann,1-0,1. divisjon,1964,/1964/05/16/sandefjord-bk-brann/,30e9cb14-f05e-50a0-a7cb-d3bee72d51cf,1964-05-16_sandefjord-bk-brann.json
1964-05-09,Brann,Skeid,2-2,1. divisjon,1964,/1964/05/09/brann-skeid/,82a57239-e32f-546b-8593-c8e8890b2e61,1964-05-09_brann-skeid.json
1964-05-03,Lyn,Brann,4-1,1. divisjon,1964,/1964/05/03/lyn-brann/,015778b1-41e4-5f1e-b14b-1d15c1356ff1,1964-05-03_lyn-brann.json
1964-04-26,Brann,Fredrikstad,0-2,1. divisjon,1964,/1964/04/26/brann-fredrikstad/,e5cc3d12-e5e0-5ece-b515-aca4f3da1f56,1964-04-26_brann-fredrikstad.json
1963-10-13,Brann,Vålerenga,3-1,1. divisjon,1963,/1963/10/13/brann-vif/,cae7a994-8a7c-5c92-b55d-6ae6164dc4f7,1963-10-13_brann-vif.json
1963-10-06,Sarpsborg FK,Brann,1-1,1. divisjon,1963,/1963/10/06/sarpsborg-fk-brann/,8f418383-b2da-5cfd-b6d7-89696199112f,1963-10-06_sarpsborg-fk-brann.json
1963-09-22,Brann,Steinkjer,3-0,1. divisjon,1963,/1963/09/22/brann-steinkjer/,193a6556-4098-5cc7-992f-ecc24b1f477d,1963-09-22_brann-steinkjer.json
1963-09-07,Lyn,Brann,1-3,1. divisjon,1963,/1963/09/07/lyn-brann/,8ed03f49-3c5d-55b0-8919-949dfaea3c28,1963-09-07_lyn-brann.json
1963-09-01,Brann,Sagene,0-1,Cupen,1963,/1963/09/01/brann-sagene/,54663cf5-a916-4f9d-b756-b57daf7c98ce,1963-09-01_brann-sagene.json
1963-08-24,Brann,Viking,2-1,1. divisjon,1963,/1963/08/24/brann-viking/,dcad1365-66e2-5946-9075-90a7caff5f8e,1963-08-24_brann-viking.json
1963-08-21,Fredrikstad,Brann,1-1,1. divisjon,1963,/1963/08/21/fredrikstad-brann/,52b35708-7dbf-592d-8587-aa5a4966251e,1963-08-21_fredrikstad-brann.json
1963-08-18,Brann,Skeid,2-1,1. divisjon,1963,/1963/08/18/brann-skeid/,e38900cb-1a05-57d7-95cc-50fd5f4a07ce,1963-08-18_brann-skeid.json
1963-08-11,Bryne,Brann,1-2,Cupen,1963,/1963/08/11/bryne-brann/,b3564306-f77a-4562-b045-3a91b881a6e3,1963-08-11_bryne-brann.json
1963-08-06,Frigg,Brann,4-3,1. divisjon,1963,/1963/08/06/frigg-brann/,57afca80-6f11-5d2c-87ee-53ce4a78d638,1963-08-06_frigg-brann.json
1963-07-28,Brann,Gjøvik-Lyn,3-1,1. divisjon,1963,/1963/07/28/brann-gjovik-lyn/,4fa27186-a284-5ff9-8956-4a700dda409e,1963-07-28_brann-gjovik-lyn.json
1963-06-24,Vålerenga,Brann,2-4,1. divisjon,1963,/1963/06/24/vif-brann/,a9ceecc7-a58c-5ab3-bc38-866b1460debd,1963-06-24_vif-brann.json
1963-06-21,Brann,Fana,9-0,Cupen,1963,/1963/06/21/brann-fana/,5029b6d4-b0b4-49f8-b075-a9cee515094e,1963-06-21_brann-fana.json
1963-06-15,Brann,Sarpsborg FK,7-1,1. divisjon,1963,/1963/06/15/brann-sarpsborg-fk/,d29e1a41-7416-5b1b-abf9-562f03cd5a85,1963-06-15_brann-sarpsborg-fk.json
1963-06-09,Steinkjer,Brann,0-3,1. divisjon,1963,/1963/06/09/steinkjer-brann/,a3bbc697-c9e6-52dd-b5b4-6157c8f874d2,1963-06-09_steinkjer-brann.json
1963-06-06,Trane,Brann,0-7,Cupen,1963,/1963/06/06/trane-brann/,1eab9e55-9400-4f38-94b2-261ff55a840f,1963-06-06_trane-brann.json
1963-05-30,Skeid,Brann,2-1,1. divisjon,1963,/1963/05/30/skeid-brann/,beab957d-3fa6-5d74-8d23-a3f80a220455,1963-05-30_skeid-brann.json
1963-05-26,Brann,Lyn,0-6,1. divisjon,1963,/1963/05/26/brann-lyn/,6ed2db58-4c46-582a-ab55-5533e1ba5636,1963-05-26_brann-lyn.json
1963-05-22,Viking,Brann,1-1,1. divisjon,1963,/1963/05/22/viking-brann/,8e9015e9-e061-5a25-aa5d-cf6aa894b7e1,1963-05-22_viking-brann.json
1963-05-19,Brann,Fredrikstad,1-1,1. divisjon,1963,/1963/05/19/brann-fredrikstad/,afbe01cb-56fb-5455-938d-262cdd9fb54f,1963-05-19_brann-fredrikstad.json
1963-05-04,Brann,Frigg,8-1,1. divisjon,1963,/1963/05/04/brann-frigg/,bdf32340-a382-555a-897f-fa56acab19e8,1963-05-04_brann-frigg.json
1963-04-28,Gjøvik-Lyn,Brann,2-0,1. divisjon,1963,/1963/04/28/gjovik-lyn-brann/,9efad9dd-867e-5bc2-837a-8e3d407ddefb,1963-04-28_gjovik-lyn-brann.json
1962-10-21,Brann,Eik,3-0,Maratonserien,1961/62,/1962/10/21/brann-eik/,cH3036guahcFMGAZTFVaP0,1962-10-21_brann-eik.json
1962-10-14,Rosenborg,Brann,1-4,Maratonserien,1961/62,/1962/10/14/rbk-brann/,u548ocwktfdShAy5KiB2BA,1962-10-14_rbk-brann.json
1962-09-30,Brann,Fredrikstad,4-1,Maratonserien,1961/62,/1962/09/30/brann-fredrikstad/,u548ocwktfdShAy5KiB1tk,1962-09-30_brann-fredrikstad.json
1962-09-23,Rosenborg,Brann,2-1,Cupen,1962,/1962/09/23/rbk-brann/,cH3036guahcFMGAZTFVbDK,1962-09-23_rbk-brann.json
1962-09-09,Lyn,Brann,2-5,Maratonserien,1961/62,/1962/09/09/lyn-brann/,cH3036guahcFMGAZTFVaZ4,1962-09-09_lyn-brann.json
1962-09-05,Aalesund,Brann,1-2,Cupen,1962,/1962/09/05/aalesund-brann/,u548ocwktfdShAy5KiB2Gy,1962-09-05_aalesund-brann.json
1962-09-01,Brann,Aalesund,0-0,Cupen,1962,/1962/09/01/brann-aalesund/,cH3036guahcFMGAZTFVZGY,1962-09-01_brann-aalesund.json
1962-08-22,Brann,Frigg,1-2,Maratonserien,1961/62,/1962/08/22/brann-frigg/,EMlANHgCc3HIanJefeug1N,1962-08-22_brann-frigg.json
1962-08-19,Greåker,Brann,1-6,Maratonserien,1961/62,/1962/08/19/greaker-brann/,u548ocwktfdShAy5KiB2Js,1962-08-19_greaker-brann.json
1962-08-11,Sandnes Ulf,Brann,0-1,Cupen,1962,/1962/08/11/ulf-brann/,EMlANHgCc3HIanJefeufdf,1962-08-11_ulf-brann.json
1962-08-04,Brann,Steinkjer,4-1,Maratonserien,1961/62,/1962/08/04/brann-steinkjer/,cH3036guahcFMGAZTFVaU2,1962-08-04_brann-steinkjer.json
1962-08-01,Brann,Viking,4-1,Maratonserien,1961/62,/1962/08/01/brann-viking/,EMlANHgCc3HIanJefeufiP,1962-08-01_brann-viking.json
1962-07-29,Larvik Turn,Brann,1-6,Maratonserien,1961/62,/1962/07/29/larvik-turn-brann/,EMlANHgCc3HIanJefeufg2,1962-07-29_larvik-turn-brann.json
1962-06-30,Brann,Odd,3-3,Maratonserien,1961/62,/1962/06/30/brann-odd/,cH3036guahcFMGAZTFVaj8,1962-06-30_brann-odd.json
1962-06-27,Brann,Arna,6-0,Cupen,1962,/1962/06/27/brann-arna/,EMlANHgCc3HIanJefeufkm,1962-06-27_brann-arna.json
1962-06-24,Lisleby,Brann,3-1,Maratonserien,1961/62,/1962/06/24/lisleby-brann/,u548ocwktfdShAy5KiB28G,1962-06-24_lisleby-brann.json
1962-06-16,Brann,Vålerenga,1-0,Maratonserien,1961/62,/1962/06/16/brann-vif/,cH3036guahcFMGAZTFVaoA,1962-06-16_brann-vif.json
1962-06-07,Varegg,Brann,2-4,Cupen,1962,/1962/06/07/varegg-brann/,EMlANHgCc3HIanJefeufz0,1962-06-07_varegg-brann.json
1962-06-03,Skeid,Brann,1-1,Maratonserien,1961/62,/1962/06/03/skeid-brann/,EMlANHgCc3HIanJefeug3k,1962-06-03_skeid-brann.json
1962-05-31,Sandefjord BK,Brann,0-1,Maratonserien,1961/62,/1962/05/31/sandefjord-bk-brann/,cH3036guahcFMGAZTFVatC,1962-05-31_sandefjord-bk-brann.json
1962-05-27,Brann,Ørn,4-1,Maratonserien,1961/62,/1962/05/27/brann-orn/,cH3036guahcFMGAZTFVZQc,1962-05-27_brann-orn.json
1962-05-23,Eik,Brann,1-2,Maratonserien,1961/62,/1962/05/23/eik-brann/,cH3036guahcFMGAZTFVb3G,1962-05-23_eik-brann.json
1962-05-20,Brann,Rosenborg,6-1,Maratonserien,1961/62,/1962/05/20/brann-rbk/,cH3036guahcFMGAZTFVayE,1962-05-20_brann-rbk.json
1962-05-13,Frigg,Brann,4-0,Maratonserien,1961/62,/1962/05/13/frigg-brann/,u548ocwktfdShAy5KiB1i8,1962-05-13_frigg-brann.json
1962-05-06,Brann,Lyn,3-2,Maratonserien,1961/62,/1962/05/06/brann-lyn/,u548ocwktfdShAy5KiB1fE,1962-05-06_brann-lyn.json
1962-04-29,Fredrikstad,Brann,6-3,Maratonserien,1961/62,/1962/04/29/fredrikstad-brann/,cH3036guahcFMGAZTFVZLa,1962-04-29_fredrikstad-brann.json
1961-10-15,Steinkjer,Brann,1-2,Maratonserien,1961/62,/1961/10/15/steinkjer-brann/,W8l1l8fzYvAvoEOl3TwYm5,1961-10-15_steinkjer-brann.json
1961-10-08,Brann,Greåker,5-0,Maratonserien,1961/62,/1961/10/08/brann-greaker/,pWLQ9sJun2MtgNp1e3sP09,1961-10-08_brann-greaker.json
1961-10-01,Brann,Fredrikstad,0-1,Cupen,1961,/1961/10/01/brann-fredrikstad/,cH3036guahcFMGAZTFsobO,1961-10-01_brann-fredrikstad.json
1961-09-24,Brann,Sandefjord BK,3-1,Maratonserien,1961/62,/1961/09/24/brann-sandefjord-bk/,EMlANHgCc3HIanJeff74Ty,1961-09-24_brann-sandefjord-bk.json
1961-09-10,Rosenborg,Brann,2-3,Cupen,1961,/1961/09/10/rbk-brann/,cH3036guahcFMGAZTFsoRK,1961-09-10_rbk-brann.json
1961-09-03,Ørn,Brann,0-7,Maratonserien,1961/62,/1961/09/03/orn-brann/,cH3036guahcFMGAZTFvlY6,1961-09-03_orn-brann.json
1961-08-27,Strømmen,Brann,0-3,Cupen,1961,/1961/08/27/strommen-brann/,EMlANHgCc3HIanJeff5ZAo,1961-08-27_strommen-brann.json
1961-08-21,Brann,Lisleby,3-0,Maratonserien,1961/62,/1961/08/21/brann-lisleby/,W8l1l8fzYvAvoEOl3TwYqt,1961-08-21_brann-lisleby.json
1961-08-16,Odd,Brann,3-5,Maratonserien,1961/62,/1961/08/16/odd-brann/,u548ocwktfdShAy5KiP7uS,1961-08-16_odd-brann.json
1961-08-13,Vålerenga,Brann,2-2,Maratonserien,1961/62,/1961/08/13/vif-brann/,pWLQ9sJun2MtgNp1e3sOzU,1961-08-13_vif-brann.json
1961-08-09,Brann,Skeid,1-1,Maratonserien,1961/62,/1961/08/09/brann-skeid/,KcqbAM33Xe9cA6KVYUUnTy,1961-08-09_brann-skeid.json
1961-08-06,Brann,Stavanger,4-0,Cupen,1961,/1961/08/06/brann-stavanger/,cH3036guahcFMGAZTFsp5a,1961-08-06_brann-stavanger.json
1961-08-02,Viking,Brann,2-0,Maratonserien,1961/62,/1961/08/02/viking-brann/,EMlANHgCc3HIanJeff74Rb,1961-08-02_viking-brann.json
1961-07-30,Brann,Larvik Turn,4-2,Maratonserien,1961/62,/1961/07/30/brann-larvik-turn/,uM0UHCv4zrYMohGPYchB0J,1961-07-30_brann-larvik-turn.json
1961-06-18,Start,Brann,1-3,Kvalifisering,1961/62,/1961/06/18/start-brann/,u548ocwktfdShAy5KicWkO,1961-06-18_start-brann.json
1961-06-10,Nymark,Brann,0-4,Cupen,1961,/1961/06/10/nymark-brann/,cH3036guahcFMGAZTFsoWM,1961-06-10_nymark-brann.json
1961-06-05,Brann,Sandnes Ulf,1-1,Kvalifisering,1961/62,/1961/06/05/brann-ulf/,EMlANHgCc3HIanJeffHyCy,1961-06-05_brann-ulf.json
1961-05-28,Årstad,Brann,0-3,Distriktsserien,1960/61,/1961/05/28/arstad-brann/,PzjDOU7ExWABGhcIE687i4,1961-05-28_arstad-brann.json
1961-05-20,Brann,Nordnes,5-0,Cupen,1961,/1961/05/20/brann-nordnes/,EMlANHgCc3HIanJeff5ZDB,1961-05-20_brann-nordnes.json
1961-05-14,Brann,Os,6-2,Distriktsserien,1960/61,/1961/05/14/brann-os/,KcqbAM33Xe9cA6KVYUUnS4,1961-05-14_brann-os.json
1961-05-04,Trane,Brann,0-2,Distriktsserien,1960/61,/1961/05/04/trane-brann/,bt5i41JY5nF1wwHNBmPE56,1961-05-04_trane-brann.json
1961-04-26,Brann,Fana,6-0,Distriktsserien,1960/61,/1961/04/26/brann-fana/,pWLQ9sJun2MtgNp1e3sOyp,1961-04-26_brann-fana.json
1960-10-16,Varegg,Brann,1-1,Distriktsserien,1960/61,/1960/10/16/varegg-brann/,EMlANHgCc3HIanJeffHbx4,1960-10-16_varegg-brann.json
1960-10-09,Brann,Nordnes,6-0,Distriktsserien,1960/61,/1960/10/09/brann-nordnes/,cH3036guahcFMGAZTGHoDG,1960-10-09_brann-nordnes.json
1960-09-07,Brann,Årstad,0-0,Distriktsserien,1960/61,/1960/09/07/brann-arstad/,cH3036guahcFMGAZTGHocQ,1960-09-07_brann-arstad.json
1960-09-04,Brann,Sandefjord BK,1-4,Cupen,1960,/1960/09/04/brann-sandefjord-bk/,u548ocwktfdShAy5KibxIe,1960-09-04_brann-sandefjord-bk.json
1960-08-31,Os,Brann,1-6,Distriktsserien,1960/61,/1960/08/31/os-brann/,u548ocwktfdShAy5Kic8AC,1960-08-31_os-brann.json
1960-08-21,Brann,Trane,7-0,Distriktsserien,1960/61,/1960/08/21/brann-trane/,EMlANHgCc3HIanJeffHc1o,1960-08-21_brann-trane.json
1960-08-14,Vard,Brann,0-2,Cupen,1960,/1960/08/14/vard-brann/,u548ocwktfdShAy5KibxOS,1960-08-14_vard-brann.json
1960-08-09,Fana,Brann,2-3,Distriktsserien,1960/61,/1960/08/09/fana-brann/,cH3036guahcFMGAZTGHoXO,1960-08-09_fana-brann.json
1960-08-05,Nordnes,Brann,1-1,Distriktsserien,1960/61,/1960/08/05/nordnes-brann/,cH3036guahcFMGAZTGHoSM,1960-08-05_nordnes-brann.json
1960-07-28,Brann,Varegg,4-2,Distriktsserien,1960/61,/1960/07/28/brann-varegg/,EMlANHgCc3HIanJeffHbiq,1960-07-28_brann-varegg.json
1960-06-19,Brann,Sogndal,3-1,Cupen,1960,/1960/06/19/brann-sogndal/,u548ocwktfdShAy5KibxCq,1960-06-19_brann-sogndal.json
1960-06-12,Brann,Larvik Turn,4-1,Hovedserien,1959/60,/1960/06/12/brann-larvik-turn/,u548ocwktfdShAy5Kic8G0,1960-06-12_brann-larvik-turn.json
1960-06-07,Brann,Hardy,5-0,Cupen,1960,/1960/06/07/brann-hardy/,u548ocwktfdShAy5KibxFk,1960-06-07_brann-hardy.json
1960-05-29,Brann,Viking,1-1,Hovedserien,1959/60,/1960/05/29/brann-viking/,cH3036guahcFMGAZTGHoII,1960-05-29_brann-viking.json
1960-05-22,Lillestrøm,Brann,5-3,Hovedserien,1959/60,/1960/05/22/lsk-brann/,cH3036guahcFMGAZTGHo8E,1960-05-22_lsk-brann.json
1960-05-15,Vålerenga,Brann,7-0,Hovedserien,1959/60,/1960/05/15/vif-brann/,EMlANHgCc3HIanJeffHbpx,1960-05-15_vif-brann.json
1960-05-08,Brann,Greåker,0-3,Hovedserien,1959/60,/1960/05/08/brann-greaker/,EMlANHgCc3HIanJeffHbsK,1960-05-08_brann-greaker.json
1960-05-01,Start,Brann,1-4,Hovedserien,1959/60,/1960/05/01/start-brann/,u548ocwktfdShAy5Kic8Iu,1960-05-01_start-brann.json
1960-04-24,Viking,Brann,1-1,Hovedserien,1959/60,/1960/04/24/viking-brann/,u548ocwktfdShAy5Kic8D6,1960-04-24_viking-brann.json
1959-10-11,Brann,Sandefjord BK,0-1,Hovedserien,1959/60,/1959/10/11/brann-sandefjord-bk/,cH3036guahcFMGAZTGKUWM,1959-10-11_brann-sandefjord-bk.json
1959-10-04,Larvik Turn,Brann,3-0,Hovedserien,1959/60,/1959/10/04/larvik-turn-brann/,cH3036guahcFMGAZTGKUHG,1959-10-04_larvik-turn-brann.json
1959-09-20,Brann,Greåker,0-3,Cupen,1959,/1959/09/20/brann-greaker/,cH3036guahcFMGAZTGJNw6,1959-09-20_brann-greaker.json
1959-09-06,Brann,Lillestrøm,1-2,Hovedserien,1959/60,/1959/09/06/brann-lsk/,EMlANHgCc3HIanJeffIp8O,1959-09-06_brann-lsk.json
1959-09-02,Sandaker,Brann,0-2,Cupen,1959,/1959/09/02/sandaker-brann/,EMlANHgCc3HIanJeffILj7,1959-09-02_sandaker-brann.json
1959-08-30,Brann,Sandaker,2-2,Cupen,1959,/1959/08/30/brann-sandaker/,EMlANHgCc3HIanJeffILlU,1959-08-30_brann-sandaker.json
1959-08-23,Brann,Vålerenga,0-1,Hovedserien,1959/60,/1959/08/23/brann-vif/,u548ocwktfdShAy5KidZVY,1959-08-23_brann-vif.json
1959-08-16,Greåker,Brann,0-1,Hovedserien,1959/60,/1959/08/16/greaker-brann/,u548ocwktfdShAy5KidZPk,1959-08-16_greaker-brann.json
1959-08-09,Jarl,Brann,2-5,Cupen,1959,/1959/08/09/jarl-brann/,EMlANHgCc3HIanJeffILZd,1959-08-09_jarl-brann.json
1959-08-02,Brann,Start,2-1,Hovedserien,1959/60,/1959/08/02/brann-start/,u548ocwktfdShAy5KidZE8,1959-08-02_brann-start.json
1959-07-26,Sandefjord BK,Brann,2-2,Hovedserien,1959/60,/1959/07/26/sandefjord-bk-brann/,cH3036guahcFMGAZTGKU2A,1959-07-26_sandefjord-bk-brann.json
1959-06-12,Brann,Nymark,2-1,Cupen,1959,/1959/06/12/brann-nymark/,cH3036guahcFMGAZTGJO18,1959-06-12_brann-nymark.json
1959-06-07,Brann,Eik,1-2,Hovedserien,1958/59,/1959/06/07/brann-eik/,u548ocwktfdShAy5KidZ8K,1959-06-07_brann-eik.json
1959-05-31,Viking,Brann,1-0,Hovedserien,1958/59,/1959/05/31/viking-brann/,EMlANHgCc3HIanJeffIp3e,1959-05-31_viking-brann.json
1959-05-24,Brann,Årstad,3-0,Hovedserien,1958/59,/1959/05/24/brann-arstad/,cH3036guahcFMGAZTGKTx8,1959-05-24_brann-arstad.json
1959-05-16,Fana,Brann,0-5,Cupen,1959,/1959/05/16/fana-brann/,cH3036guahcFMGAZTGJNr4,1959-05-16_fana-brann.json
1959-05-10,Asker,Brann,0-0,Hovedserien,1958/59,/1959/05/10/asker-brann/,EMlANHgCc3HIanJeffIoyu,1959-05-10_asker-brann.json
1959-05-07,Brann,Sandefjord BK,1-1,Hovedserien,1958/59,/1959/05/07/brann-sandefjord-bk/,u548ocwktfdShAy5KidZJw,1959-05-07_brann-sandefjord-bk.json
1959-05-03,Greåker,Brann,0-4,Hovedserien,1958/59,/1959/05/03/greaker-brann/,EMlANHgCc3HIanJeffIouA,1959-05-03_greaker-brann.json
1958-10-12,Brann,Fredrikstad,1-2,Hovedserien,1958/59,/1958/10/12/brann-fredrikstad/,u548ocwktfdShAy5Kidwge,1958-10-12_brann-fredrikstad.json
1958-10-05,Eik,Brann,6-0,Hovedserien,1958/59,/1958/10/05/eik-brann/,u548ocwktfdShAy5KidwS8,1958-10-05_eik-brann.json
1958-09-28,Brann,Viking,1-2,Hovedserien,1958/59,/1958/09/28/brann-viking/,u548ocwktfdShAy5KidvqO,1958-09-28_brann-viking.json
1958-09-21,Viking,Brann,2-1,Cupen,1958,/1958/09/21/viking-brann/,u548ocwktfdShAy5Kidw7o,1958-09-21_viking-brann.json
1958-09-07,Fredrikstad,Brann,4-0,Hovedserien,1958/59,/1958/09/07/fredrikstad-brann/,EMlANHgCc3HIanJeffJ8kh,1958-09-07_fredrikstad-brann.json
1958-08-31,Brann,Larvik Turn,5-4,Cupen,1958,/1958/08/31/brann-larvik-turn/,EMlANHgCc3HIanJeffJ8fx,1958-08-31_brann-larvik-turn.json
1958-08-24,Brann,Asker,4-2,Hovedserien,1958/59,/1958/08/24/brann-asker/,EMlANHgCc3HIanJeffJ8U6,1958-08-24_brann-asker.json
1958-08-17,Sandefjord BK,Brann,4-1,Hovedserien,1958/59,/1958/08/17/sandefjord-bk-brann/,EMlANHgCc3HIanJeffJ8bD,1958-08-17_sandefjord-bk-brann.json
1958-08-10,Varegg,Brann,0-4,Cupen,1958,/1958/08/10/varegg-brann/,cH3036guahcFMGAZTGL74g,1958-08-10_varegg-brann.json
1958-08-03,Brann,Greåker,2-1,Hovedserien,1958/59,/1958/08/03/brann-greaker/,EMlANHgCc3HIanJeffJ8WT,1958-08-03_brann-greaker.json
1958-07-30,Årstad,Brann,2-3,Hovedserien,1958/59,/1958/07/30/arstad-brann/,16c923fa-fe22-4216-82ae-43c2a2e007a6,1958-07-30_arstad-brann.json
1958-06-20,Brann,Baune,2-0,Cupen,1958,/1958/06/20/brann-baune/,u548ocwktfdShAy5KidwV2,1958-06-20_brann-baune.json
1958-06-08,Brann,Raufoss,1-0,Hovedserien,1957/58,/1958/06/08/brann-raufoss/,u548ocwktfdShAy5Kidw20,1958-06-08_brann-raufoss.json
1958-06-01,Odd,Brann,6-0,Hovedserien,1957/58,/1958/06/01/odd-brann/,cH3036guahcFMGAZTGL7Ek,1958-06-01_odd-brann.json
1958-05-24,Haugar,Brann,0-1,Cupen,1958,/1958/05/24/haugar-brann/,cH3036guahcFMGAZTGL6ze,1958-05-24_haugar-brann.json
1958-05-18,Brann,Frigg,1-0,Hovedserien,1957/58,/1958/05/18/brann-frigg/,cH3036guahcFMGAZTGL7Oo,1958-05-18_brann-frigg.json
1958-05-15,Larvik Turn,Brann,3-2,Hovedserien,1957/58,/1958/05/15/larvik-turn-brann/,u548ocwktfdShAy5Kidvka,1958-05-15_larvik-turn-brann.json
1958-05-11,Viking,Brann,1-0,Hovedserien,1957/58,/1958/05/11/viking-brann/,u548ocwktfdShAy5KidvnU,1958-05-11_viking-brann.json
1958-05-04,Brann,Sparta,5-0,Hovedserien,1957/58,/1958/05/04/brann-sparta/,u548ocwktfdShAy5KidwAi,1958-05-04_brann-sparta.json
1957-10-19,Strømmen,Brann,5-0,Hovedserien,1957/58,/1957/10/19/strommen-brann/,EMlANHgCc3HIanJeffJWqP,1957-10-19_strommen-brann.json
1957-10-06,Raufoss,Brann,1-2,Hovedserien,1957/58,/1957/10/06/raufoss-brann/,u548ocwktfdShAy5KieQ04,1957-10-06_raufoss-brann.json
1957-09-29,Brann,Odd,3-1,Hovedserien,1957/58,/1957/09/29/brann-odd/,u548ocwktfdShAy5KiePuG,1957-09-29_brann-odd.json
1957-09-15,Frigg,Brann,2-3,Hovedserien,1957/58,/1957/09/15/frigg-brann/,EMlANHgCc3HIanJeffJWgv,1957-09-15_frigg-brann.json
1957-08-24,Brann,Larvik Turn,3-3,Hovedserien,1957/58,/1957/08/24/brann-larvik-turn/,cH3036guahcFMGAZTGLv9a,1957-08-24_brann-larvik-turn.json
1957-08-18,Sarpsborg FK,Brann,4-0,Cupen,1957,/1957/08/18/sarpsborg-fk-brann/,cH3036guahcFMGAZTGLvJe,1957-08-18_sarpsborg-fk-brann.json
1957-08-14,Brann,Viking,1-3,Hovedserien,1957/58,/1957/08/14/brann-viking/,EMlANHgCc3HIanJeffJWlf,1957-08-14_brann-viking.json
1957-08-11,Sparta,Brann,1-2,Hovedserien,1957/58,/1957/08/11/sparta-brann/,u548ocwktfdShAy5KieQ2y,1957-08-11_sparta-brann.json
1957-08-04,Brann,Djerv 1919,4-1,Cupen,1957,/1957/08/04/brann-djerv-1919/,EMlANHgCc3HIanJeffJWZo,1957-08-04_brann-djerv-1919.json
1957-07-28,Brann,Strømmen,3-2,Hovedserien,1957/58,/1957/07/28/brann-strommen/,u548ocwktfdShAy5KiePfk,1957-07-28_brann-strommen.json
1957-06-21,Brann,Nordnes,2-0,Cupen,1957,/1957/06/21/brann-nordnes/,u548ocwktfdShAy5KiePie,1957-06-21_brann-nordnes.json
1957-06-11,Trane,Brann,0-7,Cupen,1957,/1957/06/11/trane-brann/,EMlANHgCc3HIanJeffJWXR,1957-06-11_trane-brann.json
1957-06-10,Brann,Stavanger,4-1,Kvalifisering,1957/58,/1957/06/10/brann-stavanger/,u548ocwktfdShAy5KiePlY,1957-06-10_brann-stavanger.json
1957-05-30,Brann,Nymark,7-0,Distriktsserien,1956/57,/1957/05/30/brann-nymark/,EMlANHgCc3HIanJeffJX70,1957-05-30_brann-nymark.json
1957-05-19,Brann,Baune,7-0,Distriktsserien,1956/57,/1957/05/19/brann-baune/,cH3036guahcFMGAZTGLuzW,1957-05-19_brann-baune.json
1957-05-09,Hardy,Brann,1-3,Distriktsserien,1956/57,/1957/05/09/hardy-brann/,cH3036guahcFMGAZTGLupS,1957-05-09_hardy-brann.json
1957-05-02,Varegg,Brann,2-4,Distriktsserien,1956/57,/1957/05/02/varegg-brann/,EMlANHgCc3HIanJeffJWcB,1957-05-02_varegg-brann.json
1956-09-30,Os,Brann,2-4,Distriktsserien,1956/57,/1956/09/30/os-brann/,EMlANHgCc3HIanJeffJlsC,1956-09-30_os-brann.json
1956-09-23,Brann,Asker,2-3,Cupen,1956,/1956/09/23/brann-asker/,cH3036guahcFMGAZTGMNYs,1956-09-23_brann-asker.json
1956-09-15,Brann,Nordnes,1-1,Distriktsserien,1956/57,/1956/09/15/brann-nordnes/,EMlANHgCc3HIanJeffJll5,1956-09-15_brann-nordnes.json
1956-09-06,Nymark,Brann,0-6,Distriktsserien,1956/57,/1956/09/06/nymark-brann/,EMlANHgCc3HIanJeffJldy,1956-09-06_nymark-brann.json
1956-09-02,Sparta,Brann,2-3,Cupen,1956,/1956/09/02/sparta-brann/,EMlANHgCc3HIanJeffJlbb,1956-09-02_sparta-brann.json
1956-08-29,Baune,Brann,0-2,Distriktsserien,1956/57,/1956/08/29/baune-brann/,u548ocwktfdShAy5KiegWu,1956-08-29_baune-brann.json
1956-08-24,Brann,Hardy,2-1,Distriktsserien,1956/57,/1956/08/24/brann-hardy/,EMlANHgCc3HIanJeffJlnS,1956-08-24_brann-hardy.json
1956-08-21,Brann,Varegg,1-2,Distriktsserien,1956/57,/1956/08/21/brann-varegg/,cH3036guahcFMGAZTGMNOo,1956-08-21_brann-varegg.json
1956-08-12,Brann,Sandnes Ulf,2-0,Cupen,1956,/1956/08/12/brann-ulf/,cH3036guahcFMGAZTGMNEk,1956-08-12_brann-ulf.json
1956-08-09,Brann,Os,3-0,Distriktsserien,1956/57,/1956/08/09/brann-os/,u548ocwktfdShAy5Kieh8e,1956-08-09_brann-os.json
1956-08-01,Nordnes,Brann,1-0,Distriktsserien,1956/57,/1956/08/01/nordnes-brann/,u548ocwktfdShAy5Kieh2q,1956-08-01_nordnes-brann.json
1956-06-17,Os,Brann,0-3,Cupen,1956,/1956/06/17/os-brann/,u548ocwktfdShAy5KiegiW,1956-06-17_os-brann.json
1956-06-11,Brann,Djerv,3-1,Cupen,1956,/1956/06/11/brann-djerv/,u548ocwktfdShAy5KiegZo,1956-06-11_brann-djerv.json
1956-05-27,Brann,Larvik Turn,2-1,Hovedserien,1955/56,/1956/05/27/brann-larvik-turn/,cH3036guahcFMGAZTGMNiw,1956-05-27_brann-larvik-turn.json
1956-05-20,Rapid,Brann,1-1,Hovedserien,1955/56,/1956/05/20/rapid-brann/,EMlANHgCc3HIanJeffJlUU,1956-05-20_rapid-brann.json
1956-05-13,Brann,Viking,4-1,Hovedserien,1955/56,/1956/05/13/brann-viking/,u548ocwktfdShAy5KiegOC,1956-05-13_brann-viking.json
1956-05-10,Vålerenga,Brann,3-2,Hovedserien,1955/56,/1956/05/10/vif-brann/,cH3036guahcFMGAZTGMN9i,1956-05-10_vif-brann.json
1956-05-06,Brann,Varegg,1-2,Hovedserien,1955/56,/1956/05/06/brann-varegg/,u548ocwktfdShAy5KiegLI,1956-05-06_brann-varegg.json
1955-10-23,Viking,Brann,2-2,Hovedserien,1955/56,/1955/10/23/viking-brann/,u548ocwktfdShAy5KiezDI,1955-10-23_viking-brann.json
1955-10-16,Sandefjord BK,Brann,1-0,Hovedserien,1955/56,/1955/10/16/sandefjord-bk-brann/,cH3036guahcFMGAZTGMyFS,1955-10-16_sandefjord-bk-brann.json
1955-10-09,Brann,Odd,6-2,Hovedserien,1955/56,/1955/10/09/brann-odd/,EMlANHgCc3HIanJeffJzry,1955-10-09_brann-odd.json
1955-10-02,Larvik Turn,Brann,2-1,Hovedserien,1955/56,/1955/10/02/larvik-turn-brann/,u548ocwktfdShAy5KiezgK,1955-10-02_larvik-turn-brann.json
1955-09-18,Brann,Rapid,1-3,Hovedserien,1955/56,/1955/09/18/brann-rapid/,u548ocwktfdShAy5Kiez4a,1955-09-18_brann-rapid.json
1955-08-28,Brann,Vålerenga,2-2,Hovedserien,1955/56,/1955/08/28/brann-vif/,u548ocwktfdShAy5Kieyvs,1955-08-28_brann-vif.json
1955-08-21,Brann,Asker,1-3,Cupen,1955,/1955/08/21/brann-asker/,cH3036guahcFMGAZTGMx70,1955-08-21_brann-asker.json
1955-08-15,Varegg,Brann,3-2,Hovedserien,1955/56,/1955/08/15/varegg-brann/,EMlANHgCc3HIanJeffJznE,1955-08-15_varegg-brann.json
1955-08-07,Brann,Sandefjord BK,2-1,Hovedserien,1955/56,/1955/08/07/brann-sandefjord-bk/,u548ocwktfdShAy5KieynA,1955-08-07_brann-sandefjord-bk.json
1955-07-31,Odd,Brann,3-1,Hovedserien,1955/56,/1955/07/31/odd-brann/,cH3036guahcFMGAZTGMxbC,1955-07-31_odd-brann.json
1955-06-26,Ålgård,Brann,2-6,Cupen,1955,/1955/06/26/algard-brann/,cH3036guahcFMGAZTGMxWA,1955-06-26_algard-brann.json
1955-06-19,Brann,Hødd,2-1,Cupen,1955,/1955/06/19/brann-hodd/,cH3036guahcFMGAZTGMxM6,1955-06-19_brann-hodd.json
1955-06-06,Fana,Brann,1-4,Cupen,1955,/1955/06/06/fana-brann/,cH3036guahcFMGAZTGMxC2,1955-06-06_fana-brann.json
1955-05-30,Sparta,Brann,4-3,Hovedserien,1954/55,/1955/05/30/sparta-brann/,u548ocwktfdShAy5KieyhM,1955-05-30_sparta-brann.json
1955-05-22,Brann,Vålerenga,3-1,Hovedserien,1954/55,/1955/05/22/brann-vif/,u548ocwktfdShAy5Kieyym,1955-05-22_brann-vif.json
1955-05-19,Viking,Brann,3-2,Hovedserien,1954/55,/1955/05/19/viking-brann/,u548ocwktfdShAy5KieykG,1955-05-19_viking-brann.json
1955-05-15,Brann,Lillestrøm,2-0,Hovedserien,1954/55,/1955/05/15/brann-lsk/,EMlANHgCc3HIanJeffJziU,1955-05-15_brann-lsk.json
1955-05-08,Fram,Brann,0-2,Hovedserien,1954/55,/1955/05/08/fram-brann/,cH3036guahcFMGAZTGMx1y,1955-05-08_fram-brann.json
1955-05-01,Brann,Odd,0-1,Hovedserien,1954/55,/1955/05/01/brann-odd/,u548ocwktfdShAy5KieyeS,1955-05-01_brann-odd.json
1954-10-24,Brann,Viking,1-1,Hovedserien,1954/55,/1954/10/24/brann-viking/,cH3036guahcFMGAZTGNJv4,1954-10-24_brann-viking.json
1954-10-17,Fredrikstad,Brann,1-1,Hovedserien,1954/55,/1954/10/17/fredrikstad-brann/,u548ocwktfdShAy5KifE3c,1954-10-17_fredrikstad-brann.json
1954-10-10,Brann,Fram,2-1,Hovedserien,1954/55,/1954/10/10/brann-fram/,cH3036guahcFMGAZTGNJaw,1954-10-10_brann-fram.json
1954-09-12,Brann,Fredrikstad,2-4,Hovedserien,1954/55,/1954/09/12/brann-fredrikstad/,cH3036guahcFMGAZTGNKPG,1954-09-12_brann-fredrikstad.json
1954-09-05,Strømmen,Brann,3-2,Cupen,1954,/1954/09/05/strommen-brann/,u548ocwktfdShAy5KifDxo,1954-09-05_strommen-brann.json
1954-08-22,Vålerenga,Brann,0-0,Hovedserien,1954/55,/1954/08/22/vif-brann/,u548ocwktfdShAy5KifE0i,1954-08-22_vif-brann.json
1954-08-15,Odd,Brann,1-1,Hovedserien,1954/55,/1954/08/15/odd-brann/,EMlANHgCc3HIanJeffKBGW,1954-08-15_odd-brann.json
1954-08-09,Baune,Brann,1-4,Cupen,1954,/1954/08/09/baune-brann/,cH3036guahcFMGAZTGNKAA,1954-08-09_baune-brann.json
1954-08-01,Brann,Sparta,2-1,Hovedserien,1954/55,/1954/08/01/brann-sparta/,EMlANHgCc3HIanJeffKB72,1954-08-01_brann-sparta.json
1954-07-25,Lillestrøm,Brann,6-2,Hovedserien,1954/55,/1954/07/25/lsk-brann/,cH3036guahcFMGAZTGNKFC,1954-07-25_lsk-brann.json
1954-06-27,Brann,Os,5-1,Cupen,1954,/1954/06/27/brann-os/,EMlANHgCc3HIanJeffKB4f,1954-06-27_brann-os.json
1954-06-19,Brann,Nymark,3-1,Cupen,1954,/1954/06/19/brann-nymark/,u548ocwktfdShAy5KifDgO,1954-06-19_brann-nymark.json
1954-06-13,Brann,Flekkefjord,6-0,Kvalifisering,1954/55,/1954/06/13/brann-flekkefjord/,EMlANHgCc3HIanJeffKBE9,1954-06-13_brann-flekkefjord.json
1954-05-31,Os,Brann,1-4,Distriktsserien,1953/54,/1954/05/31/os-brann/,u548ocwktfdShAy5KifDuu,1954-05-31_os-brann.json
1954-05-26,Brann,Fjell,7-0,Distriktsserien,1953/54,/1954/05/26/brann-fjell/,cH3036guahcFMGAZTGNJq2,1954-05-26_brann-fjell.json
1954-05-20,Djerv,Brann,1-1,Distriktsserien,1953/54,/1954/05/20/djerv-brann/,EMlANHgCc3HIanJeffKAso,1954-05-20_djerv-brann.json
1954-05-12,Årstad,Brann,1-1,Distriktsserien,1953/54,/1954/05/12/arstad-brann/,u548ocwktfdShAy5KifDmC,1954-05-12_arstad-brann.json
1954-05-09,Voss,Brann,0-3,Distriktsserien,1953/54,/1954/05/09/voss-brann/,cH3036guahcFMGAZTGNJfy,1954-05-09_voss-brann.json
1954-04-30,Brann,Os,3-0,Distriktsserien,1953/54,/1954/04/30/brann-os/,EMlANHgCc3HIanJeffKB9P,1954-04-30_brann-os.json
1953-10-04,Fjell,Brann,2-6,Distriktsserien,1953/54,/1953/10/04/fjell-brann/,cH3036guahcFMGAZTGNuRa,1953-10-04_fjell-brann.json
1953-09-27,Brann,Djerv,1-1,Distriktsserien,1953/54,/1953/09/27/brann-djerv/,EMlANHgCc3HIanJeffKTtB,1953-09-27_brann-djerv.json
1953-09-10,Baune,Brann,1-4,Distriktsserien,1953/54,/1953/09/10/baune-brann/,EMlANHgCc3HIanJeffKTvY,1953-09-10_baune-brann.json
1953-09-06,Sagene,Brann,2-1,Cupen,1953,/1953/09/06/sagene-brann/,cH3036guahcFMGAZTGNtxO,1953-09-06_sagene-brann.json
1953-08-23,Brann,Sagene,2-2,Cupen,1953,/1953/08/23/brann-sagene/,EMlANHgCc3HIanJeffKThK,1953-08-23_brann-sagene.json
1953-08-20,Brann,Årstad,3-0,Distriktsserien,1953/54,/1953/08/20/brann-arstad/,EMlANHgCc3HIanJeffKTaD,1953-08-20_brann-arstad.json
1953-08-16,Brann,Voss,5-0,Distriktsserien,1953/54,/1953/08/16/brann-voss/,u548ocwktfdShAy5KifWGy,1953-08-16_brann-voss.json
1953-08-09,Brann,Lisleby,2-1,Cupen,1953,/1953/08/09/brann-lisleby/,EMlANHgCc3HIanJeffKTVT,1953-08-09_brann-lisleby.json
1953-07-31,Brann,Baune,2-1,Distriktsserien,1953/54,/1953/07/31/brann-baune/,cH3036guahcFMGAZTGNuHW,1953-07-31_brann-baune.json
1953-06-28,Vard,Brann,2-4,Cupen,1953,/1953/06/28/vard-brann/,EMlANHgCc3HIanJeffKTm4,1953-06-28_vard-brann.json
1953-06-21,Hardy,Brann,0-3,Cupen,1953,/1953/06/21/hardy-brann/,cH3036guahcFMGAZTGNu7S,1953-06-21_hardy-brann.json
1953-06-07,Brann,Viking,0-3,Hovedserien,1952/53,/1953/06/07/brann-viking/,EMlANHgCc3HIanJeffKTT6,1953-06-07_brann-viking.json
1953-06-03,Varegg,Brann,1-2,Hovedserien,1952/53,/1953/06/03/varegg-brann/,u548ocwktfdShAy5KifWPg,1953-06-03_varegg-brann.json
1953-05-31,Strømmen,Brann,4-1,Hovedserien,1952/53,/1953/05/31/strommen-brann/,u548ocwktfdShAy5KifWE4,1953-05-31_strommen-brann.json
1953-05-25,Fredrikstad,Brann,2-0,Hovedserien,1952/53,/1953/05/25/fredrikstad-brann/,EMlANHgCc3HIanJeffKTex,1953-05-25_fredrikstad-brann.json
1953-05-17,Brann,Årstad,0-0,Hovedserien,1952/53,/1953/05/17/brann-arstad/,u548ocwktfdShAy5KifWJs,1953-05-17_brann-arstad.json
1953-05-14,Skeid,Brann,2-0,Hovedserien,1952/53,/1953/05/14/skeid-brann/,u548ocwktfdShAy5KifVqq,1953-05-14_skeid-brann.json
1953-05-10,Brann,Strømmen,0-2,Hovedserien,1952/53,/1953/05/10/brann-strommen/,u548ocwktfdShAy5KifW2S,1953-05-10_brann-strommen.json
1953-05-03,Sarpsborg FK,Brann,3-0,Hovedserien,1952/53,/1953/05/03/sarpsborg-fk-brann/,u548ocwktfdShAy5KifVzY,1953-05-03_sarpsborg-fk-brann.json
1953-04-26,Brann,Sarpsborg FK,1-1,Hovedserien,1952/53,/1953/04/26/brann-sarpsborg-fk/,cH3036guahcFMGAZTGNtsM,1953-04-26_brann-sarpsborg-fk.json
1952-10-12,Brann,Solberg,1-2,Cupen,1952,/1952/10/12/brann-solberg/,u548ocwktfdShAy5Kifim8,1952-10-12_brann-solberg.json
1952-09-28,Kvik (Trondheim),Brann,2-4,Cupen,1952,/1952/09/28/kvik-brann/,EMlANHgCc3HIanJeffKdBK,1952-09-28_kvik-brann.json
1952-09-21,Kvik (Trondheim),Brann,0-0,Cupen,1952,/1952/09/21/kvik-brann/,u548ocwktfdShAy5KifidQ,1952-09-21_kvik-brann.json
1952-09-14,Brann,Skeid,1-7,Hovedserien,1952/53,/1952/09/14/brann-skeid/,u548ocwktfdShAy5Kifip2,1952-09-14_brann-skeid.json
1952-09-06,Årstad,Brann,0-1,Hovedserien,1952/53,/1952/09/06/arstad-brann/,EMlANHgCc3HIanJeffKd8x,1952-09-06_arstad-brann.json
1952-08-24,Brann,Fredrikstad,1-8,Hovedserien,1952/53,/1952/08/24/brann-fredrikstad/,u548ocwktfdShAy5KifiaW,1952-08-24_brann-fredrikstad.json
1952-08-17,Brann,Djerv 1919,5-0,Cupen,1952,/1952/08/17/brann-djerv-1919/,u548ocwktfdShAy5KifigK,1952-08-17_brann-djerv-1919.json
1952-08-10,Viking,Brann,2-1,Hovedserien,1952/53,/1952/08/10/viking-brann/,cH3036guahcFMGAZTGODM6,1952-08-10_viking-brann.json
1952-08-03,Brann,Varegg,1-1,Hovedserien,1952/53,/1952/08/03/brann-varegg/,cH3036guahcFMGAZTGODH4,1952-08-03_brann-varegg.json
1952-07-27,Jarl,Brann,1-8,Cupen,1952,/1952/07/27/jarl-brann/,EMlANHgCc3HIanJeffKdKo,1952-07-27_jarl-brann.json
1952-06-29,Brann,Stavanger,5-1,Cupen,1952,/1952/06/29/brann-stavanger/,cH3036guahcFMGAZTGODbC,1952-06-29_brann-stavanger.json
1952-06-22,Fredrikstad,Brann,3-1,Hovedserien,1951/52,/1952/06/22/fredrikstad-brann/,EMlANHgCc3HIanJeffKdIR,1952-06-22_fredrikstad-brann.json
1952-06-17,Brann,Minde,2-0,Cupen,1952,/1952/06/17/brann-minde/,EMlANHgCc3HIanJeffKdNB,1952-06-17_brann-minde.json
1952-06-08,Skeid,Brann,5-0,Hovedserien,1951/52,/1952/06/08/skeid-brann/,cH3036guahcFMGAZTGOD1y,1952-06-08_skeid-brann.json
1952-06-02,Brann,Ørn,3-1,Hovedserien,1951/52,/1952/06/02/brann-orn/,EMlANHgCc3HIanJeffKcuj,1952-06-02_brann-orn.json
1952-05-25,Odd,Brann,1-3,Hovedserien,1951/52,/1952/05/25/odd-brann/,cH3036guahcFMGAZTGOCms,1952-05-25_odd-brann.json
1952-05-22,Brann,Årstad,1-0,Hovedserien,1951/52,/1952/05/22/brann-arstad/,cH3036guahcFMGAZTGODWA,1952-05-22_brann-arstad.json
1952-05-18,Vålerenga,Brann,1-2,Hovedserien,1951/52,/1952/05/18/vif-brann/,EMlANHgCc3HIanJeffKczT,1952-05-18_vif-brann.json
1952-05-11,Brann,Asker,0-1,Hovedserien,1951/52,/1952/05/11/brann-asker/,cH3036guahcFMGAZTGOCco,1952-05-11_brann-asker.json
1952-05-04,Viking,Brann,2-0,Hovedserien,1951/52,/1952/05/04/viking-brann/,EMlANHgCc3HIanJeffKcx6,1952-05-04_viking-brann.json
1951-10-14,Asker,Brann,0-1,Hovedserien,1951/52,/1951/10/14/asker-brann/,u548ocwktfdShAy5KifurA,1951-10-14_asker-brann.json
1951-10-07,Brann,Viking,4-2,Hovedserien,1951/52,/1951/10/07/brann-viking/,u548ocwktfdShAy5KifuiS,1951-10-07_brann-viking.json
1951-09-09,Brann,Vålerenga,5-1,Hovedserien,1951/52,/1951/09/09/brann-vif/,cH3036guahcFMGAZTGOXyI,1951-09-09_brann-vif.json
1951-09-02,Årstad,Brann,0-6,Hovedserien,1951/52,/1951/09/02/arstad-brann/,cH3036guahcFMGAZTGOY8M,1951-09-02_arstad-brann.json
1951-08-19,Brann,Odd,0-2,Hovedserien,1951/52,/1951/08/19/brann-odd/,EMlANHgCc3HIanJeffKnCW,1951-08-19_brann-odd.json
1951-08-05,Ørn,Brann,2-2,Hovedserien,1951/52,/1951/08/05/orn-brann/,EMlANHgCc3HIanJeffKn7m,1951-08-05_orn-brann.json
1951-07-29,Brann,Skeid,0-3,Hovedserien,1951/52,/1951/07/29/brann-skeid/,cH3036guahcFMGAZTGOYNS,1951-07-29_brann-skeid.json
1951-06-26,Brann,Varegg,1-2,Cupen,1951,/1951/06/26/brann-varegg/,u548ocwktfdShAy5Kifuzs,1951-06-26_brann-varegg.json
1951-06-23,Djerv,Brann,0-2,Cupen,1951,/1951/06/23/djerv-brann/,EMlANHgCc3HIanJeffKn32,1951-06-23_djerv-brann.json
1951-06-19,Brann,Djerv,1-1,Cupen,1951,/1951/06/19/brann-djerv/,u548ocwktfdShAy5Kifuce,1951-06-19_brann-djerv.json
1951-06-17,Brann,Sandefjord BK,1-1,Hovedserien,1950/51,/1951/06/17/brann-sandefjord-bk/,EMlANHgCc3HIanJeffKmvv,1951-06-17_brann-sandefjord-bk.json
1951-06-10,Fredrikstad,Brann,4-0,Hovedserien,1950/51,/1951/06/10/fredrikstad-brann/,EMlANHgCc3HIanJeffKmrB,1951-06-10_fredrikstad-brann.json
1951-06-03,Lisleby,Brann,1-2,Hovedserien,1950/51,/1951/06/03/lisleby-brann/,EMlANHgCc3HIanJeffKnA9,1951-06-03_lisleby-brann.json
1951-05-20,Brann,Vålerenga,1-2,Hovedserien,1950/51,/1951/05/20/brann-vif/,u548ocwktfdShAy5KifulM,1951-05-20_brann-vif.json
1951-05-15,Strømmen,Brann,3-2,Hovedserien,1950/51,/1951/05/15/strommen-brann/,cH3036guahcFMGAZTGOXoE,1951-05-15_strommen-brann.json
1951-04-29,Brann,Fredrikstad,4-3,Hovedserien,1950/51,/1951/04/29/brann-fredrikstad/,EMlANHgCc3HIanJeffKmoo,1951-04-29_brann-fredrikstad.json
1950-10-29,Brann,Fram,3-4,Hovedserien,1950/51,/1950/10/29/brann-fram/,EMlANHgCc3HIanJeffLDHW,1950-10-29_brann-fram.json
1950-10-22,Fredrikstad,Brann,3-0,Cupen,1950,/1950/10/22/fredrikstad-brann/,EMlANHgCc3HIanJefgbeMk,1950-10-22_fredrikstad-brann.json
1950-10-15,Viking,Brann,0-0,Hovedserien,1950/51,/1950/10/15/viking-brann/,cH3036guahcFMGAZTGPRyY,1950-10-15_viking-brann.json
1950-10-08,Brann,Lyn,2-1,Cupen,1950,/1950/10/08/brann-lyn/,u548ocwktfdShAy5KigHC0,1950-10-08_brann-lyn.json
1950-10-01,Brann,Odd,3-1,Cupen,1950,/1950/10/01/brann-odd/,u548ocwktfdShAy5KigH96,1950-10-01_brann-odd.json
1950-09-17,Sandefjord BK,Brann,5-1,Hovedserien,1950/51,/1950/09/17/sandefjord-bk-brann/,EMlANHgCc3HIanJeffLDMG,1950-09-17_sandefjord-bk-brann.json
1950-09-10,Brann,Viking,3-1,Hovedserien,1950/51,/1950/09/10/brann-viking/,EMlANHgCc3HIanJeffLDJt,1950-09-10_brann-viking.json
1950-09-03,Fram,Brann,1-2,Hovedserien,1950/51,/1950/09/03/fram-brann/,cH3036guahcFMGAZTGPRoU,1950-09-03_fram-brann.json
1950-08-27,Brann,Pors,4-1,Cupen,1950,/1950/08/27/brann-pors/,u548ocwktfdShAy5KigH6C,1950-08-27_brann-pors.json
1950-08-20,Brann,Strømmen,2-1,Hovedserien,1950/51,/1950/08/20/brann-strommen/,cH3036guahcFMGAZTGPRPK,1950-08-20_brann-strommen.json
1950-08-13,Vålerenga,Brann,1-0,Hovedserien,1950/51,/1950/08/13/vif-brann/,u548ocwktfdShAy5KigQSq,1950-08-13_vif-brann.json
1950-08-06,Brann,Lisleby,3-3,Hovedserien,1950/51,/1950/08/06/brann-lisleby/,u548ocwktfdShAy5KigQN2,1950-08-06_brann-lisleby.json
1950-07-30,Moss,Brann,2-6,Cupen,1950,/1950/07/30/moss-brann/,EMlANHgCc3HIanJeffL5Mj,1950-07-30_moss-brann.json
1950-07-02,Lisleby,Brann,2-3,Kvalifisering,1950/51,/1950/07/02/lisleby-brann/,cH3036guahcFMGAZTGPRZO,1950-07-02_lisleby-brann.json
1950-06-18,Brann,Hamar,6-0,Kvalifisering,1950/51,/1950/06/18/brann-hamar/,cH3036guahcFMGAZTGPRAE,1950-06-18_brann-hamar.json
1950-06-11,Stavanger,Brann,2-2,Kvalifisering,1950/51,/1950/06/11/stavanger-brann/,u548ocwktfdShAy5KigQYe,1950-06-11_stavanger-brann.json
1950-05-24,Brann,Varegg,6-1,Distriktsserien,1949/50,/1950/05/24/brann-varegg/,EMlANHgCc3HIanJeffLD82,1950-05-24_brann-varegg.json
1950-05-19,Brann,Os,1-2,Distriktsserien,1949/50,/1950/05/19/brann-os/,cH3036guahcFMGAZTGPRFG,1950-05-19_brann-os.json
1950-05-10,Djerv,Brann,1-3,Distriktsserien,1949/50,/1950/05/10/djerv-brann/,u548ocwktfdShAy5KigQK8,1950-05-10_djerv-brann.json
1949-10-16,Brann,Hardy,3-0,Distriktsserien,1949/50,/1949/10/16/brann-hardy/,u548ocwktfdShAy5KigkGu,1949-10-16_brann-hardy.json
1949-10-09,Brann,Djerv,7-4,Distriktsserien,1949/50,/1949/10/09/brann-djerv/,EMlANHgCc3HIanJeffLUuX,1949-10-09_brann-djerv.json
1949-09-24,Brann,Årstad,2-0,Distriktsserien,1949/50,/1949/09/24/brann-arstad/,EMlANHgCc3HIanJeffLV6O,1949-09-24_brann-arstad.json
1949-09-10,Varegg,Brann,1-5,Distriktsserien,1949/50,/1949/09/10/varegg-brann/,EMlANHgCc3HIanJeffLV1e,1949-09-10_varegg-brann.json
1949-09-02,Brann,Os,5-1,Distriktsserien,1949/50,/1949/09/02/brann-os/,u548ocwktfdShAy5KigkJo,1949-09-02_brann-os.json
1949-08-27,Vålerenga,Brann,5-1,Cupen,1949,/1949/08/27/vif-brann/,cH3036guahcFMGAZTGQ20s,1949-08-27_vif-brann.json
1949-08-21,Hardy,Brann,1-7,Distriktsserien,1949/50,/1949/08/21/hardy-brann/,EMlANHgCc3HIanJeffLUsA,1949-08-21_hardy-brann.json
1949-08-04,Brann,Årstad,0-3,Distriktsserien,1949/50,/1949/08/04/brann-arstad/,cH3036guahcFMGAZTGQ1gk,1949-08-04_brann-arstad.json
1949-07-30,Brann,Flekkefjord,4-2,Cupen,1949,/1949/07/30/brann-flekkefjord/,u548ocwktfdShAy5KigkPc,1949-07-30_brann-flekkefjord.json
1949-07-07,Nordnes,Brann,1-2,Cupen,1949,/1949/07/07/nordnes-brann/,EMlANHgCc3HIanJeffLUpn,1949-07-07_nordnes-brann.json
1949-06-25,Brann,Os,4-1,Cupen,1949,/1949/06/25/brann-os/,u548ocwktfdShAy5KigkB6,1949-06-25_brann-os.json
1949-05-28,Brann,Sparta,3-0,Hovedserien,1948/49,/1949/05/28/brann-sparta/,EMlANHgCc3HIanJeffLUzH,1949-05-28_brann-sparta.json
1949-05-26,Brann,Ørn,2-3,Hovedserien,1948/49,/1949/05/26/brann-orn/,EMlANHgCc3HIanJeffLUdw,1949-05-26_brann-orn.json
1949-05-21,Ålgård,Brann,3-2,Hovedserien,1948/49,/1949/05/21/algard-brann/,u548ocwktfdShAy5Kigk5I,1949-05-21_algard-brann.json
1949-05-15,Brann,Viking,0-2,Hovedserien,1948/49,/1949/05/15/brann-viking/,cH3036guahcFMGAZTGQ1vq,1949-05-15_brann-viking.json
1949-05-07,Brann,Vålerenga,2-4,Hovedserien,1948/49,/1949/05/07/brann-vif/,u548ocwktfdShAy5Kigjwa,1949-05-07_brann-vif.json
1949-04-30,Skeid,Brann,7-1,Hovedserien,1948/49,/1949/04/30/skeid-brann/,u548ocwktfdShAy5Kigjtg,1949-04-30_skeid-brann.json
1948-10-24,Pors,Brann,1-1,Hovedserien,1948/49,/1948/10/24/pors-brann/,cH3036guahcFMGAZTGQa6Q,1948-10-24_pors-brann.json
1948-10-17,Sparta,Brann,3-1,Hovedserien,1948/49,/1948/10/17/sparta-brann/,u548ocwktfdShAy5Kih3tM,1948-10-17_sparta-brann.json
1948-10-10,Brann,Skeid,2-3,Hovedserien,1948/49,/1948/10/10/brann-skeid/,EMlANHgCc3HIanJeffLlAC,1948-10-10_brann-skeid.json
1948-10-03,Ørn,Brann,4-2,Hovedserien,1948/49,/1948/10/03/orn-brann/,EMlANHgCc3HIanJeffLlM3,1948-10-03_orn-brann.json
1948-09-25,Brann,Ålgård,1-3,Hovedserien,1948/49,/1948/09/25/brann-algard/,cH3036guahcFMGAZTGQZhG,1948-09-25_brann-algard.json
1948-09-04,Brann,Mjøndalen,1-4,Cupen,1948,/1948/09/04/brann-mjondalen/,u548ocwktfdShAy5Kih3nY,1948-09-04_brann-mjondalen.json
1948-08-28,Mjøndalen,Brann,2-2,Cupen,1948,/1948/08/28/mjondalen-brann/,EMlANHgCc3HIanJeffLlJg,1948-08-28_mjondalen-brann.json
1948-08-21,Viking,Brann,4-3,Hovedserien,1948/49,/1948/08/21/viking-brann/,cH3036guahcFMGAZTGQZrK,1948-08-21_viking-brann.json
1948-08-18,Vard,Brann,0-2,Cupen,1948,/1948/08/18/vard-brann/,cH3036guahcFMGAZTGQZ82,1948-08-18_vard-brann.json
1948-08-15,Brann,Vard,1-1,Cupen,1948,/1948/08/15/brann-vard/,cH3036guahcFMGAZTGQZD4,1948-08-15_brann-vard.json
1948-08-07,Brann,Pors,2-2,Hovedserien,1948/49,/1948/08/07/brann-pors/,EMlANHgCc3HIanJeffLlHJ,1948-08-07_brann-pors.json
1948-07-31,Vålerenga,Brann,4-3,Hovedserien,1948/49,/1948/07/31/vif-brann/,cH3036guahcFMGAZTGQZcE,1948-07-31_vif-brann.json
1948-06-25,Nymark,Brann,0-3,Cupen,1948,/1948/06/25/nymark-brann/,cH3036guahcFMGAZTGQZN8,1948-06-25_nymark-brann.json
1948-06-20,Brann,Viking,0-3,Norgesserien,1947/48,/1948/06/20/brann-viking/,u548ocwktfdShAy5Kih3hk,1948-06-20_brann-viking.json
1948-06-05,Viking,Brann,2-0,Norgesserien,1947/48,/1948/06/05/viking-brann/,EMlANHgCc3HIanJeffLl5S,1948-06-05_viking-brann.json
1948-05-21,Brann,Årstad,1-0,Norgesserien,1947/48,/1948/05/21/brann-arstad/,EMlANHgCc3HIanJeffLl35,1948-05-21_brann-arstad.json
1948-05-15,Hardy,Brann,1-3,Norgesserien,1947/48,/1948/05/15/hardy-brann/,u548ocwktfdShAy5Kih3bw,1948-05-15_hardy-brann.json
1948-05-08,Brann,Voss,6-0,Norgesserien,1947/48,/1948/05/08/brann-voss/,EMlANHgCc3HIanJeffLlQn,1948-05-08_brann-voss.json
1947-10-12,Brann,Nymark,6-0,Norgesserien,1947/48,/1947/10/12/brann-nymark/,u548ocwktfdShAy5KiiD4G,1947-10-12_brann-nymark.json
1947-10-04,Djerv,Brann,2-6,Norgesserien,1947/48,/1947/10/04/djerv-brann/,cH3036guahcFMGAZTGSWxS,1947-10-04_djerv-brann.json
1947-09-13,Brann,Viking,0-1,Cupen,1947,/1947/09/13/brann-viking/,EMlANHgCc3HIanJeffMeLV,1947-09-13_brann-viking.json
1947-09-06,Voss,Brann,1-3,Norgesserien,1947/48,/1947/09/06/voss-brann/,cH3036guahcFMGAZTGSWJC,1947-09-06_voss-brann.json
1947-09-03,Årstad,Brann,0-0,Norgesserien,1947/48,/1947/09/03/arstad-brann/,EMlANHgCc3HIanJeffMeGl,1947-09-03_arstad-brann.json
1947-08-30,Brann,Lyn,4-0,Cupen,1947,/1947/08/30/brann-lyn/,cH3036guahcFMGAZTGSWOE,1947-08-30_brann-lyn.json
1947-08-21,Brann,Hardy,5-1,Norgesserien,1947/48,/1947/08/21/brann-hardy/,cH3036guahcFMGAZTGSVp0,1947-08-21_brann-hardy.json
1947-08-16,Drammens BK,Brann,2-5,Cupen,1947,/1947/08/16/drammens-bk-brann/,u548ocwktfdShAy5KiiDFs,1947-08-16_drammens-bk-brann.json
1947-08-12,Brann,Djerv,3-0,Norgesserien,1947/48,/1947/08/12/brann-djerv/,cH3036guahcFMGAZTGSW46,1947-08-12_brann-djerv.json
1947-08-01,Nymark,Brann,0-5,Norgesserien,1947/48,/1947/08/01/nymark-brann/,u548ocwktfdShAy5KiiDA4,1947-08-01_nymark-brann.json
1947-06-26,Brann,Minde,9-0,Kretsserien,1946/47,/1947/06/26/brann-minde/,cH3036guahcFMGAZTGSVjy,1947-06-26_brann-minde.json
1947-06-21,Brann,Vard,2-1,Cupen,1947,/1947/06/21/brann-vard/,EMlANHgCc3HIanJeffMeC1,1947-06-21_brann-vard.json
1947-06-14,Brann,Nordnes,6-1,Cupen,1947,/1947/06/14/brann-nordnes/,cH3036guahcFMGAZTGSVu2,1947-06-14_brann-nordnes.json
1947-06-11,Brann,Nymark,3-1,Kretsserien,1946/47,/1947/06/11/brann-nymark/,u548ocwktfdShAy5KiiCyS,1947-06-11_brann-nymark.json
1947-05-20,Brann,Varegg,0-1,Kretsserien,1946/47,/1947/05/20/brann-varegg/,EMlANHgCc3HIanJeffMeEO,1947-05-20_brann-varegg.json
1947-05-08,Brann,Årstad,1-1,Kretsserien,1946/47,/1947/05/08/brann-arstad/,EMlANHgCc3HIanJeffMe7H,1947-05-08_brann-arstad.json
1947-05-02,Brann,Djerv,1-1,Kretsserien,1946/47,/1947/05/02/brann-djerv/,u548ocwktfdShAy5KiiCvY,1947-05-02_brann-djerv.json
1946-10-06,Brann,Hardy,4-1,Kretsserien,1946/47,/1946/10/06/brann-hardy/,EMlANHgCc3HIanJeffN8Tp,1946-10-06_brann-hardy.json
1946-09-06,Brann,Fjell,7-0,Kretsserien,1946/47,/1946/09/06/brann-fjell/,cH3036guahcFMGAZTGTa8M,1946-09-06_brann-fjell.json
1946-08-29,Nymark,Brann,0-4,Kretsserien,1946/47,/1946/08/29/nymark-brann/,u548ocwktfdShAy5Kiipyq,1946-08-29_nymark-brann.json
1946-08-15,Brann,Pallas,8-1,Kretsserien,1946/47,/1946/08/15/brann-pallas/,cH3036guahcFMGAZTGTa3K,1946-08-15_brann-pallas.json
1946-08-10,Brann,Ålgård,1-2,Cupen,1946,/1946/08/10/brann-algard/,cH3036guahcFMGAZTGTZyI,1946-08-10_brann-algard.json
1946-06-21,Minde,Brann,0-5,Cupen,1946,/1946/06/21/minde-brann/,u548ocwktfdShAy5Kiiq1k,1946-06-21_minde-brann.json
1946-06-17,Minde,Brann,1-6,Kretsserien,1946/47,/1946/06/17/minde-brann/,cH3036guahcFMGAZTGTZtG,1946-06-17_minde-brann.json
1946-06-06,Brann,Årstad,3-1,Kretsserien,1946/47,/1946/06/06/brann-arstad/,u548ocwktfdShAy5Kiipq8,1946-06-06_brann-arstad.json
1946-06-02,Brann,Florvåg,8-1,Cupen,1946,/1946/06/02/brann-florvag/,u548ocwktfdShAy5KiipnE,1946-06-02_brann-florvag.json
1946-05-29,Djerv,Brann,2-2,Kretsserien,1946/47,/1946/05/29/djerv-brann/,EMlANHgCc3HIanJeffN8Mi,1946-05-29_djerv-brann.json
1946-05-18,Brann,Bragd,10-0,Cupen,1946,/1946/05/18/brann-bragd/,EMlANHgCc3HIanJeffN8P5,1946-05-18_brann-bragd.json
1946-05-10,Fjell,Brann,3-2,Kretsserien,1946/47,/1946/05/10/fjell-brann/,EMlANHgCc3HIanJeffN8YZ,1946-05-10_fjell-brann.json
1946-04-27,Hardy,Brann,3-2,Kretsserien,1946/47,/1946/04/27/hardy-brann/,cH3036guahcFMGAZTGTaDO,1946-04-27_hardy-brann.json
1945-09-30,Brann,Årstad,4-1,Kretsserien,1945,/1945/09/30/brann-arstad/,cb0673f5-6a94-45d2-9788-159b34a1dcd8,1945-09-30_brann-arstad.json
1945-09-26,Brann,Pallas,0-1,Kretsserien,1945,/1945/09/26/brann-pallas/,f2134481-cb4f-42f7-8c7d-7812d2a06fe4,1945-09-26_brann-pallas.json
1945-09-04,Djerv,Brann,2-2,Kretsserien,1945,/1945/09/04/djerv-brann/,9949ea8e-3ee9-4d4a-a4b2-356840b78b3c,1945-09-04_djerv-brann.json
1945-08-23,Brann,Høidekameratene,1-0,Kretsserien,1945,/1945/08/23/brann-hoidekameratene/,014717a5-8137-4393-8c57-7262b4dcaaac,1945-08-23_brann-hoidekameratene.json
1945-08-19,Djerv 1919,Brann,2-0,Cupen,1945,/1945/08/19/djerv-1919-brann/,675c0a1c-9450-436f-b54a-8ddd2308c1a2,1945-08-19_djerv-1919-brann.json
1945-08-14,Hardy,Brann,0-0,Kretsserien,1945,/1945/08/14/hardy-brann/,41cc2d09-e742-49de-90ed-d00ac39a6614,1945-08-14_hardy-brann.json
1945-08-12,Brann,Florvåg,7-0,Cupen,1945,/1945/08/12/brann-florvag/,b90a86b4-6dbf-4eb2-bccd-2726d2b4779d,1945-08-12_brann-florvag.json
1945-07-31,Brann,Nymark,4-0,Kretsserien,1945,/1945/07/31/brann-nymark/,0177aee1-00bd-4cdf-9721-a4bf8e4bb61c,1945-07-31_brann-nymark.json
1940-10-13,Brann,Årstad,4-1,Kretsserien,1940,/1940/10/13/brann-arstad/,9df7ed8a-33db-4083-b507-3a728c5e2b04,1940-10-13_brann-arstad.json
1940-10-06,Brann,Djerv,5-2,Kretsserien,1940,/1940/10/06/brann-djerv/,4ce77e1b-7e39-4baa-a185-05df5e910ffa,1940-10-06_brann-djerv.json
1940-09-29,Hardy,Brann,6-3,Kretsserien,1940,/1940/09/29/hardy-brann/,46d4f237-a711-4af5-ad7a-4a5a5b86ac26,1940-09-29_hardy-brann.json
1940-09-08,Brann,Moss,0-7,Cupen,1940,/1940/09/08/brann-moss/,eb9ce0bd-24fc-42b7-a937-e0bf651b8a4e,1940-09-08_brann-moss.json
1940-09-04,Brann,Årstad,1-0,Cupen,1940,/1940/09/04/brann-arstad/,b4291edb-4abd-456f-a239-066270e3b7a5,1940-09-04_brann-arstad.json
1940-08-18,Brann,Florø,3-0,Cupen,1940,/1940/08/18/brann-floro/,d9359603-333a-4edb-818a-9959d63a8894,1940-08-18_brann-floro.json
1940-08-06,Brann,Pallas,3-0,Kretsserien,1940,/1940/08/06/brann-pallas/,134875ac-2516-4b15-982a-54a24cb9656e,1940-08-06_brann-pallas.json
1940-08-04,Brann,Hird,6-0,Cupen,1940,/1940/08/04/brann-hird/,ed25f12b-5062-476d-925b-1a8c32c76c31,1940-08-04_brann-hird.json
1939-10-15,Hardy,Brann,2-1,Norgesserien,1939/40,/1939/10/15/hardy-brann/,fc28082f-ed2d-41f4-8175-f95d5a9d45b8,1939-10-15_hardy-brann.json
1939-10-08,Brann,Djerv,4-1,Norgesserien,1939/40,/1939/10/08/brann-djerv/,5cd29d66-534f-4de6-aa63-abd0b2ea0a38,1939-10-08_brann-djerv.json
1939-09-17,Brann,Pallas,4-5,Norgesserien,1939/40,/1939/09/17/brann-pallas/,e6895870-98d0-48a5-a84d-a343d0de0eac,1939-09-17_brann-pallas.json
1939-09-10,Voss,Brann,5-0,Norgesserien,1939/40,/1939/09/10/voss-brann/,2c01c89f-1616-497a-841c-38847331e294,1939-09-10_voss-brann.json
1939-08-30,Brann,Årstad,1-2,Norgesserien,1939/40,/1939/08/30/brann-arstad/,e0d17060-81ee-4a6a-b67d-6098eaa8dea9,1939-08-30_brann-arstad.json
1939-08-15,Brann,Djerv,3-1,Norgesserien,1939/40,/1939/08/15/brann-djerv/,16252653-14e7-438a-b9c4-b0d64b40e76b,1939-08-15_brann-djerv.json
1939-08-02,Pallas,Brann,0-2,Norgesserien,1939/40,/1939/08/02/pallas-brann/,54af51a2-b20c-4bef-9c22-e2275a902c89,1939-08-02_pallas-brann.json
1939-06-11,Djerv 1919,Brann,4-3,Cupen,1939,/1939/06/11/djerv-1919-brann/,6074d116-ebbd-437a-8cc1-e82b3f9b815b,1939-06-11_djerv-1919-brann.json
1939-05-26,Brann,Djerv,1-4,Norgesserien,1938/39,/1939/05/26/brann-djerv/,4674ed74-54e2-4ce2-bad1-eef2d277d411,1939-05-26_brann-djerv.json
1939-05-22,Viggo,Brann,0-2,Norgesserien,1938/39,/1939/05/22/viggo-brann/,b0276c37-eb6f-49b7-97e2-90a2edbb2b24,1939-05-22_viggo-brann.json
1939-05-10,Brann,Viggo,1-0,Norgesserien,1938/39,/1939/05/10/brann-viggo/,4472bace-bda5-422b-a744-beaa1213c8e9,1939-05-10_brann-viggo.json
1939-05-07,Brann,Voss,1-2,Norgesserien,1938/39,/1939/05/07/brann-voss/,e1b802b3-09f1-4d5b-8fd9-8f108df461a4,1939-05-07_brann-voss.json
1938-10-09,Brann,Årstad,1-1,Norgesserien,1938/39,/1938/10/09/brann-arstad/,dd62dc78-3c58-482d-a4b1-49fd04928adc,1938-10-09_brann-arstad.json
1938-09-24,Brann,Hardy,0-3,Norgesserien,1938/39,/1938/09/24/brann-hardy/,1b0bcf6c-3654-4fdd-8214-9c43440be30e,1938-09-24_brann-hardy.json
1938-08-31,Brann,Djerv,2-2,Norgesserien,1938/39,/1938/08/31/brann-djerv/,894556a3-16d5-41ed-97f5-545dc1fc2fb3,1938-08-31_brann-djerv.json
1938-08-28,Voss,Brann,1-2,Norgesserien,1938/39,/1938/08/28/voss-brann/,ade0a773-8585-4ad9-b8da-4cbe5d374851,1938-08-28_voss-brann.json
1938-08-16,Brann,Årstad,2-1,Norgesserien,1938/39,/1938/08/16/brann-arstad/,682b0047-bdff-4f10-89a9-93b9f4ade306,1938-08-16_brann-arstad.json
1938-08-10,Hardy,Brann,4-2,Norgesserien,1938/39,/1938/08/10/hardy-brann/,6696885b-b3bc-4dd0-9dc7-356aa1d0e089,1938-08-10_hardy-brann.json
1938-07-03,Brann,Skeid,1-8,Cupen,1938,/1938/07/03/brann-skeid/,f101661b-123a-4f4f-ac5e-29d707c7e806,1938-07-03_brann-skeid.json
1938-06-26,Jarl,Brann,0-1,Cupen,1938,/1938/06/26/jarl-brann/,f432d54e-51a4-4cfc-9f66-0724b78763e3,1938-06-26_jarl-brann.json
1938-06-12,Brann,Minde,4-0,Cupen,1938,/1938/06/12/brann-minde/,c3ba8602-a76f-4c73-8f64-46cacf6e4ecd,1938-06-12_brann-minde.json
1938-05-28,Brann,Årstad,5-0,Norgesserien,1937/38,/1938/05/28/brann-arstad/,c7ad4cf9-4c58-43c4-9bfc-17d29e5607df,1938-05-28_brann-arstad.json
1938-05-24,Brann,Hardy,2-2,Norgesserien,1937/38,/1938/05/24/brann-hardy/,d2690f0e-f5ca-4db9-9cb7-27c6d318c81c,1938-05-24_brann-hardy.json
1938-05-02,Minde,Brann,2-4,Norgesserien,1937/38,/1938/05/02/minde-brann/,b863376e-7fcb-4064-baaf-9b5666b6fb51,1938-05-02_minde-brann.json
1937-10-03,Brann,Viggo,6-0,Norgesserien,1937/38,/1937/10/03/brann-viggo/,6cef51ea-7778-43e3-a4c1-c70424c71802,1937-10-03_brann-viggo.json
1937-09-19,Brann,Djerv,1-6,Norgesserien,1937/38,/1937/09/19/brann-djerv/,850cb350-599f-46f8-bca7-4b5d7b9d68a0,1937-09-19_brann-djerv.json
1937-09-12,Hardy,Brann,3-2,Norgesserien,1937/38,/1937/09/12/hardy-brann/,02342afe-e097-474b-b61d-b00594d3c76c,1937-09-12_hardy-brann.json
1937-09-05,Brann,Minde,6-3,Norgesserien,1937/38,/1937/09/05/brann-minde/,bd71852e-5315-4a73-b202-faec174d3e59,1937-09-05_brann-minde.json
1937-08-24,Brann,Årstad,3-2,Norgesserien,1937/38,/1937/08/24/brann-arstad/,213c92ae-1d61-44b4-ba11-486e78f09500,1937-08-24_brann-arstad.json
1937-08-12,Viggo,Brann,1-1,Norgesserien,1937/38,/1937/08/12/viggo-brann/,c7b01d62-060c-43e4-a037-6a827b3c5e0b,1937-08-12_viggo-brann.json
1937-08-03,Brann,Djerv,1-2,Norgesserien,1937/38,/1937/08/03/brann-djerv/,33ba0aa8-9d9b-4dac-afef-89b73efcf321,1937-08-03_brann-djerv.json
1937-07-07,Brann,Hardy,1-0,Kretsserien,1937,/1937/07/07/brann-hardy/,7f361991-5b7e-4563-96ce-b7ff980e9557,1937-07-07_brann-hardy.json
1937-07-02,Djerv,Brann,1-2,Kretsserien,1937,/1937/07/02/djerv-brann/,a18eb261-47b1-4346-a3e1-1c8a8dd34857,1937-07-02_djerv-brann.json
1937-06-27,Viking,Brann,3-2,Cupen,1937,/1937/06/27/viking-brann/,4eba362e-060b-4828-a08f-2c9b476e6566,1937-06-27_viking-brann.json
1937-06-21,Brann,Årstad,9-0,Cupen,1937,/1937/06/21/brann-arstad/,9a39c992-4f63-415a-bb22-86dbff100ecd,1937-06-21_brann-arstad.json
1937-06-06,Høyanger,Brann,1-7,Cupen,1937,/1937/06/06/hoyanger-brann/,2c60460a-7400-4afe-9cf7-4e9e0d4f8726,1937-06-06_hoyanger-brann.json
1937-06-01,Brann,Årstad,2-1,Kretsserien,1937,/1937/06/01/brann-arstad/,a35b76c6-8892-41e2-8761-00a1f74d39dd,1937-06-01_brann-arstad.json
1937-05-27,Brann,Djerv,1-2,Kretsserien,1937,/1937/05/27/brann-djerv/,3f66f57f-00f2-499f-bc38-9c55980fe07f,1937-05-27_brann-djerv.json
1937-05-20,Brann,Hardy,3-2,Kretsserien,1937,/1937/05/20/brann-hardy/,eb3baea7-969a-48d0-8280-dfa477dd1c0a,1937-05-20_brann-hardy.json
1937-05-06,Brann,Årstad,1-1,Kretsserien,1937,/1937/05/06/brann-arstad/,e7db5c2b-a5db-4277-9826-cdcf0e955b39,1937-05-06_brann-arstad.json
1936-08-30,Strømsgodset,Brann,2-0,Cupen,1936,/1936/08/30/stromsgodset-brann/,e2725586-ba2f-4f71-97a3-147b0590a5b9,1936-08-30_stromsgodset-brann.json
1936-08-22,Brann,Viggo,5-0,Cupen,1936,/1936/08/22/brann-viggo/,d1bdd963-57eb-492f-b874-f133be6f6deb,1936-08-22_brann-viggo.json
1936-08-12,Viggo,Brann,1-7,Kretsserien,1936,/1936/08/12/viggo-brann/,2c325e25-cbc7-4ff7-8a80-73117b1695a7,1936-08-12_viggo-brann.json
1936-06-25,Brann,Minde,4-0,Kretsserien,1936,/1936/06/25/brann-minde/,a44236ee-ba97-4274-9f0f-cb3dcf3146b9,1936-06-25_brann-minde.json
1936-06-19,Brann,Djerv,7-0,Kretsserien,1936,/1936/06/19/brann-djerv/,a39647c8-c37e-4d5a-8f42-b5d1fc796b5e,1936-06-19_brann-djerv.json
1936-05-26,Brann,Hardy,0-3,Kretsserien,1936,/1936/05/26/brann-hardy/,f8ebf1fd-9ca7-4299-8b91-971a992cc548,1936-05-26_brann-hardy.json
1936-05-14,Brann,Årstad,0-0,Kretsserien,1936,/1936/05/14/brann-arstad/,878371d0-fb5d-4098-b46b-027bdc8199e4,1936-05-14_brann-arstad.json
1936-05-07,Brann,Frøya,5-0,Kretsserien,1936,/1936/05/07/brann-froya/,df228c70-ffc9-4955-bd42-9fa45a8ca465,1936-05-07_brann-froya.json
1935-10-27,Brann,Hardy,2-1,Kretsserien,1935,/1935/10/27/brann-hardy/,5967f768-fa50-4bee-a790-f7edee5cdae8,1935-10-27_brann-hardy.json
1935-08-20,Brann,Årstad,5-0,Kretsserien,1935,/1935/08/20/brann-arstad/,9696493f-956b-4216-b754-526bf09b3e2d,1935-08-20_brann-arstad.json
1935-08-18,Brodd,Brann,1-0,Cupen,1935,/1935/08/18/brodd-brann/,be8196a3-c31a-4b57-82e9-83de487fa547,1935-08-18_brodd-brann.json
1935-08-07,Frøya,Brann,1-2,Kretsserien,1935,/1935/08/07/froya-brann/,c425513d-9b0a-4f20-b2dd-9d6ae89fb0b5,1935-08-07_froya-brann.json
1935-08-04,Brann,Minde,9-1,Cupen,1935,/1935/08/04/brann-minde/,ee9afb44-76cf-42b8-82ae-10c83cd8d816,1935-08-04_brann-minde.json
1935-07-24,Brann,Fjell,5-0,Kretsserien,1935,/1935/07/24/brann-fjell/,4d6d0a84-b962-42fe-94a4-1db8841bf7ab,1935-07-24_brann-fjell.json
1935-06-19,Brann,Minde,8-1,Kretsserien,1935,/1935/06/19/brann-minde/,52ba0a63-1ac5-478a-b41d-222a9df35d7a,1935-06-19_brann-minde.json
1935-06-12,Brann,Djerv,2-4,Kretsserien,1935,/1935/06/12/brann-djerv/,2a52583f-b31a-4169-bedf-9892594448f5,1935-06-12_brann-djerv.json
1935-05-22,Brann,Hardy,3-0,Kretsserien,1935,/1935/05/22/brann-hardy/,58877435-c4a0-4173-ba0a-6d375bb80971,1935-05-22_brann-hardy.json
1935-05-09,Brann,Ny-Solheim,3-0,Kretsserien,1935,/1935/05/09/brann-ny-solheim/,e8b2cf7e-ccac-4913-9c56-f3940658a6b4,1935-05-09_brann-ny-solheim.json
1934-08-19,Brann,Dæhlenengen,0-1,Cupen,1934,/1934/08/19/brann-daehlenengen/,7e0f187b-f486-4e7a-b566-76ba5559ce7e,1934-08-19_brann-daehlenengen.json
1934-08-12,Dæhlenengen,Brann,0-0,Cupen,1934,/1934/08/12/daehlenengen-brann/,dcb7843c-fba3-4652-9d88-3a77ec29f2b4,1934-08-12_daehlenengen-brann.json
1934-08-06,Brann,Årstad,4-1,Cupen,1934,/1934/08/06/brann-arstad/,2f95bbc8-fbc6-4bca-a3cd-2f7a6caa8d26,1934-08-06_brann-arstad.json
1934-08-03,Ny-Solheim,Brann,1-8,Kretsserien,1934,/1934/08/03/ny-solheim-brann/,a9b4cb26-a670-4056-808f-565396edac6c,1934-08-03_ny-solheim-brann.json
1934-06-20,Brann,Hardy,2-1,Kretsserien,1934,/1934/06/20/brann-hardy/,2a1b4578-50e2-443a-ac7b-2fad27117d24,1934-06-20_brann-hardy.json
1934-06-12,Brann,Djerv,2-0,Kretsserien,1934,/1934/06/12/brann-djerv/,23c3b7dc-8300-43ef-a8a2-816c10a392b9,1934-06-12_brann-djerv.json
1934-05-24,Brann,Årstad,4-1,Kretsserien,1934,/1934/05/24/brann-arstad/,bcc20685-a0ca-41ae-9a16-ab32607b5dab,1934-05-24_brann-arstad.json
1934-05-02,Minde,Brann,0-7,Kretsserien,1934,/1934/05/02/minde-brann/,899cf1e0-42b4-455a-b1f6-fc316c70d159,1934-05-02_minde-brann.json
1933-10-01,Brann,Hardy,2-4,Kretsserien,1933,/1933/10/01/brann-hardy/,f24629a8-77d6-40d3-9786-210f5c08d622,1933-10-01_brann-hardy.json
1933-09-10,Brann,Lyn,1-3,Cupen,1933,/1933/09/10/brann-lyn/,a34b13c0-739e-4d68-9d98-5c4d272a79b5,1933-09-10_brann-lyn.json
1933-08-26,Skiold,Brann,0-2,Cupen,1933,/1933/08/26/skiold-brann/,f466b3af-8b67-472e-8d37-18e4a11b7955,1933-08-26_skiold-brann.json
1933-08-16,Djerv,Brann,1-3,Kretsserien,1933,/1933/08/16/djerv-brann/,2d6bdf30-abae-488c-b17b-dee16ebd0e4e,1933-08-16_djerv-brann.json
1933-08-12,Brann,Ny-Solheim,6-0,Cupen,1933,/1933/08/12/brann-ny-solheim/,df6de295-a5ee-44f0-94d7-c959b5f0ccf4,1933-08-12_brann-ny-solheim.json
1933-08-06,Brodd,Brann,0-10,Cupen,1933,/1933/08/06/brodd-brann/,dd8d5c16-cc29-47b9-9a4b-3a18404797ac,1933-08-06_brodd-brann.json
1933-06-28,Brann,Hardy,2-2,Kretsserien,1933,/1933/06/28/brann-hardy/,0ab6cc5c-6034-4c2c-ac36-b1e6c800d7b1,1933-06-28_brann-hardy.json
1933-06-21,Årstad,Brann,1-1,Kretsserien,1933,/1933/06/21/arstad-brann/,761dc0ed-cc30-4f21-8d4c-9c6d3b0885f2,1933-06-21_arstad-brann.json
1933-06-15,Brann,Ny-Solheim,2-0,Kretsserien,1933,/1933/06/15/brann-ny-solheim/,1b7009dd-5fbf-426f-a6bc-b4d77a4a64a0,1933-06-15_brann-ny-solheim.json
1933-05-19,Brann,Minde,4-1,Kretsserien,1933,/1933/05/19/brann-minde/,e42e2063-bb31-4e69-9501-44fb322d13ca,1933-05-19_brann-minde.json
1932-09-18,Brann,Hardy,1-0,Kretsserien,1932,/1932/09/18/brann-hardy/,605dcf8e-1cb8-4930-bfb1-3752f577d367,1932-09-18_brann-hardy.json
1932-08-28,Kvik Halden,Brann,3-1,Cupen,1932,/1932/08/28/kvik-halden-brann/,e4e7c3ce-9ed4-43bf-b982-24f42752f3b3,1932-08-28_kvik-halden-brann.json
1932-08-17,Brann,Hardy,4-1,Kretsserien,1932,/1932/08/17/brann-hardy/,a0224c42-4d17-4a04-bc03-42dfbcd2de9f,1932-08-17_brann-hardy.json
1932-08-14,Brann,Jevnaker,9-0,Cupen,1932,/1932/08/14/brann-jevnaker/,92839fe1-b7f9-426a-bdb1-ce1a4a240507,1932-08-14_brann-jevnaker.json
1932-08-08,Brann,Minde,13-0,Cupen,1932,/1932/08/08/brann-minde/,e0adf56e-11e8-465a-ba09-e4faf4ca03e4,1932-08-08_brann-minde.json
1932-06-24,Brann,Djerv,0-1,Kretsserien,1932,/1932/06/24/brann-djerv/,3ae77254-cbaa-4de4-b1cd-a413a733197e,1932-06-24_brann-djerv.json
1932-06-02,Brann,Årstad,9-0,Kretsserien,1932,/1932/06/02/brann-arstad/,5acfd69d-0f27-4bde-8d30-e6bb519032a7,1932-06-02_brann-arstad.json
1932-05-25,Minde,Brann,0-4,Kretsserien,1932,/1932/05/25/minde-brann/,951c7dd7-1836-4b4f-b76c-a63f5df85c0b,1932-05-25_minde-brann.json
1932-05-12,Ny-Solheim,Brann,1-6,Kretsserien,1932,/1932/05/12/ny-solheim-brann/,03f0b9c3-5784-4936-ae42-bf7bab8e0413,1932-05-12_ny-solheim-brann.json
1931-10-04,Mjøndalen,Brann,3-2,Cupen,1931,/1931/10/04/mjondalen-brann/,4b3c7b18-4b50-400d-b2b7-810a73c6f81a,1931-10-04_mjondalen-brann.json
1931-09-20,Brann,Mjøndalen,3-3,Cupen,1931,/1931/09/20/brann-mjondalen/,ef638173-8e4b-4b5b-b195-4395a26bdeb3,1931-09-20_brann-mjondalen.json
1931-09-13,Brage,Brann,0-3,Cupen,1931,/1931/09/13/brage-brann/,6fb4d460-792b-4d6c-b355-493d53e5d773,1931-09-13_brage-brann.json
1931-08-30,Brann,Stavanger,2-1,Cupen,1931,/1931/08/30/brann-stavanger/,041fe817-4588-4ccf-ae6a-45f1d42b832c,1931-08-30_brann-stavanger.json
1931-08-16,Egersund,Brann,1-6,Cupen,1931,/1931/08/16/egersund-brann/,b2276279-7a84-42d7-ae05-6766cc1bcb1c,1931-08-16_egersund-brann.json
1931-08-12,Årstad,Brann,1-3,Kretsserien,1931,/1931/08/12/arstad-brann/,7a964aee-fd12-41fc-bdc5-cf1f983cba0e,1931-08-12_arstad-brann.json
1931-08-09,Brann,Høyanger,7-0,Cupen,1931,/1931/08/09/brann-hoyanger/,b9d8eda1-cc60-4431-86ae-51dbbdd25d1f,1931-08-09_brann-hoyanger.json
1931-06-25,Hardy,Brann,1-3,Kretsserien,1931,/1931/06/25/hardy-brann/,6e861e81-b4d7-477d-8eb6-07dafcdb44c1,1931-06-25_hardy-brann.json
1931-06-11,Brann,Minde,6-1,Kretsserien,1931,/1931/06/11/brann-minde/,07448f9b-0f50-40e9-bf40-d21ca2c19523,1931-06-11_brann-minde.json
1931-05-21,Brann,Ny-Solheim,5-0,Kretsserien,1931,/1931/05/21/brann-ny-solheim/,70c82234-9047-4600-82ea-7acd55b434e9,1931-05-21_brann-ny-solheim.json
1931-04-29,Brann,Djerv,0-1,Kretsserien,1931,/1931/04/29/brann-djerv/,2e171e68-fecc-4d90-9904-831980e5f3ef,1931-04-29_brann-djerv.json
1930-10-12,Djerv,Brann,2-3,Kretsserien,1930,/1930/10/12/djerv-brann/,550d4182-bab2-4541-bec6-f368bebc2920,1930-10-12_djerv-brann.json
1930-09-28,Brann,Hardy,9-0,Kretsserien,1930,/1930/09/28/brann-hardy/,e78574b6-1eb3-424a-ab06-b9fd9c4adf02,1930-09-28_brann-hardy.json
1930-08-30,Minde,Brann,1-10,Kretsserien,1930,/1930/08/30/minde-brann/,2052e8af-e57c-4b51-9db3-d0203c03163f,1930-08-30_minde-brann.json
1930-08-17,Drafn,Brann,4-3,Cupen,1930,/1930/08/17/drafn-brann/,a4d12713-b101-468d-8c2a-7c810ed76235,1930-08-17_drafn-brann.json
1930-08-10,Brann,Voss,8-0,Cupen,1930,/1930/08/10/brann-voss/,7d8be763-a24c-4365-aac5-5112f40f8407,1930-08-10_brann-voss.json
1930-08-06,Ny-Solheim,Brann,0-3,Kretsserien,1930,/1930/08/06/ny-solheim-brann/,c6450ffb-af4e-4455-8eff-ca116ce5237b,1930-08-06_ny-solheim-brann.json
1930-06-20,Brann,Årstad,9-0,Kretsserien,1930,/1930/06/20/brann-arstad/,371a101c-0a6d-4db3-abe3-6d646ef6481f,1930-06-20_brann-arstad.json
1930-05-22,Brann,Djerv,3-1,Kretsserien,1930,/1930/05/22/brann-djerv/,6f5ce741-4717-46a4-95ee-d60a67ed5405,1930-05-22_brann-djerv.json
1929-09-22,Brann,Ny-Solheim,10-1,Kretsserien,1929,/1929/09/22/brann-ny-solheim/,a7a3715e-be3a-43db-a306-f62532637aff,1929-09-22_brann-ny-solheim.json
1929-09-15,Brann,Sarpsborg FK,1-2,Cupen,1929,/1929/09/15/brann-sarpsborg-fk/,a6f197f8-4bfc-4949-a0c6-71c2a5f112b5,1929-09-15_brann-sarpsborg-fk.json
1929-09-01,Viking,Brann,0-1,Cupen,1929,/1929/09/01/viking-brann/,57e14d26-08cd-49c8-971a-b4db07afebce,1929-09-01_viking-brann.json
1929-08-25,Brann,Lisleby,6-2,Cupen,1929,/1929/08/25/brann-lisleby/,287cdcbe-be5f-459b-9335-ab6a54295246,1929-08-25_brann-lisleby.json
1929-08-11,Vard,Brann,2-12,Cupen,1929,/1929/08/11/vard-brann/,5289b3af-4a6e-4603-ac34-104a1a59c075,1929-08-11_vard-brann.json
1929-08-04,Brann,Sandnes Ulf,7-0,Cupen,1929,/1929/08/04/brann-ulf/,d8f2aaa0-9f74-499e-9c6d-409f2007d13f,1929-08-04_brann-ulf.json
1929-07-04,Brann,Årstad,5-1,Kretsserien,1929,/1929/07/04/brann-arstad/,7ae2c9a6-45ce-4cfb-aeab-333f3140e9d6,1929-07-04_brann-arstad.json
1929-06-20,Brann,Minde,2-1,Kretsserien,1929,/1929/06/20/brann-minde/,765b31d2-4cae-4b3f-b0ae-d38ae9f4fcb6,1929-06-20_brann-minde.json
1929-05-15,Djerv,Brann,1-4,Kretsserien,1929,/1929/05/15/djerv-brann/,9e66d622-f192-4f63-b21a-c314af251169,1929-05-15_djerv-brann.json
1928-09-23,Sarpsborg FK,Brann,2-1,Cupen,1928,/1928/09/23/sarpsborg-fk-brann/,48720cfc-b26f-4918-af94-19287b947136,1928-09-23_sarpsborg-fk-brann.json
1928-09-16,Sarpsborg FK,Brann,1-1,Cupen,1928,/1928/09/16/sarpsborg-fk-brann/,7a527080-7bd3-4000-b202-2f76c86c14e6,1928-09-16_sarpsborg-fk-brann.json
1928-09-02,Brann,Aalesund,4-0,Cupen,1928,/1928/09/02/brann-aalesund/,9ca30316-64db-4732-b62c-45ff8cd11e05,1928-09-02_brann-aalesund.json
1928-08-26,Frigg,Brann,2-4,Cupen,1928,/1928/08/26/frigg-brann/,9eb0c306-89fc-4037-8a5f-b0c559c83d10,1928-08-26_frigg-brann.json
1928-08-21,Brann,Djerv,6-0,Kretsserien,1928,/1928/08/21/brann-djerv/,4020ef08-7c98-46d0-8563-4bf78f962a9f,1928-08-21_brann-djerv.json
1928-08-12,Brann,Trygg/Oslo,3-1,Cupen,1928,/1928/08/12/brann-trygg-oslo/,6d303ce4-a820-4275-9fdf-16c006c0d812,1928-08-12_brann-trygg-oslo.json
1928-08-08,Brann,Hardy,6-3,Kretsserien,1928,/1928/08/08/brann-hardy/,003a409d-873c-40d5-b088-aa21dfd6506b,1928-08-08_brann-hardy.json
1928-08-06,Brann,Ny-Solheim,8-0,Cupen,1928,/1928/08/06/brann-ny-solheim/,45d38d17-d3df-4230-be53-388e91fcf294,1928-08-06_brann-ny-solheim.json
1928-06-20,Minde,Brann,3-1,Kretsserien,1928,/1928/06/20/minde-brann/,037aea2f-aea2-4a3f-be9c-fcfccccd9c1b,1928-06-20_minde-brann.json
1928-06-05,Brann,Årstad,12-0,Kretsserien,1928,/1928/06/05/brann-arstad/,8f1d4ed6-86bd-4569-91b2-3ca042825ce2,1928-06-05_brann-arstad.json
1928-05-30,Ny-Solheim,Brann,2-4,Kretsserien,1928,/1928/05/30/ny-solheim-brann/,2154d9f5-4e3a-49af-ad5f-7174c46a007a,1928-05-30_ny-solheim-brann.json
1927-09-25,Ørn,Brann,2-1,Cupen,1927,/1927/09/25/orn-brann/,aaccd670-7c34-4e0c-936b-e84cff898eba,1927-09-25_orn-brann.json
1927-09-18,Brann,Djerv,13-1,Kretsserien,1927,/1927/09/18/brann-djerv/,92003e94-9fac-4e65-bf56-eb87d24f3843,1927-09-18_brann-djerv.json
1927-09-11,Brann,Selbak,2-0,Cupen,1927,/1927/09/11/brann-selbak/,24412aa8-de33-4ae1-a032-aa260c392a9c,1927-09-11_brann-selbak.json
1927-09-04,Drammens BK,Brann,3-4,Cupen,1927,/1927/09/04/drammens-bk-brann/,fe2c70e1-4d43-4c17-8dae-e42e79162b24,1927-09-04_drammens-bk-brann.json
1927-08-21,Brann,Kampørn,3-1,Cupen,1927,/1927/08/21/brann-kamporn/,68750390-c19b-492b-91d1-c994a42bf488,1927-08-21_brann-kamporn.json
1927-08-14,Voss,Brann,2-4,Cupen,1927,/1927/08/14/voss-brann/,18b4895f-4373-4b61-9cdd-1f9e15dda0a8,1927-08-14_voss-brann.json
1927-06-26,Årstad,Brann,1-4,Kretsserien,1927,/1927/06/26/arstad-brann/,423087dd-5418-42fc-bd5d-675666f1b1df,1927-06-26_arstad-brann.json
1927-06-23,Brann,Hardy,4-2,Kretsserien,1927,/1927/06/23/brann-hardy/,89fa87bb-39f5-44c4-a70e-e5604b439f72,1927-06-23_brann-hardy.json
1927-06-16,Djerv,Brann,1-4,Kretsserien,1927,/1927/06/16/djerv-brann/,c88997eb-eba1-4144-9de1-7bd960491839,1927-06-16_djerv-brann.json
1927-06-08,Minde,Brann,2-9,Kretsserien,1927,/1927/06/08/minde-brann/,93c6c311-7542-49d8-bb1f-d6c9edd1ed93,1927-06-08_minde-brann.json
1927-06-02,Brann,Hardy,10-1,Kretsserien,1927,/1927/06/02/brann-hardy/,fb9d3975-1dc1-4e97-9351-652807ae06b7,1927-06-02_brann-hardy.json
1927-05-19,Brann,Minde,12-2,Kretsserien,1927,/1927/05/19/brann-minde/,da82cdea-7859-453e-b792-41162df6e703,1927-05-19_brann-minde.json
1927-05-05,Brann,Årstad,3-1,Kretsserien,1927,/1927/05/05/brann-arstad/,ebba422f-2dfa-44a7-8b25-8feef84df5c6,1927-05-05_brann-arstad.json
1926-09-26,Urædd,Brann,1-0,Cupen,1926,/1926/09/26/uraedd-brann/,2f0e4274-65ed-4159-9010-f46a7944e597,1926-09-26_uraedd-brann.json
1926-09-05,Brann,Gjøvik-Lyn,4-1,Cupen,1926,/1926/09/05/brann-gjovik-lyn/,bb492e0a-12cb-4877-abf8-83134db87ff7,1926-09-05_brann-gjovik-lyn.json
1926-08-22,Brann,Vard,7-3,Cupen,1926,/1926/08/22/brann-vard/,c476ebc6-5d0a-47fa-92a3-9042b235c241,1926-08-22_brann-vard.json
1926-08-15,Brann,Brodd,11-0,Cupen,1926,/1926/08/15/brann-brodd/,d00350cd-b317-44ef-af6b-9aa4c57b6406,1926-08-15_brann-brodd.json
1926-08-06,Brann,Djerv,5-1,Kretsserien,1926,/1926/08/06/brann-djerv/,0ba4239b-1d22-4bce-a55a-5ec2eecd3b08,1926-08-06_brann-djerv.json
1926-06-09,Hardy,Brann,1-2,Kretsserien,1926,/1926/06/09/hardy-brann/,a15d1c5e-4e6b-43c3-b23d-0200e3511a2f,1926-06-09_hardy-brann.json
1926-05-27,Brann,Minde,5-0,Kretsserien,1926,/1926/05/27/brann-minde/,0c484767-d550-48d3-9d51-a527bd887f31,1926-05-27_brann-minde.json
1925-10-18,Brann,Sarpsborg FK,3-0,Cupen,1925,/1925/10/18/brann-sarpsborg-fk/,79e2756e-fe3b-4f4e-9d48-13fcc511b2b3,1925-10-18_brann-sarpsborg-fk.json
1925-10-04,Brann,Viking,3-1,Cupen,1925,/1925/10/04/brann-viking/,c73a2f11-3f95-4003-a4d8-dee7c1e5441b,1925-10-04_brann-viking.json
1925-09-27,Fredrikstad,Brann,3-5,Cupen,1925,/1925/09/27/fredrikstad-brann/,b9857051-e896-4374-96e4-69cefeb8161a,1925-09-27_fredrikstad-brann.json
1925-09-13,Brann,Stavanger,5-0,Cupen,1925,/1925/09/13/brann-stavanger/,0f797a57-50c4-49b6-ba11-50bc6c689a59,1925-09-13_brann-stavanger.json
1925-08-30,Trygg,Brann,0-4,Cupen,1925,/1925/08/30/trygg-brann/,edba87ad-b5ec-4fae-99e2-a6ed7e3ebde2,1925-08-30_trygg-brann.json
1925-06-17,Brann,Hardy,5-0,Kretsserien,1925,/1925/06/17/brann-hardy/,60d716d4-7c6f-48c8-840d-b160d86a3656,1925-06-17_brann-hardy.json
1925-06-10,Djerv,Brann,3-0,Kretsserien,1925,/1925/06/10/djerv-brann/,16015626-9213-482e-8f3e-b7faba9e8e5f,1925-06-10_djerv-brann.json
1924-09-28,Mjøndalen,Brann,2-1,Cupen,1924,/1924/09/28/mjondalen-brann/,ecb27ddc-2eb8-4010-b873-8e0113a56d3d,1924-09-28_mjondalen-brann.json
1924-09-07,Strømsgodset,Brann,0-1,Cupen,1924,/1924/09/07/stromsgodset-brann/,4546670b-44e8-4e90-836f-db4da2d25bd4,1924-09-07_stromsgodset-brann.json
1924-08-31,Brann,Frigg,3-2,Cupen,1924,/1924/08/31/brann-frigg/,9a62a148-4c5b-4d60-b947-b43b5dfc82b9,1924-08-31_brann-frigg.json
1924-08-17,Stavanger,Brann,0-1,Cupen,1924,/1924/08/17/stavanger-brann/,f964555f-322a-4467-a13e-49d5587f4bea,1924-08-17_stavanger-brann.json
1924-08-10,Brann,Viking,4-1,Cupen,1924,/1924/08/10/brann-viking/,bec7ff8a-fbff-4b0c-9996-4e857b93b09e,1924-08-10_brann-viking.json
1924-06-03,Djerv,Brann,0-4,Kretsserien,1924,/1924/06/03/djerv-brann/,892c3bef-cc60-4964-a956-19c05eacb578,1924-06-03_djerv-brann.json
1924-05-14,Hardy,Brann,0-7,Kretsserien,1924,/1924/05/14/hardy-brann/,cbddf0c5-d7ec-4a4f-a85b-f9fae3b19c32,1924-05-14_hardy-brann.json
1923-10-14,Brann,Lyn,2-1,Cupen,1923,/1923/10/14/brann-lyn/,03257779-9163-48ce-a3ad-598eb7a7b9fb,1923-10-14_brann-lyn.json
1923-10-07,Brann,Drafn,3-0,Cupen,1923,/1923/10/07/brann-drafn/,cd364fe4-bdb5-4372-b789-ddf814ed90b2,1923-10-07_brann-drafn.json
1923-09-23,Brann,Kvik (Trondheim),4-1,Cupen,1923,/1923/09/23/brann-kvik/,b1a5b2a4-9f2f-41a3-a1ce-cfd024a6b337,1923-09-23_brann-kvik.json
1923-09-16,Brann,Frigg,1-0,Cupen,1923,/1923/09/16/brann-frigg/,b6561a58-cb0d-4fcb-9115-c3b94b013882,1923-09-16_brann-frigg.json
1923-09-09,Frigg,Brann,0-0,Cupen,1923,/1923/09/09/frigg-brann/,e8934b9d-9629-4ca8-808a-bc7502818a86,1923-09-09_frigg-brann.json
1923-08-26,Brann,Aalesund,4-1,Cupen,1923,/1923/08/26/brann-aalesund/,4913fec6-48d7-4d43-af35-ded760ad96cf,1923-08-26_brann-aalesund.json
1923-08-12,Vidar,Brann,1-4,Cupen,1923,/1923/08/12/vidar-brann/,ab9322d3-adca-4c92-a94c-21193032345b,1923-08-12_vidar-brann.json
1923-06-26,Frem,Brann,0-3,Kretsserien,1923,/1923/06/26/frem-brann/,d7a0b1ba-012f-428e-af2e-2464994e3aae,1923-06-26_frem-brann.json
1923-06-12,Djerv,Brann,0-9,Kretsserien,1923,/1923/06/12/djerv-brann/,66dd5102-b3bd-49e0-a1ac-bd34de22e172,1923-06-12_djerv-brann.json
1923-05-10,Hardy,Brann,1-2,Kretsserien,1923,/1923/05/10/hardy-brann/,d84bc82c-306a-4427-ae7b-bcadc0a2dc99,1923-05-10_hardy-brann.json
1922-09-03,Larvik Turn,Brann,3-1,Cupen,1922,/1922/09/03/larvik-turn-brann/,03dd6074-d35c-43e6-b34b-c1966342e03c,1922-09-03_larvik-turn-brann.json
1922-08-13,Viking,Brann,1-8,Cupen,1922,/1922/08/13/viking-brann/,23521419-79a1-4e5b-982c-0815c3822db1,1922-08-13_viking-brann.json
1922-08-01,Djerv,Brann,2-3,Kretsserien,1922,/1922/08/01/djerv-brann/,7977796f-0358-482b-bda4-87cb8afc62a4,1922-08-01_djerv-brann.json
1922-05-13,Frem,Brann,1-6,Kretsserien,1922,/1922/05/13/frem-brann/,2cea5cf6-3fe5-4af1-b95e-b869dc19eb39,1922-05-13_frem-brann.json
1921-10-09,Odd,Brann,1-0,Cupen,1921,/1921/10/09/odd-brann/,d5710cb3-90e2-47cf-a32d-cdcb6b537384,1921-10-09_odd-brann.json
1921-09-25,Brann,Ørn,3-1,Cupen,1921,/1921/09/25/brann-orn/,ff58ff32-9ecd-4010-bed1-bf79450cb0c9,1921-09-25_brann-orn.json
1921-09-11,Fredrikstad,Brann,1-4,Cupen,1921,/1921/09/11/fredrikstad-brann/,3dbe1265-790d-4fd6-b264-e85d0f1e8430,1921-09-11_fredrikstad-brann.json
1921-08-28,Brann,Djerv,9-1,Cupen,1921,/1921/08/28/brann-djerv/,53caa882-2385-48e6-817c-e854364d9cee,1921-08-28_brann-djerv.json
1921-06-22,Frem,Brann,1-5,Kretsserien,1921,/1921/06/22/frem-brann/,b2b387d5-4731-47a2-80d6-b8668c7d7604,1921-06-22_frem-brann.json
1921-06-10,Djerv,Brann,2-6,Kretsserien,1921,/1921/06/10/djerv-brann/,627ac85d-775e-478c-ae06-56ea2007cf8c,1921-06-10_djerv-brann.json
1921-05-25,Hardy,Brann,1-8,Kretsserien,1921,/1921/05/25/hardy-brann/,5a978c80-ae2f-4512-9985-8c9a9e1eb4ab,1921-05-25_hardy-brann.json
1920-10-03,Frigg,Brann,3-2,Cupen,1920,/1920/10/03/frigg-brann/,04718868-ce4a-41f4-827d-2c073fde9e39,1920-10-03_frigg-brann.json
1920-09-19,Brann,Viking,6-1,Cupen,1920,/1920/09/19/brann-viking/,e228a29f-dae6-4afb-b145-c0b6c4900bfd,1920-09-19_brann-viking.json
1920-08-09,Brann,Vidar,5-1,Cupen,1920,/1920/08/09/brann-vidar/,95408247-bf0e-4c2b-88f5-eeeb1395bb5f,1920-08-09_brann-vidar.json
1920-08-05,Djerv,Brann,0-3,Kretsserien,1920,/1920/08/05/djerv-brann/,04e9ed87-95fb-4fd4-852c-e9439a0b41e9,1920-08-05_djerv-brann.json
1920-07-01,Brann,Frem,6-0,Kretsserien,1920,/1920/07/01/brann-frem/,05bdf3da-b140-48e0-9f30-94f93c44d1ad,1920-07-01_brann-frem.json
1919-08-24,Kristiania Fotballklub,Brann,2-1,Cupen,1919,/1919/08/24/kristiania-fotballklub-brann/,db13f62a-0eab-4df0-b5dd-f435a1a01aa6,1919-08-24_kristiania-fotballklub-brann.json
1919-08-10,Brann,Trygg/Oslo,2-1,Cupen,1919,/1919/08/10/brann-trygg-oslo/,4e0427d2-6233-4fd6-9869-fb6e7d061176,1919-08-10_brann-trygg-oslo.json
1919-05-18,Brann,Hardy,17-0,Kretsserien,1919,/1919/05/18/brann-hardy/,d7f510e9-688e-4da7-a4bb-a5c333c0364e,1919-05-18_brann-hardy.json
1919-05-14,Brann,Frem,5-1,Kretsserien,1919,/1919/05/14/brann-frem/,2220b5c9-e8e6-4c7b-9741-bf9382b3d43f,1919-05-14_brann-frem.json
1918-10-20,Brann,Frem,6-1,Kretsserien,1918,/1918/10/20/brann-frem/,0cf21fb8-d159-4e30-8f16-28915ef57f3b,1918-10-20_brann-frem.json
1918-10-13,Kvik Halden,Brann,4-0,Cupen,1918,/1918/10/13/kvik-halden-brann/,63553db1-3262-4ecc-b887-c211ff8413e4,1918-10-13_kvik-halden-brann.json
1918-09-29,Brann,Lyn,1-0,Cupen,1918,/1918/09/29/brann-lyn/,df9bca10-0b6d-437c-964c-088c14f4de4d,1918-09-29_brann-lyn.json
1918-09-27,Brann,Stavanger,3-2,Cupen,1918,/1918/09/27/brann-stavanger/,0290ce72-6915-47aa-8a8f-df6d9fcf0fbe,1918-09-27_brann-stavanger.json
1918-09-22,Stavanger,Brann,0-0,Cupen,1918,/1918/09/22/stavanger-brann/,4b3e15e1-5ed1-4f63-9b80-91770ac1fa99,1918-09-22_stavanger-brann.json
1918-09-08,Gjøvik-Lyn,Brann,1-3,Cupen,1918,/1918/09/08/gjovik-lyn-brann/,dacbcd20-af79-4047-b06e-718bfd634de3,1918-09-08_gjovik-lyn-brann.json
1918-05-28,Brann,Brodd,3-0,Cupen,1918,/1918/05/28/brann-brodd/,e58580fd-b6b8-4b0c-ab65-d0bf4922b4be,1918-05-28_brann-brodd.json
1918-05-12,Brann,Frem,11-0,Kretsserien,1918,/1918/05/12/brann-frem/,c660ebfb-3523-4e48-9e16-466e1991ebb3,1918-05-12_brann-frem.json
1918-05-05,Brann,Nornen,14-0,Kretsserien,1918,/1918/05/05/brann-nornen/,cca066d0-4329-483c-bd68-1f00dc89f4c4,1918-05-05_brann-nornen.json
1917-10-14,Sarpsborg FK,Brann,4-1,Cupen,1917,/1917/10/14/sarpsborg-fk-brann/,d314b291-1d12-4c2f-aac6-c987dac474e7,1917-10-14_sarpsborg-fk-brann.json
1917-09-30,Lyn,Brann,0-3,Cupen,1917,/1917/09/30/lyn-brann/,63b34f04-f6fc-4622-81ce-e6544d6d9791,1917-09-30_lyn-brann.json
1917-09-23,Stavanger,Brann,2-5,Cupen,1917,/1917/09/23/stavanger-brann/,1423f586-48f0-4a85-a9fe-e9cd076d3276,1917-09-23_stavanger-brann.json
1917-08-26,Aalesund,Brann,0-14,Cupen,1917,/1917/08/26/aalesund-brann/,42200bbc-6520-4208-bba9-cabcd6872f0f,1917-08-26_aalesund-brann.json
1917-08-12,Vidar,Brann,0-7,Cupen,1917,/1917/08/12/vidar-brann/,901be39e-bc26-4d5c-bdef-8f64da9f57f1,1917-08-12_vidar-brann.json
1917-06-19,Brann,TIF Viking,12-0,Kretsserien,1917,/1917/06/19/brann-viking-bergen/,fb29aec6-697f-44d4-927e-315ed2521772,1917-06-19_brann-viking-bergen.json
1917-06-13,Brann,Nornen,11-0,Kretsserien,1917,/1917/06/13/brann-nornen/,253601bf-ad8f-4fba-b891-16acb9eb0fde,1917-06-13_brann-nornen.json
1916-09-10,Brann,Stavanger,2-3,Cupen,1916,/1916/09/10/brann-stavanger/,3edb7c17-cade-46fa-a394-93cb9750b75a,1916-09-10_brann-stavanger.json
1916-08-31,Brann,Nornen,10-1,Kretsserien,1916,/1916/08/31/brann-nornen/,5252fa03-eb61-442b-bbe5-bd8a9823878b,1916-08-31_brann-nornen.json
1916-08-24,Brann,Drott,8-1,Kretsserien,1916,/1916/08/24/brann-drott/,ebf96020-f477-443f-b7df-6737293ea29f,1916-08-24_brann-drott.json
1916-05-14,Brann,Nornen,8-4,Kretsserien,1916,/1916/05/14/brann-nornen/,d8ef3106-04fb-4236-bfb4-173fda2ebdff,1916-05-14_brann-nornen.json
1915-09-26,Kvik Halden,Brann,8-0,Cupen,1915,/1915/09/26/kvik-halden-brann/,14213df7-9e82-4fd2-9f55-98ac8eb94f64,1915-09-26_kvik-halden-brann.json
1915-09-12,Brann,Lyn,3-2,Cupen,1915,/1915/09/12/brann-lyn/,082645c1-461a-4dff-8bea-b9f3d997caca,1915-09-12_brann-lyn.json
1915-09-05,TIF Viking,Brann,4-4,Kretsserien,1915,/1915/09/05/viking-bergen-brann/,6136d117-cf94-473b-b0fb-d0912a721e30,1915-09-05_viking-bergen-brann.json
1915-08-29,Bergens Sportsklub,Brann,2-6,Kretsserien,1915,/1915/08/29/bergen-sportsklubb-brann/,a3201d41-6ce6-4013-a33a-15a441ba2a32,1915-08-29_bergen-sportsklubb-brann.json
1915-06-13,Brann,TIF Viking,4-2,Kretsserien,1915,/1915/06/13/brann-viking-bergen/,a7e08cef-6fa7-4f45-846b-b08e08d84259,1915-06-13_brann-viking-bergen.json
1915-05-16,Brann,Bergens Sportsklub,4-1,Kretsserien,1915,/1915/05/16/brann-bergen-sportsklubb/,5da55141-1234-43cf-bffe-a4604560fdbd,1915-05-16_brann-bergen-sportsklubb.json
1915-05-09,Brann,Drott,7-0,Kretsserien,1915,/1915/05/09/brann-drott/,ef4a954b-6b9d-48eb-be21-95a6259691c9,1915-05-09_brann-drott.json
1915-04-30,Drott,Brann,1-5,Kretsserien,1915,/1915/04/30/drott-brann/,10a13020-cf7a-48a0-9062-f4ccc2c64ebb,1915-04-30_drott-brann.json
1914-10-04,Bergens Sportsklub,Brann,0-7,Kretsserien,1914,/1914/10/04/bergen-sportsklubb-brann/,11641f8d-8acf-45fb-8e26-7e1ce7868aec,1914-10-04_bergen-sportsklubb-brann.json
1914-09-13,Stavanger,Brann,8-1,Cupen,1914,/1914/09/13/stavanger-brann/,1743e8ff-c0e5-49a2-a08f-77531741e4ac,1914-09-13_stavanger-brann.json
1914-06-28,Brann,Drott,7-3,Kretsserien,1914,/1914/06/28/brann-drott/,3297f9e0-1706-4c29-b0b6-f0d805c8d832,1914-06-28_brann-drott.json
1914-05-24,Brann,Bergens Sportsklub,3-1,Kretsserien,1914,/1914/05/24/brann-bergen-sportsklubb/,4a0bb375-5393-4166-9695-c04e2b88a4a4,1914-05-24_brann-bergen-sportsklubb.json
1914-05-21,TIF Viking,Brann,0-5,Kretsserien,1914,/1914/05/21/viking-bergen-brann/,038137f3-75d5-4a6a-952c-a20eb08e80d4,1914-05-21_viking-bergen-brann.json
1913-09-14,Stavanger,Brann,6-4,Cupen,1913,/1913/09/14/stavanger-brann/,ed213730-bf14-40af-93fc-408d37e0d828,1913-09-14_stavanger-brann.json
1913-08-31,Brann,Bergens Sportsklub,2-2,Kretsserien,1913,/1913/08/31/brann-bergen-sportsklubb/,b9d8b212-6cd3-4306-9e8e-c26842b16bef,1913-08-31_brann-bergen-sportsklubb.json
1913-08-17,Brann,TIF Viking,4-1,Kretsserien,1913,/1913/08/17/brann-viking-bergen/,8fef73d1-14c3-4a0e-a5b8-eefa512326a7,1913-08-17_brann-viking-bergen.json
1913-06-15,Bergens Sportsklub,Brann,2-5,Kretsserien,1913,/1913/06/15/bergen-sportsklubb-brann/,26ec031b-7233-4bd1-bc26-b86d150f9236,1913-06-15_bergen-sportsklubb-brann.json
1913-06-08,Brann,TIF Viking,6-0,Kretsserien,1913,/1913/06/08/brann-viking-bergen/,669033b9-0ed9-4e05-abf9-9eeea9576d8c,1913-06-08_brann-viking-bergen.json
1912-09-22,Brann,Stavanger,2-8,Cupen,1912,/1912/09/22/brann-stavanger/,b42422a9-e9b2-44f0-a94f-3dce5dfd6c61,1912-09-22_brann-stavanger.json
1912-09-15,Brann,Bergens Sportsklub,6-0,Kretsserien,1912,/1912/09/15/brann-bergen-sportsklubb/,5654bda7-b48f-4d6b-922a-638572b09d34,1912-09-15_brann-bergen-sportsklubb.json
1912-09-08,TIF Viking,Brann,0-9,Kretsserien,1912,/1912/09/08/viking-bergen-brann/,aa0e0b42-e342-460d-9b92-b0428b13b8ba,1912-09-08_viking-bergen-brann.json
1912-05-05,Bergens Sportsklub,Brann,4-3,Kretsserien,1912,/1912/05/05/bergen-sportsklubb-brann/,e59f4417-e395-433a-835e-fe6a414617d1,1912-05-05_bergen-sportsklubb-brann.json
1911-09-10,Bergen Fodboldklub,Brann,4-2,Kretsserien,1911,/1911/09/10/bergen-fodboldklub-brann/,99ee05ba-e5d9-43ad-811f-0877814d5959,1911-09-10_bergen-fodboldklub-brann.json
1911-09-03,Bergens Sportsklub,Brann,2-5,Kretsserien,1911,/1911/09/03/bergen-sportsklubb-brann/,f1c38376-27ff-4d20-9c4b-182dce1b6b7f,1911-09-03_bergen-sportsklubb-brann.json
1911-08-20,TIF Viking,Brann,1-6,Kretsserien,1911,/1911/08/20/viking-bergen-brann/,01119e61-bf38-43b4-af8a-2f193c335278,1911-08-20_viking-bergen-brann.json
1911-06-29,Brann,TIF Viking,4-1,Kretsserien,1911,/1911/06/29/brann-viking-bergen/,3f0baa09-6c7e-4ba8-8690-a323b484b1e2,1911-06-29_brann-viking-bergen.json
1911-06-25,Bergen Fodboldklub,Brann,3-3,Kretsserien,1911,/1911/06/25/bergen-fodboldklub-brann/,d60401bf-264a-4376-b448-be7f887927ca,1911-06-25_bergen-fodboldklub-brann.json
1911-06-21,Brann,Bergens Sportsklub,8-0,Kretsserien,1911,/1911/06/21/brann-bergen-sportsklubb/,70cf1b3a-5589-4a56-83cd-68c0ad6039e1,1911-06-21_brann-bergen-sportsklubb.json
