date,home_team,away_team,score,competition,season,path,match_id,filename
2000-04-09,Brann,Viking,4-1,Tippeligaen,2000,/2000/04/09/brann-viking/,7e6806b3-194b-42bc-bc72-89c791d1813b,2000-04-09_brann-viking.json
2000-04-16,Rosenborg,Brann,4-4,Tippeligaen,2000,/2000/04/16/rbk-brann/,73ceb0e7-0c4b-44a9-84df-0c54ffa709f8,2000-04-16_rbk-brann.json
2000-04-19,Brann,Odd,0-0,Tippeligaen,2000,/2000/04/19/brann-odd/,49070b6e-b228-4470-a97b-b8ec71aaa4c9,2000-04-19_brann-odd.json
2000-04-29,Start,Brann,0-2,Tippeligaen,2000,/2000/04/29/start-brann/,d2c9018f-3747-443e-abcb-de62888f96f9,2000-04-29_start-brann.json
2000-05-04,Brann,Tromsø,2-0,Tippeligaen,2000,/2000/05/04/brann-tromso/,0524028b-95f8-4bdf-a8f3-0acb14fe6aa4,2000-05-04_brann-tromso.json
2000-05-07,Bodø/Glimt,Brann,3-2,Tippeligaen,2000,/2000/05/07/glimt-brann/,fafee9f8-86d0-42ec-b386-5fe5523068be,2000-05-07_glimt-brann.json
2000-05-10,Brann,Vålerenga,3-1,Tippeligaen,2000,/2000/05/10/brann-vif/,a8ab9b99-21c0-4410-aed1-65bcdb32c5ed,2000-05-10_brann-vif.json
2000-05-13,Bryne,Brann,0-3,Tippeligaen,2000,/2000/05/13/bryne-brann/,4e677244-55e7-4529-b377-448e03e9fbf9,2000-05-13_bryne-brann.json
2000-05-16,Brann,Moss,2-0,Tippeligaen,2000,/2000/05/16/brann-moss/,0de47078-7f3c-4019-aa10-46e0965795a2,2000-05-16_brann-moss.json
2000-05-21,Stabæk,Brann,7-1,Tippeligaen,2000,/2000/05/21/stabaek-brann/,b7bed594-70cb-4886-bae8-5cbed3d1c708,2000-05-21_stabaek-brann.json
2000-06-28,Brann,Stord,2-0,Cupen,2000,/2000/06/28/brann-stord/,60298162-d732-434d-b3b2-b3a506634247,2000-06-28_brann-stord.json
2000-07-02,Haugesund,Brann,2-4,Tippeligaen,2000,/2000/07/02/haugesund-brann/,d99765e1-d47f-420c-b31b-3cd70c901378,2000-07-02_haugesund-brann.json
2000-07-05,Brann,Lillestrøm,0-2,Tippeligaen,2000,/2000/07/05/brann-lsk/,6884831c-8f03-4d2d-8708-d19948fca7e0,2000-07-05_brann-lsk.json
2000-07-16,Viking,Brann,2-6,Tippeligaen,2000,/2000/07/16/viking-brann/,ee940439-7890-4d08-aaa6-51a05e87d7de,2000-07-16_viking-brann.json
2000-07-20,Molde,Brann,3-0,Cupen,2000,/2000/07/20/molde-brann/,7df1daaf-3ec5-4e5d-8c72-ef49de7bd654,2000-07-20_molde-brann.json
2000-07-23,Brann,Rosenborg,1-1,Tippeligaen,2000,/2000/07/23/brann-rbk/,69ea448d-70f8-4c41-8b38-2db662a8c586,2000-07-23_brann-rbk.json
2000-07-26,Molde,Brann,1-3,Tippeligaen,2000,/2000/07/26/molde-brann/,d3ff75cb-bbc7-4fdf-a992-0fe3c2e6be67,2000-07-26_molde-brann.json
2000-07-30,Odd,Brann,2-0,Tippeligaen,2000,/2000/07/30/odd-brann/,0c306fd8-de3b-4dff-bb72-2a1eb0163a02,2000-07-30_odd-brann.json
2000-08-06,Tromsø,Brann,4-1,Tippeligaen,2000,/2000/08/06/tromso-brann/,e2219ebd-eff9-4117-ba9d-36a8c04bcb22,2000-08-06_tromso-brann.json
2000-08-10,Liepājas Metalurgs,Brann,1-1,Europa League,2000,/2000/08/10/liepajas-metalurgs-brann/,d9844c5c-fd63-4d31-ba16-a89c8ff5b0b7,2000-08-10_liepajas-metalurgs-brann.json
2000-08-13,Brann,Bodø/Glimt,0-2,Tippeligaen,2000,/2000/08/13/brann-glimt/,21011132-86d2-4c83-ad05-9e759e00eed0,2000-08-13_brann-glimt.json
2000-08-20,Vålerenga,Brann,0-1,Tippeligaen,2000,/2000/08/20/vif-brann/,1c5c6e16-e8f3-4554-b989-d1023f7faf09,2000-08-20_vif-brann.json
2000-08-24,Brann,Liepājas Metalurgs,1-0,Europa League,2000,/2000/08/24/brann-liepajas-metalurgs/,33ea91e7-d9b3-4b3d-8aec-33fd2392407d,2000-08-24_brann-liepajas-metalurgs.json
2000-08-27,Brann,Bryne,0-0,Tippeligaen,2000,/2000/08/27/brann-bryne/,73653157-2c8c-440f-ae5e-ba87da21b66b,2000-08-27_brann-bryne.json
2000-09-09,Moss,Brann,3-2,Tippeligaen,2000,/2000/09/09/moss-brann/,983cfcaa-f3a4-4373-8f51-1f55836edb74,2000-09-09_moss-brann.json
2000-09-12,Basel,Brann,3-2,Europa League,2000,/2000/09/12/basel-brann/,b4048c79-167f-4ac6-ace4-5e2ba25f273b,2000-09-12_basel-brann.json
2000-09-17,Brann,Stabæk,2-2,Tippeligaen,2000,/2000/09/17/brann-stabaek/,2ff3df23-467a-405c-93fe-9bbd5dc01ef4,2000-09-17_brann-stabaek.json
2000-09-20,Brann,Start,2-1,Tippeligaen,2000,/2000/09/20/brann-start/,c220f7e2-86eb-459f-ae27-fa744aee7282,2000-09-20_brann-start.json
2000-09-28,Brann,Basel,4-4,Europa League,2000,/2000/09/28/brann-basel/,ae194e82-3df3-49a5-a934-e43e65dbe562,2000-09-28_brann-basel.json
2000-10-01,Brann,Haugesund,2-1,Tippeligaen,2000,/2000/10/01/brann-haugesund/,0004bf1b-e18f-47df-955a-17faa343b139,2000-10-01_brann-haugesund.json
2000-10-15,Lillestrøm,Brann,1-2,Tippeligaen,2000,/2000/10/15/lsk-brann/,04a7cda3-91b4-438d-90cd-37b3b5341aba,2000-10-15_lsk-brann.json
2000-10-22,Brann,Molde,4-0,Tippeligaen,2000,/2000/10/22/brann-molde/,d128206c-1df3-4b17-b5b8-1f61fc2a55ae,2000-10-22_brann-molde.json
2001-04-16,Brann,Moss,1-0,Tippeligaen,2001,/2001/04/16/brann-moss/,8ac81d6d-97bd-4bdd-9005-3c48c1ff41b4,2001-04-16_brann-moss.json
2001-04-22,Tromsø,Brann,2-0,Tippeligaen,2001,/2001/04/22/tromso-brann/,9cc1d85f-d9b0-43b4-9471-bc325065b898,2001-04-22_tromso-brann.json
2001-04-29,Brann,Bryne,3-4,Tippeligaen,2001,/2001/04/29/brann-bryne/,779edd6e-9c27-4713-92b3-a47279921f31,2001-04-29_brann-bryne.json
2001-05-02,Strømsgodset,Brann,2-6,Tippeligaen,2001,/2001/05/02/stromsgodset-brann/,ff6315ef-ee56-4f2d-a74b-7766edbaa4c9,2001-05-02_stromsgodset-brann.json
2001-05-06,Brann,Sogndal,2-1,Tippeligaen,2001,/2001/05/06/brann-sogndal/,a39535d9-dcbe-444f-9036-7e1b0a46cb17,2001-05-06_brann-sogndal.json
2001-05-09,Jotun,Brann,0-4,Cupen,2001,/2001/05/09/jotun-brann/,753aba76-3265-4047-a910-041a057d5f61,2001-05-09_jotun-brann.json
2001-05-13,Odd,Brann,2-2,Tippeligaen,2001,/2001/05/13/odd-brann/,8c3de0b3-4d17-4a37-8e4f-b9a13903ca7d,2001-05-13_odd-brann.json
2001-05-16,Brann,Lyn,2-1,Tippeligaen,2001,/2001/05/16/brann-lyn/,a4328746-fa39-4296-b9f1-c388e0783408,2001-05-16_brann-lyn.json
2001-05-20,Lillestrøm,Brann,2-1,Tippeligaen,2001,/2001/05/20/lsk-brann/,2adc23b7-1fd5-489d-8e93-4190bfdb4a26,2001-05-20_lsk-brann.json
2001-05-24,Brann,Stabæk,8-1,Tippeligaen,2001,/2001/05/24/brann-stabaek/,dfbfa2df-439a-4794-8b23-8a2eae53c0a9,2001-05-24_brann-stabaek.json
2001-06-10,Brann,Bodø/Glimt,2-2,Tippeligaen,2001,/2001/06/10/brann-glimt/,7a801cf9-16a6-4dae-ae0d-642102d27e56,2001-06-10_brann-glimt.json
2001-06-13,Skjold,Brann,0-6,Cupen,2001,/2001/06/13/skjold-brann/,8c620f3a-7861-4ed7-a5fb-58d26ee5292b,2001-06-13_skjold-brann.json
2001-06-17,Viking,Brann,0-2,Tippeligaen,2001,/2001/06/17/viking-brann/,128304df-776d-40a1-98a1-cb68c939ab5b,2001-06-17_viking-brann.json
2001-06-22,Brann,Molde,0-0,Tippeligaen,2001,/2001/06/22/brann-molde/,444378b7-8504-460e-b550-d4dbb85cbe91,2001-06-22_brann-molde.json
2001-06-27,Brann,Nest-Sotra,6-1,Cupen,2001,/2001/06/27/brann-nest-sotra/,afe40314-5530-4fa8-83bb-caf9ca39003d,2001-06-27_brann-nest-sotra.json
2001-07-01,Rosenborg,Brann,3-3,Tippeligaen,2001,/2001/07/01/rbk-brann/,b95bb751-6c93-43e6-9ecb-3c0c381018eb,2001-07-01_rbk-brann.json
2001-07-08,Moss,Brann,2-3,Tippeligaen,2001,/2001/07/08/moss-brann/,304d17af-e034-4230-8e3d-d88d56ca082c,2001-07-08_moss-brann.json
2001-07-18,Brann,Ørn,6-0,Cupen,2001,/2001/07/18/brann-orn/,4b86f468-df52-4949-9aa6-ef9ab1c6f6f3,2001-07-18_brann-orn.json
2001-07-22,Brann,Tromsø,3-1,Tippeligaen,2001,/2001/07/22/brann-tromso/,d3e389d2-621f-44b8-adbe-8b6c745d566d,2001-07-22_brann-tromso.json
2001-07-25,Levski Sofia,Brann,0-0,Champions League,2001,/2001/07/25/levski-sofia-brann/,a5a86277-702d-4616-b727-5db26c91ec73,2001-07-25_levski-sofia-brann.json
2001-07-29,Bryne,Brann,0-3,Tippeligaen,2001,/2001/07/29/bryne-brann/,30df3d63-932c-44b7-8d03-8441aac93f20,2001-07-29_bryne-brann.json
2001-08-01,Brann,Levski Sofia,1-1,Champions League,2001,/2001/08/01/brann-levski-sofia/,81236b77-89ff-4b44-be3a-f396e60337bc,2001-08-01_brann-levski-sofia.json
2001-08-05,Brann,Strømsgodset,6-2,Tippeligaen,2001,/2001/08/05/brann-stromsgodset/,8f66c187-2dea-4e6b-80d5-f74579051be2,2001-08-05_brann-stromsgodset.json
2001-08-12,Sogndal,Brann,4-3,Tippeligaen,2001,/2001/08/12/sogndal-brann/,e155f38a-42b6-4c9b-a987-f86661ba4211,2001-08-12_sogndal-brann.json
2001-08-19,Brann,Odd,3-1,Tippeligaen,2001,/2001/08/19/brann-odd/,a691ec39-42bd-402a-82c5-478357d42ed6,2001-08-19_brann-odd.json
2001-08-22,Lillestrøm,Brann,3-0,Cupen,2001,/2001/08/22/lsk-brann/,9df6dd5b-d021-4966-bcc1-6236d1e7901c,2001-08-22_lsk-brann.json
2001-08-26,Lyn,Brann,3-2,Tippeligaen,2001,/2001/08/26/lyn-brann/,8b047aa1-d627-4fee-815c-f90cfd16f040,2001-08-26_lyn-brann.json
2001-09-09,Brann,Lillestrøm,1-1,Tippeligaen,2001,/2001/09/09/brann-lsk/,312e94f7-3c16-4fb3-9787-00a84b866882,2001-09-09_brann-lsk.json
2001-09-16,Stabæk,Brann,2-1,Tippeligaen,2001,/2001/09/16/stabaek-brann/,ae60a8b6-3c73-4976-b1fb-469ecb2278f7,2001-09-16_stabaek-brann.json
2001-09-28,Bodø/Glimt,Brann,5-1,Tippeligaen,2001,/2001/09/28/glimt-brann/,df7db5ee-3cdd-4b03-91fb-d55a35f1c018,2001-09-28_glimt-brann.json
2001-10-12,Brann,Viking,0-1,Tippeligaen,2001,/2001/10/12/brann-viking/,8cd4de1e-1c42-425c-92cd-88629734b834,2001-10-12_brann-viking.json
2001-10-21,Molde,Brann,0-3,Tippeligaen,2001,/2001/10/21/molde-brann/,18c60f2c-481f-4218-adbc-a01b098e2bc9,2001-10-21_molde-brann.json
2001-10-28,Brann,Rosenborg,2-6,Tippeligaen,2001,/2001/10/28/brann-rbk/,8110d2e6-7314-41c6-91ea-5bc4c8a7b7e9,2001-10-28_brann-rbk.json
2002-04-13,Molde,Brann,2-0,Tippeligaen,2002,/2002/04/13/molde-brann/,1d43bc8a-a3d2-4fc3-b72c-b59335b3611f,2002-04-13_molde-brann.json
2002-04-21,Brann,Moss,0-1,Tippeligaen,2002,/2002/04/21/brann-moss/,06ed8aa7-b905-4f02-bc7f-abed3aab9845,2002-04-21_brann-moss.json
2002-04-28,Start,Brann,2-2,Tippeligaen,2002,/2002/04/28/start-brann/,5387591d-4c94-4561-ac5d-a7abf9a83e3a,2002-04-28_start-brann.json
2002-05-01,Brann,Vålerenga,0-4,Tippeligaen,2002,/2002/05/01/brann-vif/,4ecbf2f2-9af6-4cb9-abbb-89045a69893c,2002-05-01_brann-vif.json
2002-05-05,Bodø/Glimt,Brann,0-1,Tippeligaen,2002,/2002/05/05/glimt-brann/,a00c8100-7d08-442e-b647-1482d99dc19d,2002-05-05_glimt-brann.json
2002-05-09,Brann,Stabæk,4-1,Tippeligaen,2002,/2002/05/09/brann-stabaek/,d29d5be8-fd8f-4e1d-b294-8b2adcbf246a,2002-05-09_brann-stabaek.json
2002-05-12,Sogndal,Brann,2-3,Tippeligaen,2002,/2002/05/12/sogndal-brann/,160ad73f-3559-4023-ad6b-809e93b7c94f,2002-05-12_sogndal-brann.json
2002-05-16,Brann,Bryne,1-2,Tippeligaen,2002,/2002/05/16/brann-bryne/,bdb778c9-77a7-4695-a000-14360352e3dd,2002-05-16_brann-bryne.json
2002-05-26,Brann,Odd,1-3,Tippeligaen,2002,/2002/05/26/brann-odd/,1a33affc-4a3e-4286-807b-b4821bffb9f3,2002-05-26_brann-odd.json
2002-05-29,Fjøra,Brann,0-3,Cupen,2002,/2002/05/29/fjora-brann/,e8e2a7a2-0a9c-4db8-b058-cb9fca64d8b3,2002-05-29_fjora-brann.json
2002-06-02,Viking,Brann,4-1,Tippeligaen,2002,/2002/06/02/viking-brann/,a778957b-fc5d-44c8-a507-d906f48d2bcd,2002-06-02_viking-brann.json
2002-06-09,Brann,Lyn,1-1,Tippeligaen,2002,/2002/06/09/brann-lyn/,bf1d30af-2870-4930-a686-549b7eed9998,2002-06-09_brann-lyn.json
2002-06-12,Brann,Hovding,4-1,Cupen,2002,/2002/06/12/brann-hovding/,5c3539d6-e135-474c-a963-33dd298a168c,2002-06-12_brann-hovding.json
2002-06-16,Lillestrøm,Brann,0-1,Tippeligaen,2002,/2002/06/16/lsk-brann/,fe660e95-5ba2-4ca1-956e-a6ae160b5403,2002-06-16_lsk-brann.json
2002-06-27,Fana,Brann,0-2,Cupen,2002,/2002/06/27/fana-brann/,c1602daf-a548-4ab1-8fbf-2c0f482a0e2f,2002-06-27_fana-brann.json
2002-06-30,Brann,Molde,4-1,Tippeligaen,2002,/2002/06/30/brann-molde/,3dba5b9a-5ba2-45fb-accc-d01e71591317,2002-06-30_brann-molde.json
2002-07-20,Moss,Brann,0-1,Tippeligaen,2002,/2002/07/20/moss-brann/,8c90ae7d-6d07-488a-a956-b638022eeee0,2002-07-20_moss-brann.json
2002-08-01,Brann,Rosenborg,2-3,Tippeligaen,2002,/2002/08/01/brann-rbk/,fe939ccc-fe1a-418d-b5d6-98e7e7721ac8,2002-08-01_brann-rbk.json
2002-08-05,Vålerenga,Brann,1-1,Tippeligaen,2002,/2002/08/05/vif-brann/,36ed00dc-61df-4435-bf1b-3cff7c070bca,2002-08-05_vif-brann.json
2002-08-08,Brann,Aalesund,1-1,Cupen,2002,/2002/08/08/brann-aalesund/,201a79da-28d8-46b4-a575-438d37af94cb,2002-08-08_brann-aalesund.json
2002-08-12,Brann,Bodø/Glimt,1-3,Tippeligaen,2002,/2002/08/12/brann-glimt/,855f6ca3-06b9-4207-8ff4-dbeb01bfd32b,2002-08-12_brann-glimt.json
2002-08-15,Brann,Sūduva,2-3,UEFA-cupen,2002,/2002/08/15/brann-suduva/,85584ae9-ef01-464b-aa8a-17ab585279ef,2002-08-15_brann-suduva.json
2002-08-18,Stabæk,Brann,1-0,Tippeligaen,2002,/2002/08/18/stabaek-brann/,1866b935-2b37-4472-916a-0dcd4bee1fc4,2002-08-18_stabaek-brann.json
2002-08-25,Brann,Sogndal,2-3,Tippeligaen,2002,/2002/08/25/brann-sogndal/,0ef812e6-5eb9-46bf-92ab-3a038ed79425,2002-08-25_brann-sogndal.json
2002-08-29,Sūduva,Brann,3-2,UEFA-cupen,2002,/2002/08/29/suduva-brann/,33749e1e-8d2b-4a56-956d-3aa8397870e4,2002-08-29_suduva-brann.json
2002-09-01,Bryne,Brann,4-0,Tippeligaen,2002,/2002/09/01/bryne-brann/,ff4b090c-9175-40d6-aa7f-cecc1c01d7c8,2002-09-01_bryne-brann.json
2002-09-11,Brann,Start,3-1,Tippeligaen,2002,/2002/09/11/brann-start/,d3f40a4e-ddec-4408-99da-c6daf7954836,2002-09-11_brann-start.json
2002-09-16,Odd,Brann,2-0,Tippeligaen,2002,/2002/09/16/odd-brann/,204d7acb-7969-4744-9ca2-4a891202b5ab,2002-09-16_odd-brann.json
2002-09-30,Brann,Viking,2-3,Tippeligaen,2002,/2002/09/30/brann-viking/,fba78f84-d098-4cd1-b4ba-e58f3527749f,2002-09-30_brann-viking.json
2002-10-06,Lyn,Brann,2-3,Tippeligaen,2002,/2002/10/06/lyn-brann/,f9cc0bff-02ed-4389-9574-34f3727a6310,2002-10-06_lyn-brann.json
2002-10-20,Brann,Lillestrøm,1-2,Tippeligaen,2002,/2002/10/20/brann-lsk/,870e7393-5c4a-4e91-8299-8e3d0898eab2,2002-10-20_brann-lsk.json
2002-10-27,Rosenborg,Brann,4-0,Tippeligaen,2002,/2002/10/27/rbk-brann/,a98494b1-573c-42bd-b4df-70d6d0de40e6,2002-10-27_rbk-brann.json
2002-11-02,Sandefjord,Brann,0-0,Kvalifisering,2002,/2002/11/02/sandefjord-brann/,0f61285a-a023-4751-81db-512336f21332,2002-11-02_sandefjord-brann.json
2002-11-06,Brann,Sandefjord,2-1,Kvalifisering,2002,/2002/11/06/brann-sandefjord/,e35c0a42-9c62-46d6-8991-47a8905d7b1f,2002-11-06_brann-sandefjord.json
2003-04-14,Lyn,Brann,0-0,Tippeligaen,2003,/2003/04/14/lyn-brann/,b6aa8a58-2b7e-4d37-8214-3553db36ca4f,2003-04-14_lyn-brann.json
2003-04-22,Brann,Rosenborg,1-6,Tippeligaen,2003,/2003/04/22/brann-rbk/,3c4a4c50-3cac-4ec0-a13e-7e130b52d66b,2003-04-22_brann-rbk.json
2003-04-26,Aalesund,Brann,3-3,Tippeligaen,2003,/2003/04/26/aalesund-brann/,3d6e5de2-054a-48a7-bf40-1ed8fffec962,2003-04-26_aalesund-brann.json
2003-05-05,Brann,Viking,0-3,Tippeligaen,2003,/2003/05/05/brann-viking/,c2b5916d-74d3-4e1c-b047-9d869efc045e,2003-05-05_brann-viking.json
2003-05-07,Lyngbø,Brann,0-4,Cupen,2003,/2003/05/07/lyngbo-brann/,fc217752-3b8a-4fda-92f6-3f15634ae3f3,2003-05-07_lyngbo-brann.json
2003-05-11,Sogndal,Brann,2-0,Tippeligaen,2003,/2003/05/11/sogndal-brann/,d2749bf0-a5a4-45b7-b5da-bfbac9353e88,2003-05-11_sogndal-brann.json
2003-05-16,Brann,Odd,3-0,Tippeligaen,2003,/2003/05/16/brann-odd/,c7d82a11-25aa-46c2-936b-8e7761778cd9,2003-05-16_brann-odd.json
2003-05-21,Fyllingen,Brann,1-3,Cupen,2003,/2003/05/21/fyllingen-brann/,1091e7a4-375a-4328-90ec-9cd5a5f1931b,2003-05-21_fyllingen-brann.json
2003-05-25,Lillestrøm,Brann,0-0,Tippeligaen,2003,/2003/05/25/lsk-brann/,1e868d05-6955-47fd-a051-d23a661411db,2003-05-25_lsk-brann.json
2003-05-29,Brann,Bodø/Glimt,0-2,Tippeligaen,2003,/2003/05/29/brann-glimt/,b93cd553-f5f0-42f2-a91f-d8fdc9a5eb29,2003-05-29_brann-glimt.json
2003-06-02,Molde,Brann,3-0,Tippeligaen,2003,/2003/06/02/molde-brann/,f9fe4f04-ad06-4b93-a685-2ff36ada97bd,2003-06-02_molde-brann.json
2003-06-15,Brann,Stabæk,3-3,Tippeligaen,2003,/2003/06/15/brann-stabaek/,96f8e3cb-07db-4d21-b4ae-fc7da00d5cd5,2003-06-15_brann-stabaek.json
2003-06-23,Bryne,Brann,1-1,Tippeligaen,2003,/2003/06/23/bryne-brann/,04362dc2-7e2d-4fa2-a3e7-393a46a4a6fc,2003-06-23_bryne-brann.json
2003-06-26,Brann,Strømsgodset,4-3,Cupen,2003,/2003/06/26/brann-stromsgodset/,ee04527c-cf5b-49e8-9a4d-ad97de72a025,2003-06-26_brann-stromsgodset.json
2003-06-29,Brann,Tromsø,0-1,Tippeligaen,2003,/2003/06/29/brann-tromso/,7e9d22c0-4efa-4696-b786-5164073627a6,2003-06-29_brann-tromso.json
2003-07-21,Vålerenga,Brann,0-2,Tippeligaen,2003,/2003/07/21/vif-brann/,32af7feb-e2f7-41bf-8e75-61bb3f4b7e93,2003-07-21_vif-brann.json
2003-07-27,Brann,Lyn,4-1,Tippeligaen,2003,/2003/07/27/brann-lyn/,346c0825-fb3c-49d5-9136-1d49beae47c4,2003-07-27_brann-lyn.json
2003-08-03,Rosenborg,Brann,2-2,Tippeligaen,2003,/2003/08/03/rbk-brann/,089e2ceb-935c-4c5d-83a7-e8c275b48d0a,2003-08-03_rbk-brann.json
2003-08-07,Tromsø,Brann,1-0,Cupen,2003,/2003/08/07/tromso-brann/,e54f6aac-cc8a-4896-b107-4f9af097c152,2003-08-07_tromso-brann.json
2003-08-10,Brann,Aalesund,3-0,Tippeligaen,2003,/2003/08/10/brann-aalesund/,d4ebab4c-54c0-4289-9985-c175d1fcfbb8,2003-08-10_brann-aalesund.json
2003-08-16,Viking,Brann,3-3,Tippeligaen,2003,/2003/08/16/viking-brann/,8e15511b-4e70-4130-b4dc-2e3b26263f86,2003-08-16_viking-brann.json
2003-08-25,Brann,Sogndal,6-1,Tippeligaen,2003,/2003/08/25/brann-sogndal/,1500b433-fbd3-462d-a589-1ecee07d22f2,2003-08-25_brann-sogndal.json
2003-08-31,Odd,Brann,1-3,Tippeligaen,2003,/2003/08/31/odd-brann/,56770143-8b02-405a-8cc1-dece16bfc7a1,2003-08-31_odd-brann.json
2003-09-15,Brann,Lillestrøm,1-3,Tippeligaen,2003,/2003/09/15/brann-lsk/,f7c69c6b-0a81-4997-8464-0f354d6faca0,2003-09-15_brann-lsk.json
2003-09-21,Bodø/Glimt,Brann,3-0,Tippeligaen,2003,/2003/09/21/glimt-brann/,90966607-4b1f-493a-8b55-37476fe5a239,2003-09-21_glimt-brann.json
2003-09-28,Brann,Molde,3-2,Tippeligaen,2003,/2003/09/28/brann-molde/,8e043658-b91c-4177-a2d7-1c1e12446491,2003-09-28_brann-molde.json
2003-10-04,Stabæk,Brann,6-0,Tippeligaen,2003,/2003/10/04/stabaek-brann/,da223346-b067-4ed9-9427-2d3df32192a0,2003-10-04_stabaek-brann.json
2003-10-19,Brann,Bryne,3-0,Tippeligaen,2003,/2003/10/19/brann-bryne/,c3a629d0-6603-43d8-a547-cee82c42fb1f,2003-10-19_brann-bryne.json
2003-10-26,Tromsø,Brann,0-1,Tippeligaen,2003,/2003/10/26/tromso-brann/,8c81bdef-10de-44d6-856c-1ba3069450b7,2003-10-26_tromso-brann.json
2003-11-01,Brann,Vålerenga,3-1,Tippeligaen,2003,/2003/11/01/brann-vif/,fe0ca6cb-32dc-4b90-aa1b-bd757e2e28df,2003-11-01_brann-vif.json
2004-04-12,Rosenborg,Brann,1-0,Tippeligaen,2004,/2004/04/12/rbk-brann/,735bb405-3eca-4d93-8509-d4b732cda303,2004-04-12_rbk-brann.json
2004-04-18,Brann,Molde,3-0,Tippeligaen,2004,/2004/04/18/brann-molde/,fc77b4a6-7885-4089-91e0-1fe898ef2563,2004-04-18_brann-molde.json
2004-04-25,Vålerenga,Brann,1-0,Tippeligaen,2004,/2004/04/25/vif-brann/,418d8610-81a1-4b5b-b373-7d16c4214ec7,2004-04-25_vif-brann.json
2004-05-02,Brann,Odd,1-1,Tippeligaen,2004,/2004/05/02/brann-odd/,162e9dc0-d9eb-4f3e-b3cd-00b70a530b9d,2004-05-02_brann-odd.json
2004-05-05,Åkra,Brann,0-9,Cupen,2004,/2004/05/05/akra-brann/,6a056624-1d11-463f-a27f-dbe52135c88c,2004-05-05_akra-brann.json
2004-05-09,Sogndal,Brann,3-1,Tippeligaen,2004,/2004/05/09/sogndal-brann/,7c72138b-73a0-47eb-8866-eb012c071540,2004-05-09_sogndal-brann.json
2004-05-16,Brann,HamKam,2-0,Tippeligaen,2004,/2004/05/16/brann-hamkam/,28e0555b-9a60-48b5-8c57-5877630b5e66,2004-05-16_brann-hamkam.json
2004-05-20,Stabæk,Brann,2-1,Tippeligaen,2004,/2004/05/20/stabaek-brann/,329d5815-d112-4b9a-a87e-cb4bc2b48d9e,2004-05-20_stabaek-brann.json
2004-05-23,Brann,Bodø/Glimt,3-1,Tippeligaen,2004,/2004/05/23/brann-glimt/,717461d5-4552-4182-a078-bc6657296658,2004-05-23_brann-glimt.json
2004-05-26,Norheimsund,Brann,0-5,Cupen,2004,/2004/05/26/norheimsund-brann/,99752b84-527e-4288-a101-cf6adbf1de04,2004-05-26_norheimsund-brann.json
2004-05-31,Lyn,Brann,1-2,Tippeligaen,2004,/2004/05/31/lyn-brann/,70c554e6-41ee-488e-9c36-0870e2b4dce8,2004-05-31_lyn-brann.json
2004-06-06,Brann,Tromsø,1-0,Tippeligaen,2004,/2004/06/06/brann-tromso/,64e28d65-8b35-454f-90f8-2b98d3a966ab,2004-06-06_brann-tromso.json
2004-06-09,Brann,Hødd,6-0,Cupen,2004,/2004/06/09/brann-hodd/,eebf9f42-8fff-4868-af4b-91cc94ba5912,2004-06-09_brann-hodd.json
2004-06-13,Brann,Fredrikstad,4-2,Tippeligaen,2004,/2004/06/13/brann-fredrikstad/,7cc18c42-7450-4b48-8684-8cc12ac78319,2004-06-13_brann-fredrikstad.json
2004-06-21,Viking,Brann,4-2,Tippeligaen,2004,/2004/06/21/viking-brann/,f8b15787-4d6e-4a32-b61a-ea72545bbf49,2004-06-21_viking-brann.json
2004-06-24,Bodø/Glimt,Brann,3-3,Cupen,2004,/2004/06/24/glimt-brann/,e24f6f74-1859-4048-94b9-44e07f12a03e,2004-06-24_glimt-brann.json
2004-06-27,Brann,Lillestrøm,1-5,Tippeligaen,2004,/2004/06/27/brann-lsk/,fb124da5-fa8b-4d11-8305-fb7a0c50c059,2004-06-27_brann-lsk.json
2004-07-05,Brann,Rosenborg,3-4,Tippeligaen,2004,/2004/07/05/brann-rbk/,db411fd0-d6a7-45fb-8f90-4e10cca75c97,2004-07-05_brann-rbk.json
2004-07-25,Molde,Brann,2-3,Tippeligaen,2004,/2004/07/25/molde-brann/,856544cc-aaf1-460b-bd5a-90a8181c7a7d,2004-07-25_molde-brann.json
2004-08-02,Brann,Vålerenga,1-1,Tippeligaen,2004,/2004/08/02/brann-vif/,0e2eaf0f-a3e0-4ba2-90ee-830ea0140faa,2004-08-02_brann-vif.json
2004-08-08,Odd,Brann,0-2,Tippeligaen,2004,/2004/08/08/odd-brann/,5503345e-ea26-478b-a8b3-d13e1f9a3071,2004-08-08_odd-brann.json
2004-08-15,Brann,Bryne,3-2,Cupen,2004,/2004/08/15/brann-bryne/,581c415c-12ab-4cfe-9b33-b6329025c8bb,2004-08-15_brann-bryne.json
2004-08-22,Brann,Sogndal,2-1,Tippeligaen,2004,/2004/08/22/brann-sogndal/,f1077df4-923b-4e5a-944e-45935c0373a3,2004-08-22_brann-sogndal.json
2004-08-29,HamKam,Brann,2-1,Tippeligaen,2004,/2004/08/29/hamkam-brann/,b0e3581a-0841-4633-8749-086a93f85af3,2004-08-29_hamkam-brann.json
2004-09-13,Brann,Stabæk,1-2,Tippeligaen,2004,/2004/09/13/brann-stabaek/,42396c7b-02a2-4048-883e-8c10abe03d1b,2004-09-13_brann-stabaek.json
2004-09-19,Bodø/Glimt,Brann,1-1,Tippeligaen,2004,/2004/09/19/glimt-brann/,2f78154d-4203-4c61-9f4a-110e19622cfe,2004-09-19_glimt-brann.json
2004-09-22,Stabæk,Brann,1-3,Cupen,2004,/2004/09/22/stabaek-brann/,579002ed-2a9c-4805-b7ac-4ad0d9715ec0,2004-09-22_stabaek-brann.json
2004-09-26,Brann,Lyn,5-1,Tippeligaen,2004,/2004/09/26/brann-lyn/,be53e20f-5bbe-4b25-87a5-2ab3ae90b7f9,2004-09-26_brann-lyn.json
2004-10-03,Tromsø,Brann,0-1,Tippeligaen,2004,/2004/10/03/tromso-brann/,a686f3f5-1ac4-4716-a420-4cf315bc409b,2004-10-03_tromso-brann.json
2004-10-17,Fredrikstad,Brann,3-2,Tippeligaen,2004,/2004/10/17/fredrikstad-brann/,ff32179b-0427-4937-b22e-2ecd1ff0d349,2004-10-17_fredrikstad-brann.json
2004-10-24,Brann,Viking,1-0,Tippeligaen,2004,/2004/10/24/brann-viking/,d4c54fdd-1fdc-4cb4-9d74-ea7db2b7f950,2004-10-24_brann-viking.json
2004-10-30,Lillestrøm,Brann,2-2,Tippeligaen,2004,/2004/10/30/lsk-brann/,5acac58f-ffff-4b63-b062-f603b01301b8,2004-10-30_lsk-brann.json
2004-11-07,Brann,Lyn,4-1,Cupen,2004,/2004/11/07/brann-lyn/,59e60669-3fcb-4929-9edd-a21365e8a131,2004-11-07_brann-lyn.json
2004-11-11,Brann,Halmstad,1-0,Royal League,2004,/2004/11/11/brann-halmstad/,4f574dd2-33e9-4583-b3ae-926c4893e8e3,2004-11-11_brann-halmstad.json
2004-12-02,Brann,Malmö,4-1,Royal League,2004,/2004/12/02/brann-malmo/,55498b14-e6e0-4012-85ac-d7f6d4b0c9bc,2004-12-02_brann-malmo.json
2004-12-05,OB,Brann,2-1,Royal League,2004,/2004/12/05/ob-brann/,89c9efc3-6203-4129-8b2e-d5f69f56b25b,2004-12-05_ob-brann.json
2005-02-12,Malmö,Brann,2-0,Royal League,2004,/2005/02/12/malmo-brann/,c847a18c-2d2c-4517-ae2c-aa3352bc53d8,2005-02-12_malmo-brann.json
2005-02-17,Brann,OB,2-1,Royal League,2004,/2005/02/17/brann-ob/,6221fcf3-401a-4de2-9a78-5b7ea97a9b35,2005-02-17_brann-ob.json
2005-02-24,Halmstad,Brann,0-0,Royal League,2004,/2005/02/24/halmstad-brann/,4e39eb0b-59ea-47f7-8e53-57013a6b0e6e,2005-02-24_halmstad-brann.json
2005-03-10,IFK Göteborg,Brann,2-0,Royal League,2004,/2005/03/10/ifk-goeteborg-brann/,6c8bd890-dc46-48bd-94ec-98393ca30241,2005-03-10_ifk-goeteborg-brann.json
2005-03-17,Brann,Vålerenga,2-2,Royal League,2004,/2005/03/17/brann-vif/,fef38eef-206a-4063-9b80-33b8d1168c91,2005-03-17_brann-vif.json
2005-04-11,Brann,Molde,2-0,Tippeligaen,2005,/2005/04/11/brann-molde/,11b36637-35b7-579f-88c0-db39107b40b4,2005-04-11_brann-molde.json
2005-04-17,Vålerenga,Brann,2-1,Tippeligaen,2005,/2005/04/17/vif-brann/,c732107b-7923-55ae-a560-4f828a62eeef,2005-04-17_vif-brann.json
2005-04-25,Brann,Tromsø,0-0,Tippeligaen,2005,/2005/04/25/brann-tromso/,7a80f1a9-6ad4-5ff6-ad13-343d8bf2867a,2005-04-25_brann-tromso.json
2005-04-28,Vålerenga,Brann,1-0,Royal League,2004,/2005/04/28/vif-brann/,ccd8562f-650e-4ee3-9256-8ff294817c93,2005-04-28_vif-brann.json
2005-05-02,Aalesund,Brann,1-3,Tippeligaen,2005,/2005/05/02/aalesund-brann/,b384f413-9b13-5071-83fc-78323a459b32,2005-05-02_aalesund-brann.json
2005-05-05,Brann,Bodø/Glimt,2-3,Tippeligaen,2005,/2005/05/05/brann-glimt/,6a96e1f3-1a5b-53be-b756-a5c4f0300e45,2005-05-05_brann-glimt.json
2005-05-07,Gneist,Brann,0-5,Cupen,2005,/2005/05/07/gneist-brann/,c227310c-78c8-5700-b22d-1a67fbc30d9d,2005-05-07_gneist-brann.json
2005-05-09,Fredrikstad,Brann,2-3,Tippeligaen,2005,/2005/05/09/fredrikstad-brann/,8f77758c-c216-54f5-8bef-6d2dd0a82d08,2005-05-09_fredrikstad-brann.json
2005-05-12,Brann,IFK Göteborg,0-1,Royal League,2004,/2005/05/12/brann-ifk-goeteborg/,0cdac2e0-d7f3-4b67-9846-347fdbcf0e8f,2005-05-12_brann-ifk-goeteborg.json
2005-05-16,Brann,Lillestrøm,6-2,Tippeligaen,2005,/2005/05/16/brann-lsk/,e4e3f565-3b72-5a25-a8e5-a35882930d02,2005-05-16_brann-lsk.json
2005-05-19,Radøy/Manger,Brann,1-3,Cupen,2005,/2005/05/19/radoy-manger-brann/,5c812306-84e8-56b0-966f-8a321aa99bdb,2005-05-19_radoy-manger-brann.json
2005-05-22,Start,Brann,3-2,Tippeligaen,2005,/2005/05/22/start-brann/,a2acffa7-d0f1-51d7-b96e-c933e2ea1f68,2005-05-22_start-brann.json
2005-05-29,Brann,Lyn,3-0,Tippeligaen,2005,/2005/05/29/brann-lyn/,4b36692c-428a-5c68-9ffd-4bfb55ba0942,2005-05-29_brann-lyn.json
2005-06-13,Viking,Brann,0-0,Tippeligaen,2005,/2005/06/13/viking-brann/,a324b0d8-2b1f-5406-8d84-cd7a20a1fffe,2005-06-13_viking-brann.json
2005-06-16,Løv-Ham,Brann,0-1,Cupen,2005,/2005/06/16/lov-ham-brann/,cf405145-f264-5dc5-a22f-b3f4c60dd213,2005-06-16_lov-ham-brann.json
2005-06-19,Brann,Rosenborg,4-1,Tippeligaen,2005,/2005/06/19/brann-rbk/,466c9475-9ec4-509a-9d7c-7a9cd9c2d01d,2005-06-19_brann-rbk.json
2005-06-26,Odd,Brann,0-0,Tippeligaen,2005,/2005/06/26/odd-brann/,567b262c-2d7a-5b57-ade5-0050a1a3c4d4,2005-06-26_odd-brann.json
2005-06-29,Brann,Aalesund,3-2,Cupen,2005,/2005/06/29/brann-aalesund/,c54b25e9-15c9-5048-8c98-4b32596da629,2005-06-29_brann-aalesund.json
2005-07-03,Brann,HamKam,2-0,Tippeligaen,2005,/2005/07/03/brann-hamkam/,683aca94-6fe3-5159-8564-d5711f82dd64,2005-07-03_brann-hamkam.json
2005-07-23,Molde,Brann,3-1,Tippeligaen,2005,/2005/07/23/molde-brann/,7df10545-3c09-5709-82a3-c89affb39b7a,2005-07-23_molde-brann.json
2005-07-30,Brann,Vålerenga,1-2,Tippeligaen,2005,/2005/07/30/brann-vif/,a77d5ccb-a1d1-516b-b35f-3a94b4feb2d7,2005-07-30_brann-vif.json
2005-08-03,Tromsø,Brann,1-1,Tippeligaen,2005,/2005/08/03/tromso-brann/,afac6424-b7dc-582e-962d-630baebd3997,2005-08-03_tromso-brann.json
2005-08-07,Brann,Aalesund,0-0,Tippeligaen,2005,/2005/08/07/brann-aalesund/,fb935fb6-505e-5921-963b-8ddeaa293c54,2005-08-07_brann-aalesund.json
2005-08-11,Brann,Allianssi,0-0,Europa League,2005,/2005/08/11/brann-allianssi/,76e74963-8721-5c3e-90bc-cd28447f8aa2,2005-08-11_brann-allianssi.json
2005-08-14,Bodø/Glimt,Brann,2-1,Tippeligaen,2005,/2005/08/14/glimt-brann/,c46cbb7c-e6d5-5451-9112-40daa50426b5,2005-08-14_glimt-brann.json
2005-08-20,Vålerenga,Brann,2-1,Cupen,2005,/2005/08/20/vif-brann/,f92ec45f-abb9-5b24-a6b7-c34eb3254184,2005-08-20_vif-brann.json
2005-08-25,Allianssi,Brann,0-2,Europa League,2005,/2005/08/25/allianssi-brann/,0830b5cc-959a-5396-8bb3-0b1818868009,2005-08-25_allianssi-brann.json
2005-08-29,Brann,Fredrikstad,4-0,Tippeligaen,2005,/2005/08/29/brann-fredrikstad/,ef94fb5b-8875-50a8-b827-1945f53962d5,2005-08-29_brann-fredrikstad.json
2005-09-11,Lillestrøm,Brann,1-0,Tippeligaen,2005,/2005/09/11/lsk-brann/,0dec3c72-c907-581d-b3fb-b6720f60cf3f,2005-09-11_lsk-brann.json
2005-09-15,Brann,Lokomotiv Moskva,1-2,Europa League,2005,/2005/09/15/brann-lokomotiv-moskva/,a8a08f6c-be9c-5743-b65f-06708e7abe5d,2005-09-15_brann-lokomotiv-moskva.json
2005-09-19,Brann,Start,1-0,Tippeligaen,2005,/2005/09/19/brann-start/,7d109af8-ee16-5b3e-b658-e2e03da1e27e,2005-09-19_brann-start.json
2005-09-25,Lyn,Brann,1-0,Tippeligaen,2005,/2005/09/25/lyn-brann/,c7429987-de9d-57dc-8a36-ac5ab906c4ac,2005-09-25_lyn-brann.json
2005-09-29,Lokomotiv Moskva,Brann,3-2,Europa League,2005,/2005/09/29/lokomotiv-moskva-brann/,7cccaf15-0b5b-5ac6-b2a4-b1f19bff156c,2005-09-29_lokomotiv-moskva-brann.json
2005-10-03,Brann,Viking,2-1,Tippeligaen,2005,/2005/10/03/brann-viking/,f2063371-300b-5f82-8b2c-da3e9433ebd7,2005-10-03_brann-viking.json
2005-10-16,Rosenborg,Brann,4-1,Tippeligaen,2005,/2005/10/16/rbk-brann/,1f155b51-981f-5622-bb14-67d53c428e34,2005-10-16_rbk-brann.json
2005-10-23,Brann,Odd,2-2,Tippeligaen,2005,/2005/10/23/brann-odd/,90b105f6-6cc2-5e99-9ccb-2ae88fe466ef,2005-10-23_brann-odd.json
2005-10-29,HamKam,Brann,1-1,Tippeligaen,2005,/2005/10/29/hamkam-brann/,f87cc278-f1f8-5543-bafa-d1c0eecfb470,2005-10-29_hamkam-brann.json
2006-04-10,Fredrikstad,Brann,1-1,Tippeligaen,2006,/2006/04/10/fredrikstad-brann/,dacff57e-2a9d-5353-9940-ac75b9615af1,2006-04-10_fredrikstad-brann.json
2006-04-18,Brann,Lillestrøm,1-1,Tippeligaen,2006,/2006/04/18/brann-lsk/,3c0a89df-34c6-5463-a41f-b8fc4a4b99d4,2006-04-18_brann-lsk.json
2006-04-24,Start,Brann,0-1,Tippeligaen,2006,/2006/04/24/start-brann/,4e365978-a9c9-500e-ac9e-29b86603455f,2006-04-24_start-brann.json
2006-04-30,Brann,Vålerenga,3-1,Tippeligaen,2006,/2006/04/30/brann-vif/,360514da-0f34-5b25-8dee-1d27098ed70e,2006-04-30_brann-vif.json
2006-05-03,Molde,Brann,0-2,Tippeligaen,2006,/2006/05/03/molde-brann/,d7bc1bd0-57eb-52e0-a9f6-0b1d07a6873a,2006-05-03_molde-brann.json
2006-05-07,Brann,Stabæk,2-2,Tippeligaen,2006,/2006/05/07/brann-stabaek/,d5adb4ba-827d-5453-97f4-a54557742579,2006-05-07_brann-stabaek.json
2006-05-10,Follese,Brann,0-1,Cupen,2006,/2006/05/10/follese-brann/,b3dd7763-dbfb-51d4-a487-186959666188,2006-05-10_follese-brann.json
2006-05-13,Sandefjord,Brann,0-2,Tippeligaen,2006,/2006/05/13/sandefjord-brann/,6b4ee5fc-27a9-5d60-8ed2-b7a2dcd48246,2006-05-13_sandefjord-brann.json
2006-05-16,Brann,Tromsø,2-1,Tippeligaen,2006,/2006/05/16/brann-tromso/,94c727d8-7559-560b-8e33-1838e22ee61f,2006-05-16_brann-tromso.json
2006-05-21,Odd,Brann,1-3,Tippeligaen,2006,/2006/05/21/odd-brann/,59518a8b-b2c7-51b8-9fdb-3b2dd5aa3f48,2006-05-21_odd-brann.json
2006-05-28,Brann,Lyn,2-0,Tippeligaen,2006,/2006/05/28/brann-lyn/,665320d6-c27e-5736-bd81-62e3cddfbb21,2006-05-28_brann-lyn.json
2006-06-05,Rosenborg,Brann,0-0,Tippeligaen,2006,/2006/06/05/rbk-brann/,745c386d-b122-5134-b03f-01a5a6bbfaf7,2006-06-05_rbk-brann.json
2006-06-08,Voss,Brann,0-4,Cupen,2006,/2006/06/08/voss-brann/,9e8420b5-df69-5644-ab3e-29a28360d7d6,2006-06-08_voss-brann.json
2006-07-02,HamKam,Brann,4-0,Tippeligaen,2006,/2006/07/02/hamkam-brann/,da854f0f-ed94-5ede-9984-aba15c759dee,2006-07-02_hamkam-brann.json
2006-07-05,Brann,Levanger,3-1,Cupen,2006,/2006/07/05/brann-levanger/,89f0cd1f-5330-5f5d-b647-70ac9c9ba62e,2006-07-05_brann-levanger.json
2006-07-13,Glentoran,Brann,0-1,Europa League,2006,/2006/07/13/glentoran-brann/,adb93f08-7d97-5849-8d32-88090abfe7a3,2006-07-13_glentoran-brann.json
2006-07-17,Brann,Viking,2-0,Tippeligaen,2006,/2006/07/17/brann-viking/,26879e4f-1d41-51b9-af29-12daed6b8272,2006-07-17_brann-viking.json
2006-07-20,Start,Brann,3-1,Cupen,2006,/2006/07/20/start-brann/,fa14e87a-4b38-5552-8c7f-d4e9468944e5,2006-07-20_start-brann.json
2006-07-27,Brann,Glentoran,1-0,Europa League,2006,/2006/07/27/brann-glentoran/,f37c2fe8-62ae-5138-a16c-f56a87f2ea0b,2006-07-27_brann-glentoran.json
2006-07-30,Brann,Fredrikstad,3-1,Tippeligaen,2006,/2006/07/30/brann-fredrikstad/,da557a21-f458-5ceb-a4f2-98bb3ab0dbdb,2006-07-30_brann-fredrikstad.json
2006-08-02,Lillestrøm,Brann,2-0,Tippeligaen,2006,/2006/08/02/lsk-brann/,639071ea-df1b-5230-9b62-5d377807f9df,2006-08-02_lsk-brann.json
2006-08-06,Brann,Start,0-1,Tippeligaen,2006,/2006/08/06/brann-start/,57353a11-4008-5218-87fe-37260caa8b4b,2006-08-06_brann-start.json
2006-08-10,Brann,Åtvidaberg,3-3,Europa League,2006,/2006/08/10/brann-atvidaberg/,739a6517-07ae-598a-9a21-49fc3a0445dc,2006-08-10_brann-atvidaberg.json
2006-08-13,Vålerenga,Brann,2-1,Tippeligaen,2006,/2006/08/13/vif-brann/,e8fb9a1a-86c1-5fd3-837c-791d0ee42188,2006-08-13_vif-brann.json
2006-08-24,Åtvidaberg,Brann,1-1,Europa League,2006,/2006/08/24/atvidaberg-brann/,9e9a35ee-50fb-5517-b041-afaa67204a8c,2006-08-24_atvidaberg-brann.json
2006-08-27,Brann,Molde,2-1,Tippeligaen,2006,/2006/08/27/brann-molde/,2a80ab90-b403-593b-84c4-1ba70a4abda6,2006-08-27_brann-molde.json
2006-09-11,Stabæk,Brann,1-2,Tippeligaen,2006,/2006/09/11/stabaek-brann/,33c83ac6-01fc-5ef5-9985-3c84ac228de5,2006-09-11_stabaek-brann.json
2006-09-17,Brann,Sandefjord,5-3,Tippeligaen,2006,/2006/09/17/brann-sandefjord/,9c37d8f0-144f-50d8-abc4-9ddf463bbec3,2006-09-17_brann-sandefjord.json
2006-09-24,Tromsø,Brann,3-1,Tippeligaen,2006,/2006/09/24/tromso-brann/,76216aec-47da-5ffa-b24d-7dba82f9d54d,2006-09-24_tromso-brann.json
2006-10-02,Brann,Odd,1-0,Tippeligaen,2006,/2006/10/02/brann-odd/,c03fd38a-0ad2-5f78-9e5f-68ed427be81c,2006-10-02_brann-odd.json
2006-10-15,Lyn,Brann,2-0,Tippeligaen,2006,/2006/10/15/lyn-brann/,5ba9f2f9-1033-5d43-9ada-4df7b2d34625,2006-10-15_lyn-brann.json
2006-10-22,Brann,Rosenborg,1-3,Tippeligaen,2006,/2006/10/22/brann-rbk/,ff261a99-61cc-5213-9c27-7f5400cf531a,2006-10-22_brann-rbk.json
2006-10-29,Brann,HamKam,2-1,Tippeligaen,2006,/2006/10/29/brann-hamkam/,36bfbeb5-15f8-5f17-8e81-b66fa0135f59,2006-10-29_brann-hamkam.json
2006-11-05,Viking,Brann,5-0,Tippeligaen,2006,/2006/11/05/viking-brann/,8e97a474-4409-5a76-bf6b-6dc947ba62f1,2006-11-05_viking-brann.json
2006-11-09,Rosenborg,Brann,1-3,Royal League,2006,/2006/11/09/rbk-brann/,22cd5f59-6419-5a02-99d3-b071e4d993d8,2006-11-09_rbk-brann.json
2006-11-26,Brann,Helsingborg,2-2,Royal League,2006,/2006/11/26/brann-helsingborg/,042335c9-c854-5bc0-9fae-07cc4e68ca29,2006-11-26_brann-helsingborg.json
2006-12-03,Brann,OB,1-1,Royal League,2006,/2006/12/03/brann-ob/,dfc74fe4-5ecd-5c93-a349-88437d070224,2006-12-03_brann-ob.json
2006-12-07,Brann,Rosenborg,3-2,Royal League,2006,/2006/12/07/brann-rbk/,24800988-77d2-5a03-9340-6f06c27f05c9,2006-12-07_brann-rbk.json
2006-12-10,Helsingborg,Brann,2-2,Royal League,2006,/2006/12/10/helsingborg-brann/,96df5bae-e0cc-576e-ab8d-e00a6c1d54a4,2006-12-10_helsingborg-brann.json
2007-02-25,OB,Brann,3-2,Royal League,2006,/2007/02/25/ob-brann/,04d8fe25-ff4a-5e5c-b0bd-e62ef83ca880,2007-02-25_ob-brann.json
2007-03-01,Brøndby,Brann,3-0,Royal League,2006,/2007/03/01/brondby-brann/,aa8505e1-d958-5491-a7a3-c45cb317c7bc,2007-03-01_brondby-brann.json
2007-04-10,Stabæk,Brann,0-1,Tippeligaen,2007,/2007/04/10/stabaek-brann/,b517e3ae-210b-58b3-b424-52528e089be7,2007-04-10_stabaek-brann.json
2007-04-16,Brann,Strømsgodset,3-1,Tippeligaen,2007,/2007/04/16/brann-stromsgodset/,d2084354-41a3-55f5-b69f-e827b2829d09,2007-04-16_brann-stromsgodset.json
2007-04-22,Brann,Vålerenga,4-1,Tippeligaen,2007,/2007/04/22/brann-vif/,812d9ecb-8ad0-5bcc-bf42-7568f21af2ad,2007-04-22_brann-vif.json
2007-04-29,Rosenborg,Brann,3-0,Tippeligaen,2007,/2007/04/29/rbk-brann/,debc1c6b-93fc-5571-b649-562bc148e4af,2007-04-29_rbk-brann.json
2007-05-05,Brann,Start,2-2,Tippeligaen,2007,/2007/05/05/brann-start/,3519dc03-7dd5-5ebc-a884-0cc7b27ac2fa,2007-05-05_brann-start.json
2007-05-12,Sandefjord,Brann,2-3,Tippeligaen,2007,/2007/05/12/sandefjord-brann/,5bb7f9da-6930-5ef4-8b70-e0698226e77e,2007-05-12_sandefjord-brann.json
2007-05-16,Brann,Fredrikstad,2-2,Tippeligaen,2007,/2007/05/16/brann-fredrikstad/,63ac85c3-0fe9-5060-8751-cb1aa7259eee,2007-05-16_brann-fredrikstad.json
2007-05-20,Trio,Brann,0-5,Cupen,2007,/2007/05/20/trio-brann/,e91ae307-eade-54d7-887e-db773a152884,2007-05-20_trio-brann.json
2007-05-28,Odd,Brann,0-2,Tippeligaen,2007,/2007/05/28/odd-brann/,f06769c7-4eaa-576e-8ee5-cf357a2cd36e,2007-05-28_odd-brann.json
2007-06-10,Brann,Lillestrøm,3-1,Tippeligaen,2007,/2007/06/10/brann-lsk/,0436065b-deb6-52ed-93de-c27f7a8f4bd1,2007-06-10_brann-lsk.json
2007-06-13,Øygard,Brann,0-5,Cupen,2007,/2007/06/13/oygard-brann/,531d6e24-e7f6-5cea-91b9-96731b0860b5,2007-06-13_oygard-brann.json
2007-06-16,Lyn,Brann,6-0,Tippeligaen,2007,/2007/06/16/lyn-brann/,5ad2d620-2af1-5c94-b699-1391c9b3d2a0,2007-06-16_lyn-brann.json
2007-06-20,Brann,Aalesund,2-1,Tippeligaen,2007,/2007/06/20/brann-aalesund/,7985d155-dade-5401-9254-ba4190ad7845,2007-06-20_brann-aalesund.json
2007-06-24,Viking,Brann,3-1,Tippeligaen,2007,/2007/06/24/viking-brann/,7619ce25-dc2d-5848-aa83-b8d855c58c66,2007-06-24_viking-brann.json
2007-06-27,Kopervik,Brann,0-5,Cupen,2007,/2007/06/27/kopervik-brann/,421bb1a9-b11d-5c34-b3d5-1f37f6878d0e,2007-06-27_kopervik-brann.json
2007-07-01,Brann,Tromsø,2-1,Tippeligaen,2007,/2007/07/01/brann-tromso/,4eb9032c-231d-5db9-a7ba-fbd55d2eddaa,2007-07-01_brann-tromso.json
2007-07-19,Carmarthen Town,Brann,0-8,Europa League,2007,/2007/07/19/carmarthen-town-brann/,6df632ed-0ac5-5e08-9323-8349f91bd413,2007-07-19_carmarthen-town-brann.json
2007-07-22,Brann,Stabæk,3-0,Tippeligaen,2007,/2007/07/22/brann-stabaek/,d257e104-5388-536e-9b68-02129835d477,2007-07-22_brann-stabaek.json
2007-07-25,Viking,Brann,2-0,Cupen,2007,/2007/07/25/viking-brann/,caf76ceb-25cb-5609-bdfd-7b8bff505535,2007-07-25_viking-brann.json
2007-07-29,Strømsgodset,Brann,2-4,Tippeligaen,2007,/2007/07/29/stromsgodset-brann/,4e523543-d379-517d-9642-68f770b67c4c,2007-07-29_stromsgodset-brann.json
2007-08-02,Brann,Carmarthen Town,6-3,Europa League,2007,/2007/08/02/brann-carmarthen-town/,2f069d57-0b72-5a3c-bcef-5fa3e247f181,2007-08-02_brann-carmarthen-town.json
2007-08-05,Vålerenga,Brann,2-0,Tippeligaen,2007,/2007/08/05/vif-brann/,804aac1a-3675-502e-8e0b-acef503c70a3,2007-08-05_vif-brann.json
2007-08-11,Brann,Rosenborg,3-2,Tippeligaen,2007,/2007/08/11/brann-rbk/,3ca5572e-ff8b-5f26-baf0-af7b015759ac,2007-08-11_brann-rbk.json
2007-08-16,Brann,Sūduva,2-1,Europa League,2007,/2007/08/16/brann-suduva/,72e99fbd-d33e-5a9a-97d4-45c2918fb668,2007-08-16_brann-suduva.json
2007-08-26,Start,Brann,1-1,Tippeligaen,2007,/2007/08/26/start-brann/,44398045-4d11-5ca3-926b-edb8ed64d4fc,2007-08-26_start-brann.json
2007-08-30,Sūduva,Brann,3-4,Europa League,2007,/2007/08/30/suduva-brann/,a468acca-8f63-515a-8d72-7c21c949c54c,2007-08-30_suduva-brann.json
2007-09-02,Brann,Sandefjord,1-0,Tippeligaen,2007,/2007/09/02/brann-sandefjord/,42621c84-b194-5653-96d2-8a3a18acc634,2007-09-02_brann-sandefjord.json
2007-09-16,Fredrikstad,Brann,0-4,Tippeligaen,2007,/2007/09/16/fredrikstad-brann/,9bc2cbf9-fd4c-5216-a051-ebe8d10b40fe,2007-09-16_fredrikstad-brann.json
2007-09-20,Brann,Club Brugge,0-1,Europa League,2007,/2007/09/20/brann-club-brugge/,590ec2bd-9a90-57f9-8934-d86d76c5f155,2007-09-20_brann-club-brugge.json
2007-09-23,Brann,Odd,4-0,Tippeligaen,2007,/2007/09/23/brann-odd/,c076477c-b295-5231-87db-5b46874af9c3,2007-09-23_brann-odd.json
2007-09-30,Lillestrøm,Brann,1-5,Tippeligaen,2007,/2007/09/30/lsk-brann/,1b7142c5-87f7-5772-91b9-a73b21d69da2,2007-09-30_lsk-brann.json
2007-10-04,Club Brugge,Brann,1-2,Europa League,2007,/2007/10/04/club-brugge-brann/,3f4e4d82-1938-530c-a38d-03c494237102,2007-10-04_club-brugge-brann.json
2007-10-08,Brann,Lyn,3-1,Tippeligaen,2007,/2007/10/08/brann-lyn/,2412b630-b19c-524a-9a9a-afcccd70277d,2007-10-08_brann-lyn.json
2007-10-20,Aalesund,Brann,2-1,Tippeligaen,2007,/2007/10/20/aalesund-brann/,4b4c1059-c0ac-5845-82e3-f9444a6eb66f,2007-10-20_aalesund-brann.json
2007-10-25,Brann,Hamburg,0-1,Europa League,2007,/2007/10/25/brann-hamburg/,5ed19480-1185-5bb9-ab79-2520d3ffa5c5,2007-10-25_brann-hamburg.json
2007-10-28,Brann,Viking,5-2,Tippeligaen,2007,/2007/10/28/brann-viking/,8c941840-dbe5-5270-8bd4-70a9b394ee70,2007-10-28_brann-viking.json
2007-11-03,Tromsø,Brann,3-0,Tippeligaen,2007,/2007/11/03/tromso-brann/,f06ba378-1d69-5b61-b85b-a4a0b3d58b77,2007-11-03_tromso-brann.json
2007-11-08,Rennes,Brann,1-1,Europa League,2007,/2007/11/08/rennes-brann/,cb7d6506-3457-54d1-baed-9ee882ad1554,2007-11-08_rennes-brann.json
2007-11-29,Brann,Dinamo Zagreb,2-1,Europa League,2007,/2007/11/29/brann-dinamo-zagreb/,2c24a782-ea34-59c9-b000-5a2bc0d60259,2007-11-29_brann-dinamo-zagreb.json
2007-12-05,Basel,Brann,1-0,Europa League,2007,/2007/12/05/basel-brann/,5cbc7f32-a968-58b4-a335-fd398c3550b9,2007-12-05_basel-brann.json
2008-02-13,Brann,Everton,0-2,Europa League,2007,/2008/02/13/brann-everton/,9a0bd5b6-5428-5364-bf52-afa575feb47a,2008-02-13_brann-everton.json
2008-02-21,Everton,Brann,6-1,Europa League,2007,/2008/02/21/everton-brann/,0bbf7a04-cadb-5915-9420-6fea60564d6e,2008-02-21_everton-brann.json
2008-03-30,Brann,Fredrikstad,4-2,Tippeligaen,2008,/2008/03/30/brann-fredrikstad/,f40c9829-e922-534b-8109-39a36860fa84,2008-03-30_brann-fredrikstad.json
2008-04-05,Aalesund,Brann,4-2,Tippeligaen,2008,/2008/04/05/aalesund-brann/,ae630d55-d5ce-57ab-9f0b-7447b8c1ce34,2008-04-05_aalesund-brann.json
2008-04-14,Brann,Strømsgodset,1-1,Tippeligaen,2008,/2008/04/14/brann-stromsgodset/,0d10666e-3f36-58fd-b0df-3b6406e7290e,2008-04-14_brann-stromsgodset.json
2008-04-19,Stabæk,Brann,3-0,Tippeligaen,2008,/2008/04/19/stabaek-brann/,ad66827e-a89b-50f8-8140-1b29469234a6,2008-04-19_stabaek-brann.json
2008-04-27,Brann,Lillestrøm,2-1,Tippeligaen,2008,/2008/04/27/brann-lsk/,81e123d5-3f50-538b-bd1e-25e65bfedf1a,2008-04-27_brann-lsk.json
2008-05-03,Tromsø,Brann,0-0,Tippeligaen,2008,/2008/05/03/tromso-brann/,bb2ab4f2-d634-5484-80b7-8466d9b80a0d,2008-05-03_tromso-brann.json
2008-05-12,Loddefjord,Brann,1-4,Cupen,2008,/2008/05/12/loddefjord-brann/,a0791760-4c7c-508c-81a2-df5a629c6cca,2008-05-12_loddefjord-brann.json
2008-05-16,Brann,Vålerenga,1-0,Tippeligaen,2008,/2008/05/16/brann-vif/,5f291f8c-95c9-5449-8e60-e3467843f4f6,2008-05-16_brann-vif.json
2008-05-25,Viking,Brann,1-2,Tippeligaen,2008,/2008/05/25/viking-brann/,ee37caa4-04b1-5cdd-a111-055d8058e27b,2008-05-25_viking-brann.json
2008-05-31,Brann,Molde,3-4,Tippeligaen,2008,/2008/05/31/brann-molde/,025c6ed4-a6f4-506f-bbc5-586ba07b54ba,2008-05-31_brann-molde.json
2008-06-04,Rosenborg,Brann,1-1,Tippeligaen,2008,/2008/06/04/rbk-brann/,51711efe-752a-5d17-b518-1d7e2113d65a,2008-06-04_rbk-brann.json
2008-06-07,Austevoll,Brann,2-3,Cupen,2008,/2008/06/07/austevoll-brann/,090b024b-0fb7-5551-bce4-1084b5817f23,2008-06-07_austevoll-brann.json
2008-06-28,HamKam,Brann,0-0,Tippeligaen,2008,/2008/06/28/hamkam-brann/,1322a120-ebcd-53b8-af4c-f5c43c060237,2008-06-28_hamkam-brann.json
2008-07-01,Brann,Valdres,3-1,Cupen,2008,/2008/07/01/brann-valdres/,98c3ae82-ac14-50fa-a052-b58d3708f09d,2008-07-01_brann-valdres.json
2008-07-05,Brann,Bodø/Glimt,4-1,Tippeligaen,2008,/2008/07/05/brann-glimt/,8953de99-1cc7-5a6d-bc46-143881d63c42,2008-07-05_brann-glimt.json
2008-07-14,Lyn,Brann,1-1,Tippeligaen,2008,/2008/07/14/lyn-brann/,4c52dd37-4695-5b72-8728-09db9d9f32d2,2008-07-14_lyn-brann.json
2008-07-20,Brann,Aalesund,1-2,Tippeligaen,2008,/2008/07/20/brann-aalesund/,01c4033d-8ee6-5ca9-8c59-ab3b0088c418,2008-07-20_brann-aalesund.json
2008-07-23,Molde,Brann,8-0,Cupen,2008,/2008/07/23/molde-brann/,a5ab2a5f-7116-5957-ae99-f1ce0aeff201,2008-07-23_molde-brann.json
2008-07-26,Fredrikstad,Brann,1-0,Tippeligaen,2008,/2008/07/26/fredrikstad-brann/,886bce63-bd0c-5757-b231-ea8e0b713a89,2008-07-26_fredrikstad-brann.json
2008-07-29,Brann,Ventspils,1-0,Champions League,2008,/2008/07/29/brann-ventspils/,657ad460-7b61-5e48-a1ed-35966aa1242d,2008-07-29_brann-ventspils.json
2008-08-02,Brann,HamKam,4-1,Tippeligaen,2008,/2008/08/02/brann-hamkam/,c938a2d2-7dbb-5b5e-9510-933b2397d318,2008-08-02_brann-hamkam.json
2008-08-05,Ventspils,Brann,2-1,Champions League,2008,/2008/08/05/ventspils-brann/,441dc24e-7389-579f-9b28-d45ec722ec1a,2008-08-05_ventspils-brann.json
2008-08-09,Strømsgodset,Brann,2-0,Tippeligaen,2008,/2008/08/09/stromsgodset-brann/,3f4b6974-490d-5b01-865c-1b5a5dbd0d54,2008-08-09_stromsgodset-brann.json
2008-08-13,Brann,Marseille,0-1,Champions League,2008,/2008/08/13/brann-marseille/,4b106ac5-6776-57e8-8e3d-76ace3700c79,2008-08-13_brann-marseille.json
2008-08-24,Brann,Rosenborg,0-0,Tippeligaen,2008,/2008/08/24/brann-rbk/,7606d1bf-758b-585b-bafc-ed4ce8a76ea9,2008-08-24_brann-rbk.json
2008-08-27,Marseille,Brann,2-1,Champions League,2008,/2008/08/27/marseille-brann/,e66e6b00-3195-5e6b-b56b-f05534b15807,2008-08-27_marseille-brann.json
2008-08-31,Bodø/Glimt,Brann,3-1,Tippeligaen,2008,/2008/08/31/glimt-brann/,379bc2e2-fbb7-54ca-b99c-a64b7e1419fe,2008-08-31_glimt-brann.json
2008-09-14,Brann,Viking,1-1,Tippeligaen,2008,/2008/09/14/brann-viking/,3b54ebef-1a3f-5da5-a70d-787187e360eb,2008-09-14_brann-viking.json
2008-09-18,Brann,Deportivo La Coruña,2-0,Europa League,2008,/2008/09/18/brann-deportivo/,e3f49df8-9523-597d-a748-98008773c6ce,2008-09-18_brann-deportivo.json
2008-09-22,Lillestrøm,Brann,1-1,Tippeligaen,2008,/2008/09/22/lsk-brann/,4970ee73-0ac0-5e44-931a-7036e25d3138,2008-09-22_lsk-brann.json
2008-09-28,Brann,Lyn,2-0,Tippeligaen,2008,/2008/09/28/brann-lyn/,6680d310-c957-5a46-9700-2d7f841da724,2008-09-28_brann-lyn.json
2008-10-02,Deportivo La Coruña,Brann,2-0,Europa League,2008,/2008/10/02/deportivo-brann/,3ab71057-a35d-5096-87cc-ecbcd97decf4,2008-10-02_deportivo-brann.json
2008-10-06,Molde,Brann,3-2,Tippeligaen,2008,/2008/10/06/molde-brann/,7e72f8c0-0451-5902-bfb3-e6c47e2be4fe,2008-10-06_molde-brann.json
2008-10-19,Brann,Stabæk,1-2,Tippeligaen,2008,/2008/10/19/brann-stabaek/,4966f6ca-1e33-5c07-87ff-5ee6b55b9547,2008-10-19_brann-stabaek.json
2008-10-26,Brann,Tromsø,1-1,Tippeligaen,2008,/2008/10/26/brann-tromso/,4f04fbdd-686f-55ad-86bb-275ad93ce647,2008-10-26_brann-tromso.json
2008-11-02,Vålerenga,Brann,0-1,Tippeligaen,2008,/2008/11/02/vif-brann/,fb547c5d-8abd-53a8-9220-651be48f0451,2008-11-02_vif-brann.json
2009-03-16,Sandefjord,Brann,3-1,Tippeligaen,2009,/2009/03/16/sandefjord-brann/,c86d6db9-a9cb-554c-b66f-9a6dcfe31f9e,2009-03-16_sandefjord-brann.json
2009-03-22,Brann,Stabæk,1-1,Tippeligaen,2009,/2009/03/22/brann-stabaek/,0cd1562b-dbf4-5254-9994-cc4dae3c66e1,2009-03-22_brann-stabaek.json
2009-04-05,Rosenborg,Brann,1-1,Tippeligaen,2009,/2009/04/05/rbk-brann/,d1b854ac-9222-572c-9ca0-0e47fd3e1ed5,2009-04-05_rbk-brann.json
2009-04-13,Brann,Tromsø,2-4,Tippeligaen,2009,/2009/04/13/brann-tromso/,0e4e12bc-4c5b-5bff-8132-f11deb9a5f26,2009-04-13_brann-tromso.json
2009-04-19,Vålerenga,Brann,1-1,Tippeligaen,2009,/2009/04/19/vif-brann/,832270c9-e73b-5033-8a2d-83289c150602,2009-04-19_vif-brann.json
2009-04-27,Bodø/Glimt,Brann,0-2,Tippeligaen,2009,/2009/04/27/glimt-brann/,79360db1-0b6f-5f98-8232-627eb5180bcc,2009-04-27_glimt-brann.json
2009-04-30,Brann,Lillestrøm,3-1,Tippeligaen,2009,/2009/04/30/brann-lsk/,108f709f-ee67-535b-9718-a3c359f5494e,2009-04-30_brann-lsk.json
2009-05-09,Odd,Brann,3-1,Tippeligaen,2009,/2009/05/09/odd-brann/,7cb89f88-78e5-5658-b85c-d6050138715d,2009-05-09_odd-brann.json
2009-05-13,Høyang,Brann,0-6,Cupen,2009,/2009/05/13/hoyang-brann/,d0a3ea72-8716-522f-9872-c2f6ea141005,2009-05-13_hoyang-brann.json
2009-05-16,Brann,Start,1-1,Tippeligaen,2009,/2009/05/16/brann-start/,05d0e425-7b63-5baa-8e54-83950fce72f7,2009-05-16_brann-start.json
2009-05-21,Fredrikstad,Brann,2-4,Tippeligaen,2009,/2009/05/21/fredrikstad-brann/,25122382-0b39-5780-96e1-0a242f605ef0,2009-05-21_fredrikstad-brann.json
2009-05-24,Lyngbø,Brann,0-2,Cupen,2009,/2009/05/24/lyngbo-brann/,fd917095-e486-52ee-a29b-3a8a077912cd,2009-05-24_lyngbo-brann.json
2009-05-28,Brann,Molde,2-0,Tippeligaen,2009,/2009/05/28/brann-molde/,86e77d1e-00d9-5d00-a7a8-fdd8c291bc4e,2009-05-28_brann-molde.json
2009-06-02,Strømsgodset,Brann,2-1,Tippeligaen,2009,/2009/06/02/stromsgodset-brann/,da17533d-ae16-5eea-af03-6b6592af3354,2009-06-02_stromsgodset-brann.json
2009-06-14,Brann,Lyn,2-1,Tippeligaen,2009,/2009/06/14/brann-lyn/,8274ae42-8744-54ea-97c8-e57dc3b52df3,2009-06-14_brann-lyn.json
2009-06-17,Nest-Sotra,Brann,2-4,Cupen,2009,/2009/06/17/nest-sotra-brann/,59067768-2721-58bf-92ce-9091f2c9e458,2009-06-17_nest-sotra-brann.json
2009-06-21,Viking,Brann,1-1,Tippeligaen,2009,/2009/06/21/viking-brann/,4e5fdd56-91bf-59e6-a010-87a647e57d46,2009-06-21_viking-brann.json
2009-06-25,Brann,Aalesund,2-1,Tippeligaen,2009,/2009/06/25/brann-aalesund/,c06f270a-01cb-5ae7-91f2-11d1a374d676,2009-06-25_brann-aalesund.json
2009-06-29,Stabæk,Brann,2-1,Tippeligaen,2009,/2009/06/29/stabaek-brann/,a6e532cd-3664-509c-9753-f53179e2b059,2009-06-29_stabaek-brann.json
2009-07-06,Brann,Fredrikstad,2-1,Tippeligaen,2009,/2009/07/06/brann-fredrikstad/,9bfbf95c-0730-5a8e-9bcb-ad6b3281b86d,2009-07-06_brann-fredrikstad.json
2009-07-09,Brann,Lyn,1-0,Cupen,2009,/2009/07/09/brann-lyn/,d896318c-c22f-5035-bd93-f354eb3b782d,2009-07-09_brann-lyn.json
2009-07-12,Molde,Brann,5-2,Tippeligaen,2009,/2009/07/12/molde-brann/,daff15e8-12b7-50e1-ba79-ab971fb79ad1,2009-07-12_molde-brann.json
2009-07-26,Brann,Bodø/Glimt,4-2,Tippeligaen,2009,/2009/07/26/brann-glimt/,8e4fab0e-ec2b-53d7-a242-893ce6e4731e,2009-07-26_brann-glimt.json
2009-08-03,Lyn,Brann,2-2,Tippeligaen,2009,/2009/08/03/lyn-brann/,a814b312-aa6d-52c7-8459-a3ec31c5f301,2009-08-03_lyn-brann.json
2009-08-08,Odd,Brann,5-1,Cupen,2009,/2009/08/08/odd-brann/,5bdcaefb-a07b-5d9e-b8ad-8ea489f19853,2009-08-08_odd-brann.json
2009-08-16,Brann,Strømsgodset,4-2,Tippeligaen,2009,/2009/08/16/brann-stromsgodset/,66b19e67-2497-57ed-8ae2-a5a5112e9148,2009-08-16_brann-stromsgodset.json
2009-08-24,Brann,Sandefjord,0-1,Tippeligaen,2009,/2009/08/24/brann-sandefjord/,188bf637-4d33-5ad1-8c8c-cb89277b02d9,2009-08-24_brann-sandefjord.json
2009-08-30,Start,Brann,0-1,Tippeligaen,2009,/2009/08/30/start-brann/,8b695f89-70fa-5a3d-b61b-446c3787ad6d,2009-08-30_start-brann.json
2009-09-14,Brann,Viking,1-1,Tippeligaen,2009,/2009/09/14/brann-viking/,1cec7da4-42ea-5748-872d-bc577d06715b,2009-09-14_brann-viking.json
2009-09-19,Aalesund,Brann,3-0,Tippeligaen,2009,/2009/09/19/aalesund-brann/,b57b0cbb-9f21-52bc-9d69-b332d3d966f9,2009-09-19_aalesund-brann.json
2009-09-28,Brann,Odd,4-2,Tippeligaen,2009,/2009/09/28/brann-odd/,797f1b88-a2bd-5d29-9e07-526982958b4f,2009-09-28_brann-odd.json
2009-10-04,Tromsø,Brann,0-2,Tippeligaen,2009,/2009/10/04/tromso-brann/,12dfae64-e37a-5b9a-8f39-89afbba0eac8,2009-10-04_tromso-brann.json
2009-10-18,Brann,Vålerenga,1-2,Tippeligaen,2009,/2009/10/18/brann-vif/,f0f34d8e-ed24-5abf-b013-2d9a985cdb5b,2009-10-18_brann-vif.json
2009-10-25,Lillestrøm,Brann,3-1,Tippeligaen,2009,/2009/10/25/lsk-brann/,86b22ead-3720-5648-878d-43c8f22ec781,2009-10-25_lsk-brann.json
2009-11-01,Brann,Rosenborg,1-1,Tippeligaen,2009,/2009/11/01/brann-rbk/,1e6c3937-1f37-5720-9a5e-76fff2a27682,2009-11-01_brann-rbk.json
2010-03-13,Brann,Haugesund,0-0,Tippeligaen,2010,/2010/03/13/brann-haugesund/,9055714f-f767-5016-8379-0dc3f515c220,2010-03-13_brann-haugesund.json
2010-03-21,Viking,Brann,4-0,Tippeligaen,2010,/2010/03/21/viking-brann/,ae2bb14c-d3fb-5d80-9903-a3a4e9beeb24,2010-03-21_viking-brann.json
2010-03-29,Brann,Sandefjord,3-2,Tippeligaen,2010,/2010/03/29/brann-sandefjord/,3630650d-7c5f-5834-9bf7-b989a6bf5f92,2010-03-29_brann-sandefjord.json
2010-04-05,Molde,Brann,3-2,Tippeligaen,2010,/2010/04/05/molde-brann/,a8486bb1-5904-5394-9f1a-def08dcc8b54,2010-04-05_molde-brann.json
2010-04-11,Brann,Start,3-4,Tippeligaen,2010,/2010/04/11/brann-start/,647fac88-958d-5e98-b968-3917ce791ae5,2010-04-11_brann-start.json
2010-04-14,Rosenborg,Brann,3-0,Tippeligaen,2010,/2010/04/14/rbk-brann/,869cc170-516e-5beb-93fb-7e56bced0406,2010-04-14_rbk-brann.json
2010-04-18,Brann,Vålerenga,1-1,Tippeligaen,2010,/2010/04/18/brann-vif/,7b1344d4-c789-52cb-8dce-f2f180673d5d,2010-04-18_brann-vif.json
2010-04-25,Brann,Strømsgodset,4-0,Tippeligaen,2010,/2010/04/25/brann-stromsgodset/,32a227d6-6a49-5bb7-9091-1e3e03d85c9a,2010-04-25_brann-stromsgodset.json
2010-05-02,Odd,Brann,0-0,Tippeligaen,2010,/2010/05/02/odd-brann/,7006c728-97c4-55eb-986a-fe3812f75cb0,2010-05-02_odd-brann.json
2010-05-05,Brann,Tromsø,0-1,Tippeligaen,2010,/2010/05/05/brann-tromso/,48876061-dccd-55cc-8edf-0ae8fe9b1f65,2010-05-05_brann-tromso.json
2010-05-09,Stabæk,Brann,2-1,Tippeligaen,2010,/2010/05/09/stabaek-brann/,69034d71-8cb4-5333-811f-9f2a5c0ddf94,2010-05-09_stabaek-brann.json
2010-05-13,Arna-Bjørnar,Brann,0-2,Cupen,2010,/2010/05/13/arna-bjornar-brann/,c90e008b-fdc7-5b3d-9eb9-bad9e281ff32,2010-05-13_arna-bjornar-brann.json
2010-05-16,Brann,Lillestrøm,1-1,Tippeligaen,2010,/2010/05/16/brann-lsk/,5a4747ee-9f75-5f8b-9e78-1a45cd05ba91,2010-05-16_brann-lsk.json
2010-05-19,Fyllingen,Brann,1-0,Cupen,2010,/2010/05/19/fyllingen-brann/,cb9a0a90-9e7f-58f2-8bfb-33ff3122e850,2010-05-19_fyllingen-brann.json
2010-05-24,Hønefoss,Brann,2-0,Tippeligaen,2010,/2010/05/24/honefoss-brann/,e45f5662-7609-5f71-98de-cbf13f60f646,2010-05-24_honefoss-brann.json
2010-06-06,Brann,Aalesund,2-1,Tippeligaen,2010,/2010/06/06/brann-aalesund/,0c517a4c-d5e2-5ae4-8816-b96cbfe67f22,2010-06-06_brann-aalesund.json
2010-07-04,Kongsvinger,Brann,0-3,Tippeligaen,2010,/2010/07/04/kongsvinger-brann/,c78c044d-40fa-5195-8fb2-ba52cf93de29,2010-07-04_kongsvinger-brann.json
2010-07-10,Haugesund,Brann,1-1,Tippeligaen,2010,/2010/07/10/haugesund-brann/,613478e7-f5fe-5c83-a909-cc9a4f88dcdc,2010-07-10_haugesund-brann.json
2010-07-18,Brann,Stabæk,2-2,Tippeligaen,2010,/2010/07/18/brann-stabaek/,8bcbe492-256d-5052-9d8d-15d1fa8cfa5d,2010-07-18_brann-stabaek.json
2010-07-25,Sandefjord,Brann,1-4,Tippeligaen,2010,/2010/07/25/sandefjord-brann/,092ab35a-1992-518e-a872-c68aec4d46c5,2010-07-25_sandefjord-brann.json
2010-08-01,Brann,Molde,1-1,Tippeligaen,2010,/2010/08/01/brann-molde/,0d21bd00-b43d-5b5a-9763-584616b54132,2010-08-01_brann-molde.json
2010-08-08,Start,Brann,3-1,Tippeligaen,2010,/2010/08/08/start-brann/,86f01ba5-024b-5654-8213-64dce9f09ab2,2010-08-08_start-brann.json
2010-08-21,Strømsgodset,Brann,1-1,Tippeligaen,2010,/2010/08/21/stromsgodset-brann/,a4026293-439b-53c6-8db5-619a88ad5492,2010-08-21_stromsgodset-brann.json
2010-08-30,Brann,Viking,3-3,Tippeligaen,2010,/2010/08/30/brann-viking/,99a5aead-16d5-5aa9-a689-615af3618496,2010-08-30_brann-viking.json
2010-09-11,Tromsø,Brann,0-3,Tippeligaen,2010,/2010/09/11/tromso-brann/,d6dee4be-0cad-5123-8a6c-6328a4afff18,2010-09-11_tromso-brann.json
2010-09-19,Brann,Rosenborg,2-3,Tippeligaen,2010,/2010/09/19/brann-rbk/,312d6c8d-0b30-5ffc-ba45-aa8d3556d6ce,2010-09-19_brann-rbk.json
2010-09-26,Vålerenga,Brann,1-0,Tippeligaen,2010,/2010/09/26/vif-brann/,5b689852-daa1-5a7f-95d5-f3897d9137d9,2010-09-26_vif-brann.json
2010-10-02,Brann,Hønefoss,3-2,Tippeligaen,2010,/2010/10/02/brann-honefoss/,5a0f5d6f-44bd-5013-ab6b-37430a4eb7d1,2010-10-02_brann-honefoss.json
2010-10-17,Lillestrøm,Brann,3-2,Tippeligaen,2010,/2010/10/17/lsk-brann/,be8bf6b8-7301-52f1-9643-4c48f0311bd0,2010-10-17_lsk-brann.json
2010-10-25,Brann,Kongsvinger,3-1,Tippeligaen,2010,/2010/10/25/brann-kongsvinger/,05077954-b276-5b19-b607-88d0d8b5d777,2010-10-25_brann-kongsvinger.json
2010-10-31,Aalesund,Brann,3-1,Tippeligaen,2010,/2010/10/31/aalesund-brann/,ddaba734-874e-5fff-a0f5-1c6a3cc37959,2010-10-31_aalesund-brann.json
2010-11-07,Brann,Odd,1-1,Tippeligaen,2010,/2010/11/07/brann-odd/,f8abc8fe-3d72-5e25-a35d-bc533c49b571,2010-11-07_brann-odd.json
2011-03-20,Brann,Rosenborg,2-1,Tippeligaen,2011,/2011/03/20/brann-rbk/,5793e808-877c-52d4-9b7b-559670292a0d,2011-03-20_brann-rbk.json
2011-04-04,Lillestrøm,Brann,1-4,Tippeligaen,2011,/2011/04/04/lsk-brann/,7fd3fe63-ae65-53d5-9ac5-c90c2e729515,2011-04-04_lsk-brann.json
2011-04-09,Brann,Fredrikstad,0-1,Tippeligaen,2011,/2011/04/09/brann-fredrikstad/,b20b7b69-aeaf-5707-bfe8-8211560becfe,2011-04-09_brann-fredrikstad.json
2011-04-15,Haugesund,Brann,3-3,Tippeligaen,2011,/2011/04/15/haugesund-brann/,5de30c63-facd-54bb-a3a4-7136d75a04d8,2011-04-15_haugesund-brann.json
2011-04-25,Brann,Molde,1-3,Tippeligaen,2011,/2011/04/25/brann-molde/,aacd0c3f-aedc-546b-8011-552931cada87,2011-04-25_brann-molde.json
2011-05-01,Tertnes,Brann,0-3,Cupen,2011,/2011/05/01/tertnes-brann/,7e2a67d6-19cd-52d8-bcf7-9c2e03a30a19,2011-05-01_tertnes-brann.json
2011-05-07,Vålerenga,Brann,0-2,Tippeligaen,2011,/2011/05/07/vif-brann/,efa493b0-f943-5bfe-b143-90c812191b82,2011-05-07_vif-brann.json
2011-05-11,Fana,Brann,2-3,Cupen,2011,/2011/05/11/fana-brann/,8fcf635a-c77e-5ea4-aec7-185e76645df5,2011-05-11_fana-brann.json
2011-05-16,Brann,Start,2-1,Tippeligaen,2011,/2011/05/16/brann-start/,51e87c46-bd69-517c-9edb-7392ea6fd847,2011-05-16_brann-start.json
2011-05-19,Strømsgodset,Brann,1-0,Tippeligaen,2011,/2011/05/19/stromsgodset-brann/,952aaa5a-df0a-5ec4-adaa-b2c59f80e0f7,2011-05-19_stromsgodset-brann.json
2011-05-26,Åsane,Brann,0-1,Cupen,2011,/2011/05/26/asane-brann/,eadd75d3-e396-5bc9-be58-929b73e33ac9,2011-05-26_asane-brann.json
2011-05-29,Tromsø,Brann,4-0,Tippeligaen,2011,/2011/05/29/tromso-brann/,4af16886-5894-54c2-8e72-b2070fd7d0f2,2011-05-29_tromso-brann.json
2011-06-10,Brann,Sogndal,2-0,Tippeligaen,2011,/2011/06/10/brann-sogndal/,e142ab7b-6421-5808-94d3-e3eb0b94679e,2011-06-10_brann-sogndal.json
2011-06-16,Viking,Brann,3-0,Tippeligaen,2011,/2011/06/16/viking-brann/,b60addfc-196b-533a-b636-8d4be3797b93,2011-06-16_viking-brann.json
2011-06-19,Brann,Aalesund,1-1,Tippeligaen,2011,/2011/06/19/brann-aalesund/,aea96837-c021-56d7-8ad8-02087ee9144e,2011-06-19_brann-aalesund.json
2011-06-22,Brann,Sogndal,2-2,Cupen,2011,/2011/06/22/brann-sogndal/,4a31f63d-7813-5bd4-b7a0-abd40e2e6119,2011-06-22_brann-sogndal.json
2011-06-27,Sarpsborg 08,Brann,3-5,Tippeligaen,2011,/2011/06/27/sarpsborg-brann/,ada33d1e-700f-5115-a853-cb42ca505875,2011-06-27_sarpsborg-brann.json
2011-06-30,Brann,Odd,2-0,Tippeligaen,2011,/2011/06/30/brann-odd/,963f1600-8487-540f-a01f-9d75f659cdfb,2011-06-30_brann-odd.json
2011-07-03,Brann,Stabæk,2-1,Tippeligaen,2011,/2011/07/03/brann-stabaek/,b6058f42-f924-56ad-9f87-6e696b6e0e99,2011-07-03_brann-stabaek.json
2011-07-18,Fredrikstad,Brann,4-2,Tippeligaen,2011,/2011/07/18/fredrikstad-brann/,e9896be9-14a6-5ff5-a797-7c8ed16487bc,2011-07-18_fredrikstad-brann.json
2011-07-31,Odd,Brann,2-3,Tippeligaen,2011,/2011/07/31/odd-brann/,d169975c-0eff-5e12-bcb4-697170584302,2011-07-31_odd-brann.json
2011-08-03,Brann,Viking,3-2,Tippeligaen,2011,/2011/08/03/brann-viking/,6fea7b0f-aa33-5a1d-bfb1-ea8567d9550b,2011-08-03_brann-viking.json
2011-08-07,Brann,Strømsgodset,0-0,Tippeligaen,2011,/2011/08/07/brann-stromsgodset/,1fe85c64-5a04-51fe-9b12-4f2140f21bf6,2011-08-07_brann-stromsgodset.json
2011-08-14,Viking,Brann,1-1,Cupen,2011,/2011/08/14/viking-brann/,870e763c-154a-5517-a3af-8ca5e525b81a,2011-08-14_viking-brann.json
2011-08-21,Stabæk,Brann,1-1,Tippeligaen,2011,/2011/08/21/stabaek-brann/,d2dc7795-79d4-5caf-b2a0-fda2a4625c62,2011-08-21_stabaek-brann.json
2011-08-26,Brann,Tromsø,1-1,Tippeligaen,2011,/2011/08/26/brann-tromso/,0299627b-19b7-5535-baa3-841b029448e5,2011-08-26_brann-tromso.json
2011-09-11,Molde,Brann,2-2,Tippeligaen,2011,/2011/09/11/molde-brann/,95472ea8-e8f0-5417-aff0-be767204e1a8,2011-09-11_molde-brann.json
2011-09-16,Brann,Haugesund,1-0,Tippeligaen,2011,/2011/09/16/brann-haugesund/,84e9503d-c9ca-5d17-89c7-c895ca927bc5,2011-09-16_brann-haugesund.json
2011-09-21,Fredrikstad,Brann,0-2,Cupen,2011,/2011/09/21/fredrikstad-brann/,f56790f1-35c6-51b4-9c97-d10b221a6835,2011-09-21_fredrikstad-brann.json
2011-09-25,Sogndal,Brann,1-0,Tippeligaen,2011,/2011/09/25/sogndal-brann/,ef6bda37-2c60-5004-bce8-a5227db90d81,2011-09-25_sogndal-brann.json
2011-10-02,Brann,Vålerenga,1-4,Tippeligaen,2011,/2011/10/02/brann-vif/,1237e119-bc2a-5645-856c-a89ca0637f7a,2011-10-02_brann-vif.json
2011-10-17,Start,Brann,3-1,Tippeligaen,2011,/2011/10/17/start-brann/,3e906106-cb81-5485-929a-5f1919f32501,2011-10-17_start-brann.json
2011-10-23,Brann,Sarpsborg 08,1-0,Tippeligaen,2011,/2011/10/23/brann-sarpsborg/,8c59a8a2-234f-5192-a498-562176c5dead,2011-10-23_brann-sarpsborg.json
2011-10-30,Rosenborg,Brann,3-6,Tippeligaen,2011,/2011/10/30/rbk-brann/,51409218-c734-590b-b0a4-a6fedc2a565f,2011-10-30_rbk-brann.json
2011-11-06,Brann,Aalesund,1-2,Cupen,2011,/2011/11/06/brann-aalesund/,d11f841f-f465-5a4e-9293-6f711efa4b71,2011-11-06_brann-aalesund.json
2011-11-20,Brann,Lillestrøm,2-0,Tippeligaen,2011,/2011/11/20/brann-lsk/,c9d39f4b-4e73-58c4-a2b5-02de796ea9af,2011-11-20_brann-lsk.json
2011-11-27,Aalesund,Brann,3-1,Tippeligaen,2011,/2011/11/27/aalesund-brann/,9a9ceedc-e856-54ca-b48f-e3c17803a053,2011-11-27_aalesund-brann.json
2012-03-25,Rosenborg,Brann,3-1,Tippeligaen,2012,/2012/03/25/rbk-brann/,c808c934-1212-5155-bce1-1d464a746907,2012-03-25_rbk-brann.json
2012-03-30,Brann,Sandnes Ulf,3-1,Tippeligaen,2012,/2012/03/30/brann-ulf/,1a874ee8-9b9c-52b2-9172-6bd086d9eb64,2012-03-30_brann-ulf.json
2012-04-09,Molde,Brann,2-1,Tippeligaen,2012,/2012/04/09/molde-brann/,4b9c002f-6977-53ba-9e9f-fed471b46686,2012-04-09_molde-brann.json
2012-04-15,Brann,Strømsgodset,1-2,Tippeligaen,2012,/2012/04/15/brann-stromsgodset/,43418c17-29fd-5729-9203-884d0150807b,2012-04-15_brann-stromsgodset.json
2012-04-21,Haugesund,Brann,2-1,Tippeligaen,2012,/2012/04/21/haugesund-brann/,12b40166-6548-56d2-a2e6-c5e7e737d73e,2012-04-21_haugesund-brann.json
2012-04-29,Brann,Vålerenga,1-2,Tippeligaen,2012,/2012/04/29/brann-vif/,913579e7-0b1d-5743-bdd8-442829a67997,2012-04-29_brann-vif.json
2012-05-01,Bjarg,Brann,1-2,Cupen,2012,/2012/05/01/bjarg-brann/,3f2bf55b-87a4-5da6-9818-329dab2eb1ca,2012-05-01_bjarg-brann.json
2012-05-07,Brann,Viking,0-0,Tippeligaen,2012,/2012/05/07/brann-viking/,0a357e6b-65b3-5e12-8624-7ad1f4f06a4c,2012-05-07_brann-viking.json
2012-05-10,Florø,Brann,1-6,Cupen,2012,/2012/05/10/floro-brann/,0dd2722c-b220-5dbd-927c-0cbce507781e,2012-05-10_floro-brann.json
2012-05-13,Lillestrøm,Brann,3-4,Tippeligaen,2012,/2012/05/13/lsk-brann/,72dac70f-085a-5863-852d-6441acaadb57,2012-05-13_lsk-brann.json
2012-05-16,Brann,Sogndal,5-0,Tippeligaen,2012,/2012/05/16/brann-sogndal/,439da9a3-a685-5961-97b3-4a3a91ca6fba,2012-05-16_brann-sogndal.json
2012-05-20,Aalesund,Brann,2-0,Tippeligaen,2012,/2012/05/20/aalesund-brann/,4ab51601-beb4-56a4-b458-1b8876801ca6,2012-05-20_aalesund-brann.json
2012-05-23,Brann,Fredrikstad,2-0,Tippeligaen,2012,/2012/05/23/brann-fredrikstad/,2d3ad1de-e0ca-5629-9ecd-d4258ef487e1,2012-05-23_brann-fredrikstad.json
2012-05-28,Tromsø,Brann,2-0,Tippeligaen,2012,/2012/05/28/tromso-brann/,48809b38-634f-559e-b6a3-1ea554600150,2012-05-28_tromso-brann.json
2012-06-20,Nest-Sotra,Brann,0-3,Cupen,2012,/2012/06/20/nest-sotra-brann/,72b45a1b-7144-5674-b4dd-29f87686d1d5,2012-06-20_nest-sotra-brann.json
2012-06-30,Brann,Stabæk,2-1,Tippeligaen,2012,/2012/06/30/brann-stabaek/,bca2df03-7a82-5e90-abb6-281585a6b318,2012-06-30_brann-stabaek.json
2012-07-04,Viking,Brann,2-3,Cupen,2012,/2012/07/04/viking-brann/,58981234-09ad-5463-9e50-6a792f975def,2012-07-04_viking-brann.json
2012-07-07,Hønefoss,Brann,2-1,Tippeligaen,2012,/2012/07/07/honefoss-brann/,0a6cc835-fd76-5650-8f52-786863b0c04a,2012-07-07_honefoss-brann.json
2012-07-15,Brann,Odd,6-2,Tippeligaen,2012,/2012/07/15/brann-odd/,7d2d62d4-83a0-5217-8c89-18cf34b31ce9,2012-07-15_brann-odd.json
2012-07-22,Brann,Aalesund,2-1,Tippeligaen,2012,/2012/07/22/brann-aalesund/,f6afa605-df1c-5d50-8714-24a93f7aaf06,2012-07-22_brann-aalesund.json
2012-07-30,Vålerenga,Brann,1-1,Tippeligaen,2012,/2012/07/30/vif-brann/,9a4b90cc-45b7-5366-87e4-d30cc0c74f3d,2012-07-30_vif-brann.json
2012-08-06,Stabæk,Brann,0-4,Tippeligaen,2012,/2012/08/06/stabaek-brann/,1e10759f-2378-522c-af6c-28f5223b4ba2,2012-08-06_stabaek-brann.json
2012-08-11,Brann,Haugesund,3-2,Tippeligaen,2012,/2012/08/11/brann-haugesund/,c332c0a5-6520-57a7-a6b7-3dfc660fc682,2012-08-11_brann-haugesund.json
2012-08-19,Brann,Strømsgodset,4-3,Cupen,2012,/2012/08/19/brann-stromsgodset/,2fc98f4e-d860-5454-910d-1f1fc94f5823,2012-08-19_brann-stromsgodset.json
2012-08-24,Odd,Brann,1-0,Tippeligaen,2012,/2012/08/24/odd-brann/,eaa4c97d-03bd-5e7c-9a8d-e9fff0dc8212,2012-08-24_odd-brann.json
2012-09-02,Brann,Molde,4-1,Tippeligaen,2012,/2012/09/02/brann-molde/,3024826e-157b-5bb2-97e4-d3c43b4dfc13,2012-09-02_brann-molde.json
2012-09-16,Sandnes Ulf,Brann,3-3,Tippeligaen,2012,/2012/09/16/ulf-brann/,9af849b8-1b59-5c71-ba2a-c511362b30db,2012-09-16_ulf-brann.json
2012-09-23,Brann,Rosenborg,2-1,Tippeligaen,2012,/2012/09/23/brann-rbk/,883de3b3-af3c-5f5c-a02e-ea48fe884f8a,2012-09-23_brann-rbk.json
2012-09-27,Hødd,Brann,3-1,Cupen,2012,/2012/09/27/hodd-brann/,cd948a37-2408-5986-89b2-560a27a1edae,2012-09-27_hodd-brann.json
2012-09-30,Strømsgodset,Brann,2-0,Tippeligaen,2012,/2012/09/30/stromsgodset-brann/,a39c4cf2-7360-50c5-9584-cd1cc984d188,2012-09-30_stromsgodset-brann.json
2012-10-08,Brann,Hønefoss,3-2,Tippeligaen,2012,/2012/10/08/brann-honefoss/,a1e04efd-4575-5f16-afa2-8f42a203e960,2012-10-08_brann-honefoss.json
2012-10-22,Fredrikstad,Brann,3-4,Tippeligaen,2012,/2012/10/22/fredrikstad-brann/,b0c50eeb-706f-5947-8320-7045d8d1e71a,2012-10-22_fredrikstad-brann.json
2012-10-29,Brann,Lillestrøm,2-3,Tippeligaen,2012,/2012/10/29/brann-lsk/,7662c281-9fde-58a8-a900-6493da704ec2,2012-10-29_brann-lsk.json
2012-11-04,Viking,Brann,2-1,Tippeligaen,2012,/2012/11/04/viking-brann/,e4f01492-20af-55da-9a2e-4e299e7b9199,2012-11-04_viking-brann.json
2012-11-11,Brann,Tromsø,0-2,Tippeligaen,2012,/2012/11/11/brann-tromso/,c24c5ca2-3d45-504b-be6e-80fc7a0d1e7d,2012-11-11_brann-tromso.json
2012-11-18,Sogndal,Brann,2-0,Tippeligaen,2012,/2012/11/18/sogndal-brann/,f40106d5-cc2f-557c-9a77-42f8b5cc6c0e,2012-11-18_sogndal-brann.json
2013-03-16,Brann,Vålerenga,3-1,Tippeligaen,2013,/2013/03/16/brann-vif/,6952fbbf-0c15-5c78-97cf-6a5aa45ae5b2,2013-03-16_brann-vif.json
2013-04-01,Rosenborg,Brann,4-0,Tippeligaen,2013,/2013/04/01/rbk-brann/,a46f4337-ee17-5fed-9c80-b8f6f55b23fb,2013-04-01_rbk-brann.json
2013-04-06,Brann,Molde,1-0,Tippeligaen,2013,/2013/04/06/brann-molde/,2e778fe6-54e6-5ea1-8a57-7ef068fd1041,2013-04-06_brann-molde.json
2013-04-14,Lillestrøm,Brann,2-0,Tippeligaen,2013,/2013/04/14/lsk-brann/,146076a2-fabe-50c8-868b-0082b1c2ca2b,2013-04-14_lsk-brann.json
2013-04-17,Hovding,Brann,0-14,Cupen,2013,/2013/04/17/hovding-brann/,1e6a769d-b9f6-581f-be6b-8450b6fed8b4,2013-04-17_hovding-brann.json
2013-04-20,Brann,Viking,2-0,Tippeligaen,2013,/2013/04/20/brann-viking/,169feba2-e1e2-5e99-843f-3001a0527493,2013-04-20_brann-viking.json
2013-04-26,Brann,Odd,2-0,Tippeligaen,2013,/2013/04/26/brann-odd/,16e5f353-02ee-58dc-a356-4d731b0a95c4,2013-04-26_brann-odd.json
2013-05-01,Øystese,Brann,1-6,Cupen,2013,/2013/05/01/oystese-brann/,5d0062bb-c1a7-5b79-b0cc-8e235e183204,2013-05-01_oystese-brann.json
2013-05-05,Sogndal,Brann,3-1,Tippeligaen,2013,/2013/05/05/sogndal-brann/,c9d7da5b-e3fe-5b59-adc6-bf221defff57,2013-05-05_sogndal-brann.json
2013-05-09,Brann,Start,2-0,Tippeligaen,2013,/2013/05/09/brann-start/,118ab88a-e4b8-5d07-8165-0f9e9d6c5902,2013-05-09_brann-start.json
2013-05-12,Strømsgodset,Brann,2-0,Tippeligaen,2013,/2013/05/12/stromsgodset-brann/,d8f1afeb-0b6c-5974-a8cc-3badc655c17e,2013-05-12_stromsgodset-brann.json
2013-05-16,Brann,Aalesund,2-0,Tippeligaen,2013,/2013/05/16/brann-aalesund/,ee05fa15-6454-5d89-9908-e679d1780f76,2013-05-16_brann-aalesund.json
2013-05-20,Tromsø,Brann,2-0,Tippeligaen,2013,/2013/05/20/tromso-brann/,f339a4ea-cad3-5f05-a98c-a8819fa6e885,2013-05-20_tromso-brann.json
2013-05-26,Brann,Sarpsborg 08,3-1,Tippeligaen,2013,/2013/05/26/brann-sarpsborg/,eabf6d3b-4058-59ed-8402-30b2fd75162e,2013-05-26_brann-sarpsborg.json
2013-05-29,Brann,Mjøndalen,1-2,Cupen,2013,/2013/05/29/brann-mjondalen/,ec965bfc-8e55-5dde-ba45-a314635246f4,2013-05-29_brann-mjondalen.json
2013-06-23,Haugesund,Brann,2-1,Tippeligaen,2013,/2013/06/23/haugesund-brann/,76ba5432-c1e9-5bc3-b8e6-4df1f6f3a692,2013-06-23_haugesund-brann.json
2013-06-29,Brann,Sandnes Ulf,6-1,Tippeligaen,2013,/2013/06/29/brann-ulf/,833cd996-c8ba-59e6-b78e-ff059d4d4926,2013-06-29_brann-ulf.json
2013-07-08,Hønefoss,Brann,1-1,Tippeligaen,2013,/2013/07/08/honefoss-brann/,c22b528b-0bc0-546f-b47a-4e99b8c3931c,2013-07-08_honefoss-brann.json
2013-07-13,Start,Brann,3-3,Tippeligaen,2013,/2013/07/13/start-brann/,e77d5eaa-3135-5a68-bfff-e3666ec8fff3,2013-07-13_start-brann.json
2013-07-28,Brann,Rosenborg,1-4,Tippeligaen,2013,/2013/07/28/brann-rbk/,e1f8225a-08c4-5dc4-bb24-f975ee74c8ef,2013-07-28_brann-rbk.json
2013-08-03,Molde,Brann,2-0,Tippeligaen,2013,/2013/08/03/molde-brann/,ce776bdd-6156-576d-9618-370f8469abbf,2013-08-03_molde-brann.json
2013-08-09,Brann,Lillestrøm,1-1,Tippeligaen,2013,/2013/08/09/brann-lsk/,5aa4febf-92d3-53f8-baae-5a0964582ccf,2013-08-09_brann-lsk.json
2013-08-18,Viking,Brann,3-2,Tippeligaen,2013,/2013/08/18/viking-brann/,361aa3bb-ee8f-58c7-be69-db98897a8b4b,2013-08-18_viking-brann.json
2013-08-24,Odd,Brann,1-3,Tippeligaen,2013,/2013/08/24/odd-brann/,c83d465b-59b6-52ee-912d-e59dbfe589de,2013-08-24_odd-brann.json
2013-08-30,Brann,Sogndal,1-0,Tippeligaen,2013,/2013/08/30/brann-sogndal/,cb595b5e-1401-53eb-b7d2-2940c5df8ab4,2013-08-30_brann-sogndal.json
2013-09-15,Vålerenga,Brann,4-3,Tippeligaen,2013,/2013/09/15/vif-brann/,e2abbffa-8dc5-5beb-867a-e8de513e9bd8,2013-09-15_vif-brann.json
2013-09-21,Brann,Strømsgodset,1-1,Tippeligaen,2013,/2013/09/21/brann-stromsgodset/,ab119614-01cc-5d03-b967-c64151739f9f,2013-09-21_brann-stromsgodset.json
2013-09-28,Aalesund,Brann,0-0,Tippeligaen,2013,/2013/09/28/aalesund-brann/,49fd09ed-c8ae-5bff-900a-9a552d0b0c21,2013-09-28_aalesund-brann.json
2013-10-04,Brann,Haugesund,0-1,Tippeligaen,2013,/2013/10/04/brann-haugesund/,b314d8d8-6eed-5b84-9b48-ffde8188ac7c,2013-10-04_brann-haugesund.json
2013-10-18,Sarpsborg 08,Brann,3-2,Tippeligaen,2013,/2013/10/18/sarpsborg-brann/,c43924f2-cab2-5edf-8105-fc0114b37d66,2013-10-18_sarpsborg-brann.json
2013-10-27,Brann,Hønefoss,0-0,Tippeligaen,2013,/2013/10/27/brann-honefoss/,acd71b3a-31d0-58ac-98c8-362812f1275f,2013-10-27_brann-honefoss.json
2013-11-03,Sandnes Ulf,Brann,3-1,Tippeligaen,2013,/2013/11/03/ulf-brann/,4e87dfcd-8ed4-5d99-b505-9d30ea881542,2013-11-03_ulf-brann.json
2013-11-10,Brann,Tromsø,4-1,Tippeligaen,2013,/2013/11/10/brann-tromso/,a5c62a2a-29e5-58c7-9de2-56033e878511,2013-11-10_brann-tromso.json
2014-03-30,Sarpsborg 08,Brann,3-0,Tippeligaen,2014,/2014/03/30/sarpsborg-brann/,e5cec3bf-b72d-40d1-a154-645b241048c8,2014-03-30_sarpsborg-brann.json
2014-04-06,Brann,Stabæk,1-2,Tippeligaen,2014,/2014/04/06/brann-stabaek/,aa825f7f-83dc-45e9-80c0-2c581b7af62e,2014-04-06_brann-stabaek.json
2014-04-11,Sandnes Ulf,Brann,1-1,Tippeligaen,2014,/2014/04/11/ulf-brann/,e1461462-77b5-4806-bf2b-d8b630e1ecf5,2014-04-11_ulf-brann.json
2014-04-21,Brann,Lillestrøm,2-0,Tippeligaen,2014,/2014/04/21/brann-lsk/,de8e3e33-1aaf-4902-bd5b-a632e6e1b9c8,2014-04-21_brann-lsk.json
2014-04-24,Varegg,Brann,2-3,Cupen,2014,/2014/04/24/varegg-brann/,f90a5ee8-985a-4aa3-8230-3722256d9214,2014-04-24_varegg-brann.json
2014-04-27,Rosenborg,Brann,5-2,Tippeligaen,2014,/2014/04/27/rbk-brann/,e4c3aa1e-147a-4842-8d86-7b1be66fc6a2,2014-04-27_rbk-brann.json
2014-04-30,Brann,Haugesund,1-3,Tippeligaen,2014,/2014/04/30/brann-haugesund/,1c4608df-9d99-4a71-bc27-d3478c9d30fa,2014-04-30_brann-haugesund.json
2014-05-04,Start,Brann,1-1,Tippeligaen,2014,/2014/05/04/start-brann/,5fb92d2c-6f0a-4196-b778-8bf9153704e4,2014-05-04_start-brann.json
2014-05-07,Stord,Brann,1-2,Cupen,2014,/2014/05/07/stord-brann/,0640c044-8aa0-48ea-8226-601226ac4d6e,2014-05-07_stord-brann.json
2014-05-10,Aalesund,Brann,0-1,Tippeligaen,2014,/2014/05/10/aalesund-brann/,7ef4b635-9316-4242-8665-c4cac60b2afd,2014-05-10_aalesund-brann.json
2014-05-16,Brann,Bodø/Glimt,1-2,Tippeligaen,2014,/2014/05/16/brann-glimt/,d100494f-46a3-439d-b368-baa674a9c02a,2014-05-16_brann-glimt.json
2014-05-20,Sogndal,Brann,2-1,Tippeligaen,2014,/2014/05/20/sogndal-brann/,18bf4692-fe4c-4557-8f6c-d388968d107f,2014-05-20_sogndal-brann.json
2014-05-25,Brann,Vålerenga,2-3,Tippeligaen,2014,/2014/05/25/brann-vif/,198faf88-b7b4-4285-a072-341f14062b2a,2014-05-25_brann-vif.json
2014-06-04,Fyllingsdalen,Brann,1-3,Cupen,2014,/2014/06/04/fyllingsdalen-brann/,6dca5734-a67a-4a0b-8697-fdf534d8f084,2014-06-04_fyllingsdalen-brann.json
2014-06-09,Molde,Brann,4-2,Tippeligaen,2014,/2014/06/09/molde-brann/,1e48f5a9-5f16-4d5c-9d38-84cd04dbc32d,2014-06-09_molde-brann.json
2014-06-12,Brann,Odd,0-1,Tippeligaen,2014,/2014/06/12/brann-odd/,1c9ab231-afc8-418d-a571-45567b321325,2014-06-12_brann-odd.json
2014-06-27,Brann,Ranheim,4-2,Cupen,2014,/2014/06/27/brann-ranheim/,94a27d4c-fa6d-446b-8d62-8b94a0c192b3,2014-06-27_brann-ranheim.json
2014-07-06,Viking,Brann,0-2,Tippeligaen,2014,/2014/07/06/viking-brann/,8420bb4f-ef30-4fb2-8094-a1580d7faa6e,2014-07-06_viking-brann.json
2014-07-12,Brann,Strømsgodset,0-1,Tippeligaen,2014,/2014/07/12/brann-stromsgodset/,fe0d8ecb-5305-4eab-ac4f-e03ad7c06728,2014-07-12_brann-stromsgodset.json
2014-07-18,Stabæk,Brann,1-1,Tippeligaen,2014,/2014/07/18/stabaek-brann/,bd534642-3fd4-4e0b-92e8-2d010b5f9fd2,2014-07-18_stabaek-brann.json
2014-07-27,Brann,Viking,0-1,Tippeligaen,2014,/2014/07/27/brann-viking/,055007db-8656-4700-8cb4-739cf9dde38a,2014-07-27_brann-viking.json
2014-08-01,Lillestrøm,Brann,4-3,Tippeligaen,2014,/2014/08/01/lsk-brann/,f112a01c-393d-45a4-a050-d12c7268d546,2014-08-01_lsk-brann.json
2014-08-08,Brann,Aalesund,1-0,Tippeligaen,2014,/2014/08/08/brann-aalesund/,7708afe1-2de7-4ced-ad4e-fe674a216ffe,2014-08-08_brann-aalesund.json
2014-08-14,Odd,Brann,3-1,Cupen,2014,/2014/08/14/odd-brann/,d706468e-b21f-45ec-9bf4-09701cd939c8,2014-08-14_odd-brann.json
2014-08-17,Brann,Rosenborg,3-1,Tippeligaen,2014,/2014/08/17/brann-rbk/,7b52a99f-299e-4332-8ee7-2ff3ec14fbc5,2014-08-17_brann-rbk.json
2014-08-23,Vålerenga,Brann,3-3,Tippeligaen,2014,/2014/08/23/vif-brann/,e554565e-d895-49bf-867f-9b13c5ba830f,2014-08-23_vif-brann.json
2014-08-31,Brann,Molde,0-1,Tippeligaen,2014,/2014/08/31/brann-molde/,ed785052-3ce8-47d7-a73f-eae258545f4b,2014-08-31_brann-molde.json
2014-09-13,Strømsgodset,Brann,1-4,Tippeligaen,2014,/2014/09/13/stromsgodset-brann/,dd15e2c9-c59f-4a74-a457-aec2f71af91e,2014-09-13_stromsgodset-brann.json
2014-09-19,Brann,Sandnes Ulf,1-1,Tippeligaen,2014,/2014/09/19/brann-ulf/,3db3fa9a-395d-4df9-84c8-24467840de21,2014-09-19_brann-ulf.json
2014-09-28,Odd,Brann,4-0,Tippeligaen,2014,/2014/09/28/odd-brann/,c2234b09-69d9-4981-a97e-efe41c676b12,2014-09-28_odd-brann.json
2014-10-05,Brann,Start,1-2,Tippeligaen,2014,/2014/10/05/brann-start/,00a74f4c-8cb4-4519-bedb-e0b23d0380eb,2014-10-05_brann-start.json
2014-10-17,Brann,Sarpsborg 08,1-2,Tippeligaen,2014,/2014/10/17/brann-sarpsborg/,1970d161-44d9-4b80-97e4-1d25100752fc,2014-10-17_brann-sarpsborg.json
2014-10-26,Bodø/Glimt,Brann,2-1,Tippeligaen,2014,/2014/10/26/glimt-brann/,32bdb0eb-d5dd-4ac7-9c77-43752495360e,2014-10-26_glimt-brann.json
2014-11-02,Brann,Sogndal,2-1,Tippeligaen,2014,/2014/11/02/brann-sogndal/,f147577a-9bff-41b5-8126-941eafc91673,2014-11-02_brann-sogndal.json
2014-11-09,Haugesund,Brann,2-3,Tippeligaen,2014,/2014/11/09/haugesund-brann/,64ee2ab8-fc4a-4fe5-bd68-b539f5e853c4,2014-11-09_haugesund-brann.json
2014-11-23,Brann,Mjøndalen,1-1,Kvalifisering,2014,/2014/11/23/brann-mjondalen/,d82dd54b-5969-49bd-b443-c4d6d64de61c,2014-11-23_brann-mjondalen.json
2014-11-26,Mjøndalen,Brann,3-0,Kvalifisering,2014,/2014/11/26/mjondalen-brann/,4f100229-a416-448b-b90c-037c8104d70a,2014-11-26_mjondalen-brann.json
2015-04-06,Fredrikstad,Brann,1-1,OBOS-ligaen,2015,/2015/04/06/fredrikstad-brann/,b68bd038-f50b-4c61-90ca-b3265c6a8463,2015-04-06_fredrikstad-brann.json
2015-04-13,Brann,Strømmen,2-0,OBOS-ligaen,2015,/2015/04/13/brann-strommen/,e0dd4fd2-3e54-4884-8469-3257ec9f7524,2015-04-13_brann-strommen.json
2015-04-20,Hødd,Brann,3-0,OBOS-ligaen,2015,/2015/04/20/hodd-brann/,d0b70e13-9f40-4738-8b7c-849a7a12c4cd,2015-04-20_hodd-brann.json
2015-04-23,Os,Brann,1-6,Cupen,2015,/2015/04/23/os-brann/,4c50d53a-c403-45a2-8a19-371684d36ab3,2015-04-23_os-brann.json
2015-04-27,Jerv,Brann,2-2,OBOS-ligaen,2015,/2015/04/27/jerv-brann/,6de09ddf-3728-4917-9306-c85dcfa5de8a,2015-04-27_jerv-brann.json
2015-04-30,Brann,Ranheim,4-1,OBOS-ligaen,2015,/2015/04/30/brann-ranheim/,da028d5b-26b8-420d-9e80-3a25eb3302b6,2015-04-30_brann-ranheim.json
2015-05-03,Bryne,Brann,0-1,OBOS-ligaen,2015,/2015/05/03/bryne-brann/,c6d0057e-5de0-4866-ad13-2e9566dc9751,2015-05-03_bryne-brann.json
2015-05-06,Vard,Brann,1-1,Cupen,2015,/2015/05/06/vard-brann/,44f27b76-b101-454c-be5e-dd63aed5d1b4,2015-05-06_vard-brann.json
2015-05-09,Brann,Sandnes Ulf,0-0,OBOS-ligaen,2015,/2015/05/09/brann-ulf/,2b6ad7a7-2bf6-4dda-af48-37555aea1b80,2015-05-09_brann-ulf.json
2015-05-12,Hønefoss,Brann,0-0,OBOS-ligaen,2015,/2015/05/12/honefoss-brann/,2b963fe0-532f-4d4f-ac6c-7e8f6beca6eb,2015-05-12_honefoss-brann.json
2015-05-16,Brann,Nest-Sotra,2-2,OBOS-ligaen,2015,/2015/05/16/brann-nest-sotra/,4691e665-5358-4c6f-abe5-2264c5f5185e,2015-05-16_brann-nest-sotra.json
2015-05-26,Levanger,Brann,4-1,OBOS-ligaen,2015,/2015/05/26/levanger-brann/,dffa4315-46e7-4f1f-9251-b526ba778a04,2015-05-26_levanger-brann.json
2015-06-01,Brann,Follo,2-1,OBOS-ligaen,2015,/2015/06/01/brann-follo/,22830ae4-0657-481b-bd86-1142fe68c845,2015-06-01_brann-follo.json
2015-06-04,Bryne,Brann,1-4,Cupen,2015,/2015/06/04/bryne-brann/,b376fc0d-3802-4a6b-ac36-f099d03c5be1,2015-06-04_bryne-brann.json
2015-06-07,Åsane,Brann,2-3,OBOS-ligaen,2015,/2015/06/07/asane-brann/,d59a1e63-be16-4392-a0c0-735118e46bab,2015-06-07_asane-brann.json
2015-06-21,Brann,Sogndal,0-4,OBOS-ligaen,2015,/2015/06/21/brann-sogndal/,4da30a9a-3df4-48e2-a56c-301427902df4,2015-06-21_brann-sogndal.json
2015-06-24,Brann,Sarpsborg 08,0-0,Cupen,2015,/2015/06/24/brann-sarpsborg/,9793063c-91c0-49df-b94b-3ef95f8b4303,2015-06-24_brann-sarpsborg.json
2015-06-29,Bærum,Brann,1-1,OBOS-ligaen,2015,/2015/06/29/baerum-brann/,0f538b85-68d0-4c32-956b-11eb6ecf0204,2015-06-29_baerum-brann.json
2015-07-06,Brann,Kristiansund BK,2-1,OBOS-ligaen,2015,/2015/07/06/brann-kristiansund-bk/,34c00200-fa7a-4531-8e1d-0146f9598dbf,2015-07-06_brann-kristiansund-bk.json
2015-07-28,Follo,Brann,0-1,OBOS-ligaen,2015,/2015/07/28/follo-brann/,56468ddd-35f4-4f0e-b849-a6eb70048da9,2015-07-28_follo-brann.json
2015-08-03,Brann,Levanger,1-0,OBOS-ligaen,2015,/2015/08/03/brann-levanger/,b67db6fe-a955-4ab3-8540-2a98efe6fdee,2015-08-03_brann-levanger.json
2015-08-08,Sandnes Ulf,Brann,1-1,OBOS-ligaen,2015,/2015/08/08/ulf-brann/,f782b265-a95f-4a19-8383-5e6545d8d3ed,2015-08-08_ulf-brann.json
2015-08-12,Brann,Åsane,2-2,OBOS-ligaen,2015,/2015/08/12/brann-asane/,6333d07f-cd2c-4763-bb42-f288ceae4e05,2015-08-12_brann-asane.json
2015-08-17,Sogndal,Brann,0-0,OBOS-ligaen,2015,/2015/08/17/sogndal-brann/,bc3de193-a016-4a6b-a663-bc0dd2c95533,2015-08-17_sogndal-brann.json
2015-08-23,Brann,Hønefoss,3-0,OBOS-ligaen,2015,/2015/08/23/brann-honefoss/,7ea2a6a6-3b08-441a-9711-6154f16156ac,2015-08-23_brann-honefoss.json
2015-08-30,Strømmen,Brann,2-3,OBOS-ligaen,2015,/2015/08/30/strommen-brann/,8d4760e5-5fc0-4634-a16c-c3de60383e8c,2015-08-30_strommen-brann.json
2015-09-14,Brann,Fredrikstad,5-1,OBOS-ligaen,2015,/2015/09/14/brann-fredrikstad/,55c614e9-3547-42f5-a036-6690d4785a2a,2015-09-14_brann-fredrikstad.json
2015-09-21,Ranheim,Brann,0-0,OBOS-ligaen,2015,/2015/09/21/ranheim-brann/,b6ce5eeb-cc03-420b-85f2-158e17d16f4d,2015-09-21_ranheim-brann.json
2015-09-28,Brann,Bryne,2-1,OBOS-ligaen,2015,/2015/09/28/brann-bryne/,510b508c-bed9-4ee9-8ba7-e67f5c8368a4,2015-09-28_brann-bryne.json
2015-10-04,Kristiansund BK,Brann,0-1,OBOS-ligaen,2015,/2015/10/04/kristiansund-bk-brann/,d8420dd4-9ccf-440e-a2c7-6b5ce814c9bf,2015-10-04_kristiansund-bk-brann.json
2015-10-14,Brann,Jerv,2-0,OBOS-ligaen,2015,/2015/10/14/brann-jerv/,2ad0855b-fc2a-485d-9ee7-b3d72f0f2683,2015-10-14_brann-jerv.json
2015-10-19,Brann,Bærum,2-2,OBOS-ligaen,2015,/2015/10/19/brann-baerum/,7a239a72-dca2-4f45-9d48-729bfdde4d06,2015-10-19_brann-baerum.json
2015-10-25,Nest-Sotra,Brann,2-1,OBOS-ligaen,2015,/2015/10/25/nest-sotra-brann/,085b4ae8-83b3-4553-95ef-a3e8c54637aa,2015-10-25_nest-sotra-brann.json
2015-11-01,Brann,Hødd,1-2,OBOS-ligaen,2015,/2015/11/01/brann-hodd/,d8e8b17f-8867-4bf1-81bc-55838f7fe1cd,2015-11-01_brann-hodd.json
2016-03-13,Strømsgodset,Brann,2-2,Tippeligaen,2016,/2016/03/13/stromsgodset-brann/,114f8025-b956-40f7-896b-eab2b97572bd,2016-03-13_stromsgodset-brann.json
2016-03-20,Brann,Odd,0-0,Tippeligaen,2016,/2016/03/20/brann-odd/,84c911fb-d86e-41a0-af2b-9580f98bb6cf,2016-03-20_brann-odd.json
2016-04-03,Aalesund,Brann,1-2,Tippeligaen,2016,/2016/04/03/aalesund-brann/,82d0fa57-b71c-5643-ad83-18b354a4dace,2016-04-03_aalesund-brann.json
2016-04-10,Brann,Bodø/Glimt,1-0,Tippeligaen,2016,/2016/04/10/brann-glimt/,dc109bc8-e03b-488e-af11-ea6feb35869e,2016-04-10_brann-glimt.json
2016-04-13,Førde,Brann,0-0,Cupen,2016,/2016/04/13/forde-brann/,306f78af-dbe9-4694-8a92-5c775aca6c03,2016-04-13_forde-brann.json
2016-04-16,Rosenborg,Brann,3-0,Tippeligaen,2016,/2016/04/16/rbk-brann/,58f121ca-847d-42dc-a55c-f591ef7e5752,2016-04-16_rbk-brann.json
2016-04-20,Viking,Brann,0-1,Tippeligaen,2016,/2016/04/20/viking-brann/,ee30a480-eec3-4689-847d-bbb9e17df78a,2016-04-20_viking-brann.json
2016-04-23,Brann,Sogndal,2-0,Tippeligaen,2016,/2016/04/23/brann-sogndal/,05d00e45-1129-4807-87ec-dcafc44c0616,2016-04-23_brann-sogndal.json
2016-05-01,Tromsø,Brann,1-0,Tippeligaen,2016,/2016/05/01/tromso-brann/,e10f670f-1cea-4a18-99d3-b7ae3b8198dd,2016-05-01_tromso-brann.json
2016-05-07,Brann,Start,1-0,Tippeligaen,2016,/2016/05/07/brann-start/,901741f2-15f3-4e4c-b699-737c5d48ab76,2016-05-07_brann-start.json
2016-05-11,Lillestrøm,Brann,1-0,Tippeligaen,2016,/2016/05/11/lsk-brann/,a37f9097-36f9-4ad9-b494-d460cef9c5b0,2016-05-11_lsk-brann.json
2016-05-16,Brann,Stabæk,1-0,Tippeligaen,2016,/2016/05/16/brann-stabaek/,cac8addc-4881-4b77-8a7b-f6f733631981,2016-05-16_brann-stabaek.json
2016-05-21,Molde,Brann,2-0,Tippeligaen,2016,/2016/05/21/molde-brann/,c3132841-142c-495e-99f1-b8b513562ebd,2016-05-21_molde-brann.json
2016-05-29,Brann,Haugesund,1-0,Tippeligaen,2016,/2016/05/29/brann-haugesund/,6b034a45-0759-436d-9287-30436b803116,2016-05-29_brann-haugesund.json
2016-07-03,Sarpsborg 08,Brann,1-0,Tippeligaen,2016,/2016/07/03/sarpsborg-brann/,5c17f682-6259-48e9-a0bf-00bdb86d0e25,2016-07-03_sarpsborg-brann.json
2016-07-09,Brann,Vålerenga,4-1,Tippeligaen,2016,/2016/07/09/brann-vif/,12928e9d-d1aa-4cf7-9eaf-83b715fb631b,2016-07-09_brann-vif.json
2016-07-17,Stabæk,Brann,1-1,Tippeligaen,2016,/2016/07/17/stabaek-brann/,5f69798c-94b2-49fc-961a-670fe6f95f7e,2016-07-17_stabaek-brann.json
2016-07-22,Brann,Aalesund,6-0,Tippeligaen,2016,/2016/07/22/brann-aalesund/,7169e362-67fb-4968-997d-7a951576ab03,2016-07-22_brann-aalesund.json
2016-07-31,Odd,Brann,1-3,Tippeligaen,2016,/2016/07/31/odd-brann/,64c8abea-7ad9-4d50-928b-8815c5cbe602,2016-07-31_odd-brann.json
2016-08-07,Brann,Strømsgodset,1-0,Tippeligaen,2016,/2016/08/07/brann-stromsgodset/,3e8c3839-93af-4327-821c-a641379cd6b6,2016-08-07_brann-stromsgodset.json
2016-08-13,Vålerenga,Brann,3-2,Tippeligaen,2016,/2016/08/13/vif-brann/,5d1da4f2-df31-4afa-9a1c-5d6ae341f72c,2016-08-13_vif-brann.json
2016-08-21,Brann,Rosenborg,1-1,Tippeligaen,2016,/2016/08/21/brann-rbk/,498db10c-95e6-48da-a4be-b154d706257e,2016-08-21_brann-rbk.json
2016-08-27,Haugesund,Brann,3-2,Tippeligaen,2016,/2016/08/27/haugesund-brann/,7a701935-49d4-4b81-912e-305b8e646934,2016-08-27_haugesund-brann.json
2016-09-10,Brann,Viking,0-0,Tippeligaen,2016,/2016/09/10/brann-viking/,f7fc3fa3-d335-436f-81db-a09aac186629,2016-09-10_brann-viking.json
2016-09-18,Bodø/Glimt,Brann,1-3,Tippeligaen,2016,/2016/09/18/glimt-brann/,f68b451f-b584-48b0-9528-e17431ba1a02,2016-09-18_glimt-brann.json
2016-09-25,Brann,Tromsø,1-0,Tippeligaen,2016,/2016/09/25/brann-tromso/,726041cd-2962-4f01-be4f-b477978cd89a,2016-09-25_brann-tromso.json
2016-10-01,Sogndal,Brann,0-0,Tippeligaen,2016,/2016/10/01/sogndal-brann/,5662d5af-b1b7-4bd0-8c1c-0ffb2da59d40,2016-10-01_sogndal-brann.json
2016-10-16,Brann,Lillestrøm,1-2,Tippeligaen,2016,/2016/10/16/brann-lsk/,212bc4e0-ee1d-4955-92db-03d83543b84e,2016-10-16_brann-lsk.json
2016-10-22,Brann,Molde,2-1,Tippeligaen,2016,/2016/10/22/brann-molde/,3cf23ca4-7887-4eff-a4fe-61d047f06dc1,2016-10-22_brann-molde.json
2016-10-30,Start,Brann,1-2,Tippeligaen,2016,/2016/10/30/start-brann/,73f014aa-6dbb-4028-a959-2031698d41fb,2016-10-30_start-brann.json
2016-11-06,Brann,Sarpsborg 08,2-1,Tippeligaen,2016,/2016/11/06/brann-sarpsborg/,69620758-6f72-41fd-8722-a8d378d7fdaa,2016-11-06_brann-sarpsborg.json
2017-03-29,Brann,Rosenborg,0-2,Mesterfinale,2017,/2017/03/29/brann-rbk/,b65fc4d3-cfb6-491c-970e-366ff6231c1c,2017-03-29_brann-rbk.json
2017-04-02,Tromsø,Brann,1-1,Eliteserien,2017,/2017/04/02/tromso-brann/,d1b5d286-72c0-4985-b890-130c6d349a4d,2017-04-02_tromso-brann.json
2017-04-06,Brann,Strømsgodset,3-0,Eliteserien,2017,/2017/04/06/brann-stromsgodset/,63cb8696-01ba-4d3e-96e3-b038875f6ccc,2017-04-06_brann-stromsgodset.json
2017-04-10,Kristiansund BK,Brann,1-0,Eliteserien,2017,/2017/04/10/kristiansund-bk-brann/,900dabe6-8ef9-4318-8673-b4a1da29ad35,2017-04-10_kristiansund-bk-brann.json
2017-04-17,Brann,Haugesund,3-1,Eliteserien,2017,/2017/04/17/brann-haugesund/,704569c9-8762-4c3b-b6f2-23bcf7d6ec67,2017-04-17_brann-haugesund.json
2017-04-23,Lillestrøm,Brann,0-2,Eliteserien,2017,/2017/04/23/lsk-brann/,8e93c521-c5f2-4fca-915f-02ffe7c1b597,2017-04-23_lsk-brann.json
2017-04-26,Austevoll,Brann,0-7,Cupen,2017,/2017/04/26/austevoll-brann/,ee2afeaa-a447-4708-9018-57ffd8f74b6d,2017-04-26_austevoll-brann.json
2017-04-29,Brann,Viking,1-1,Eliteserien,2017,/2017/04/29/brann-viking/,eff415a4-5275-454c-9a5c-0fa5bd1cdf4c,2017-04-29_brann-viking.json
2017-05-07,Rosenborg,Brann,2-1,Eliteserien,2017,/2017/05/07/rbk-brann/,5b71704b-9884-4dcd-8db9-97ad147adaad,2017-05-07_rbk-brann.json
2017-05-13,Brann,Molde,4-1,Eliteserien,2017,/2017/05/13/brann-molde/,5ad379b6-fa04-4ed2-8811-9350031f3716,2017-05-13_brann-molde.json
2017-05-16,Brann,Sandefjord,5-0,Eliteserien,2017,/2017/05/16/brann-sandefjord/,b56e7e8a-0654-45e7-ac7c-33a36d51db5f,2017-05-16_brann-sandefjord.json
2017-05-20,Sogndal,Brann,2-3,Eliteserien,2017,/2017/05/20/sogndal-brann/,bf94a641-cde5-482c-9aac-e17ed438abc2,2017-05-20_sogndal-brann.json
2017-05-24,Lysekloster,Brann,0-2,Cupen,2017,/2017/05/24/lysekloster-brann/,625ff22e-d208-491c-8b45-1b43ce6bc58b,2017-05-24_lysekloster-brann.json
2017-05-28,Brann,Aalesund,1-1,Eliteserien,2017,/2017/05/28/brann-aalesund/,8ddff91d-1733-4e37-889a-a50e8430b480,2017-05-28_brann-aalesund.json
2017-05-31,Nest-Sotra,Brann,0-2,Cupen,2017,/2017/05/31/nest-sotra-brann/,dd82aabb-9b8c-4d8f-a800-dea401b03a6a,2017-05-31_nest-sotra-brann.json
2017-06-04,Odd,Brann,0-0,Eliteserien,2017,/2017/06/04/odd-brann/,1935e8ec-e9e4-4221-a4a5-ea1d4361eac1,2017-06-04_odd-brann.json
2017-06-19,Brann,Stabæk,5-0,Eliteserien,2017,/2017/06/19/brann-stabaek/,f2b0f4bf-2b15-46dd-94ac-e31dba7d053f,2017-06-19_brann-stabaek.json
2017-06-25,Sarpsborg 08,Brann,1-1,Eliteserien,2017,/2017/06/25/sarpsborg-brann/,619ccb16-016e-4de4-b548-a0a40615eeb3,2017-06-25_sarpsborg-brann.json
2017-07-02,Brann,Vålerenga,0-0,Eliteserien,2017,/2017/07/02/brann-vif/,fb941c02-ea75-46b8-ad51-45c5cd9e4ead,2017-07-02_brann-vif.json
2017-07-09,Stabæk,Brann,2-0,Eliteserien,2017,/2017/07/09/stabaek-brann/,fa2c0c6d-46ac-4489-a9e6-ddf7dc1b4f7f,2017-07-09_stabaek-brann.json
2017-07-13,Ruzomberok,Brann,0-1,Europa League,2017,/2017/07/13/ruzomberok-brann/,55a18694-0a26-488b-8314-83da950070b1,2017-07-13_ruzomberok-brann.json
2017-07-16,Brann,Sarpsborg 08,0-1,Eliteserien,2017,/2017/07/16/brann-sarpsborg/,29cd4986-0203-4d72-84c5-d22ce29229e8,2017-07-16_brann-sarpsborg.json
2017-07-20,Brann,Ruzomberok,0-2,Europa League,2017,/2017/07/20/brann-ruzomberok/,86f4e973-34d4-4c1c-a310-f877982e8b25,2017-07-20_brann-ruzomberok.json
2017-08-06,Aalesund,Brann,3-3,Eliteserien,2017,/2017/08/06/aalesund-brann/,9e8d7515-bf16-47ba-b836-a9db33b39024,2017-08-06_aalesund-brann.json
2017-08-09,Mjøndalen,Brann,1-0,Cupen,2017,/2017/08/09/mjondalen-brann/,562a018e-775a-47ce-b3fa-7ce1aa7090a1,2017-08-09_mjondalen-brann.json
2017-08-13,Brann,Odd,2-0,Eliteserien,2017,/2017/08/13/brann-odd/,ee1c0aa9-f7c2-4129-8577-8300aa568bb9,2017-08-13_brann-odd.json
2017-08-20,Viking,Brann,2-4,Eliteserien,2017,/2017/08/20/viking-brann/,a0d4fa83-2969-4751-85d2-3a2564b2a2c9,2017-08-20_viking-brann.json
2017-09-09,Brann,Sogndal,2-1,Eliteserien,2017,/2017/09/09/brann-sogndal/,4c931757-0786-4c50-a8bb-013b5b0570ba,2017-09-09_brann-sogndal.json
2017-09-17,Sandefjord,Brann,0-1,Eliteserien,2017,/2017/09/17/sandefjord-brann/,30d1f7a0-2243-4cce-a61c-28827fbd14b8,2017-09-17_sandefjord-brann.json
2017-09-24,Vålerenga,Brann,2-1,Eliteserien,2017,/2017/09/24/vif-brann/,20621fa2-305c-45e3-9943-582fea74e4ae,2017-09-24_vif-brann.json
2017-09-29,Brann,Kristiansund BK,0-4,Eliteserien,2017,/2017/09/29/brann-kristiansund-bk/,cf7fcd5f-bc59-4f8b-9d10-3d74a116744f,2017-09-29_brann-kristiansund-bk.json
2017-10-15,Molde,Brann,1-0,Eliteserien,2017,/2017/10/15/molde-brann/,a242b6d8-6226-4c34-bd3c-ed8338146893,2017-10-15_molde-brann.json
2017-10-22,Brann,Rosenborg,0-3,Eliteserien,2017,/2017/10/22/brann-rbk/,ca8727cb-262f-40ea-9c27-6e7ac74faf4d,2017-10-22_brann-rbk.json
2017-10-28,Haugesund,Brann,2-3,Eliteserien,2017,/2017/10/28/haugesund-brann/,397a5902-d290-4355-9bc5-750cfeab1ae9,2017-10-28_haugesund-brann.json
2017-11-05,Brann,Lillestrøm,2-0,Eliteserien,2017,/2017/11/05/brann-lsk/,997b95df-c20c-42ba-b97a-69bffc207f7d,2017-11-05_brann-lsk.json
2017-11-19,Strømsgodset,Brann,2-1,Eliteserien,2017,/2017/11/19/stromsgodset-brann/,07e68e4b-688b-482d-8908-f280723fba2d,2017-11-19_stromsgodset-brann.json
2017-11-26,Brann,Tromsø,2-2,Eliteserien,2017,/2017/11/26/brann-tromso/,b3d18f71-0ffe-4989-a7ae-428d3ac87052,2017-11-26_brann-tromso.json
2018-03-18,Brann,Bodø/Glimt,2-0,Eliteserien,2018,/2018/03/18/brann-glimt/,730b477e-9a16-4edf-b649-10884c7f5e91,2018-03-18_brann-glimt.json
2018-04-02,Strømsgodset,Brann,1-1,Eliteserien,2018,/2018/04/02/stromsgodset-brann/,59bcf6c8-5e4c-4da0-9c88-1e62975c079b,2018-04-02_stromsgodset-brann.json
2018-04-08,Brann,Kristiansund BK,1-0,Eliteserien,2018,/2018/04/08/brann-kristiansund-bk/,a1429be2-31dc-4fd2-94a5-d7cc59eb9c5b,2018-04-08_brann-kristiansund-bk.json
2018-04-15,Sarpsborg 08,Brann,1-2,Eliteserien,2018,/2018/04/15/sarpsborg-brann/,897f0e0d-c5da-4171-9ba7-fee337c05ddf,2018-04-15_sarpsborg-brann.json
2018-04-18,Sandviken,Brann,1-6,Cupen,2018,/2018/04/18/sandviken-brann/,b15a8eea-fcfe-447a-a81e-8b3ddbda8cc2,2018-04-18_sandviken-brann.json
2018-04-21,Brann,Stabæk,3-0,Eliteserien,2018,/2018/04/21/brann-stabaek/,79c6341c-a33b-46b1-8500-6993a8faf578,2018-04-21_brann-stabaek.json
2018-04-25,Ranheim,Brann,0-2,Eliteserien,2018,/2018/04/25/ranheim-brann/,e0a56eb1-1c29-4e6d-9f6a-44e813c1e434,2018-04-25_ranheim-brann.json
2018-04-29,Sandefjord,Brann,0-1,Eliteserien,2018,/2018/04/29/sandefjord-brann/,9bd51cf6-971e-4442-8f22-9471bd5fea0b,2018-04-29_sandefjord-brann.json
2018-05-02,Sotra,Brann,0-4,Cupen,2018,/2018/05/02/sotra-brann/,0d888ba3-4871-4317-bf9a-ed804e99e1ba,2018-05-02_sotra-brann.json
2018-05-06,Brann,Tromsø,3-0,Eliteserien,2018,/2018/05/06/brann-tromso/,44064aa5-866c-4627-b647-508cecb38551,2018-05-06_brann-tromso.json
2018-05-09,Fyllingsdalen,Brann,0-1,Cupen,2018,/2018/05/09/fyllingsdalen-brann/,f4cbb01f-89b3-4f2f-bfa7-55f5032aaecf,2018-05-09_fyllingsdalen-brann.json
2018-05-12,Start,Brann,0-1,Eliteserien,2018,/2018/05/12/start-brann/,006afd90-28b3-4fc7-98bb-f57f16028535,2018-05-12_start-brann.json
2018-05-16,Brann,Haugesund,1-1,Eliteserien,2018,/2018/05/16/brann-haugesund/,3bb6039c-9eb0-4771-b34a-4dde76c0b085,2018-05-16_brann-haugesund.json
2018-05-21,Lillestrøm,Brann,1-1,Eliteserien,2018,/2018/05/21/lsk-brann/,cbb5f66d-7cb5-4cc5-a4f0-022144a8b9db,2018-05-21_lsk-brann.json
2018-05-27,Rosenborg,Brann,1-2,Eliteserien,2018,/2018/05/27/rbk-brann/,ac52bf52-438d-4da6-989d-afe9c49933d3,2018-05-27_rbk-brann.json
2018-05-30,Lillestrøm,Brann,4-1,Cupen,2018,/2018/05/30/lsk-brann/,7ac87918-2e29-4241-a461-fc2ddd22e0de,2018-05-30_lsk-brann.json
2018-06-10,Brann,Vålerenga,0-0,Eliteserien,2018,/2018/06/10/brann-vif/,fdff4322-1701-4383-adcc-2efbafd6f9a8,2018-06-10_brann-vif.json
2018-06-25,Odd,Brann,0-1,Eliteserien,2018,/2018/06/25/odd-brann/,840b06ac-88d5-44ce-a466-61b116937eeb,2018-06-25_odd-brann.json
2018-07-01,Brann,Molde,0-4,Eliteserien,2018,/2018/07/01/brann-molde/,39bf825c-b248-4503-a68d-3ec0e2876553,2018-07-01_brann-molde.json
2018-07-08,Bodø/Glimt,Brann,2-2,Eliteserien,2018,/2018/07/08/glimt-brann/,7f931286-0cde-4c52-b52a-b9db6ad45c56,2018-07-08_glimt-brann.json
2018-08-06,Brann,Start,4-1,Eliteserien,2018,/2018/08/06/brann-start/,ef019c49-1cdd-4c38-a059-158a517e0082,2018-08-06_brann-start.json
2018-08-12,Molde,Brann,5-1,Eliteserien,2018,/2018/08/12/molde-brann/,0f753ee0-93be-42f3-a7c2-7d7130645a92,2018-08-12_molde-brann.json
2018-08-19,Brann,Sarpsborg 08,2-0,Eliteserien,2018,/2018/08/19/brann-sarpsborg/,38e01825-62d8-4424-8811-fdf86e9e53c7,2018-08-19_brann-sarpsborg.json
2018-08-26,Vålerenga,Brann,2-0,Eliteserien,2018,/2018/08/26/vif-brann/,89a66221-ad14-4ad2-b768-ca13f2c2474b,2018-08-26_vif-brann.json
2018-09-02,Brann,Ranheim,1-0,Eliteserien,2018,/2018/09/02/brann-ranheim/,6692a5cf-31ef-42fb-a741-23f6d72695bc,2018-09-02_brann-ranheim.json
2018-09-15,Haugesund,Brann,1-3,Eliteserien,2018,/2018/09/15/haugesund-brann/,7ddd6e28-cf7c-4208-acc0-1f3394331c3f,2018-09-15_haugesund-brann.json
2018-09-23,Brann,Sandefjord,1-1,Eliteserien,2018,/2018/09/23/brann-sandefjord/,ed0b6343-ed15-4090-9fe2-aa02044a18e0,2018-09-23_brann-sandefjord.json
2018-10-01,Tromsø,Brann,2-1,Eliteserien,2018,/2018/10/01/tromso-brann/,7badf177-5a5b-44fd-8576-58509c9fe7fd,2018-10-01_tromso-brann.json
2018-10-07,Brann,Lillestrøm,1-1,Eliteserien,2018,/2018/10/07/brann-lsk/,18337291-38bd-4fd7-a1eb-e2d1a47fa9ea,2018-10-07_brann-lsk.json
2018-10-21,Stabæk,Brann,1-2,Eliteserien,2018,/2018/10/21/stabaek-brann/,c34e2ecd-7a7d-4e2c-a92b-629c11241326,2018-10-21_stabaek-brann.json
2018-10-28,Brann,Rosenborg,1-2,Eliteserien,2018,/2018/10/28/brann-rbk/,cbfab2cf-83a4-4564-a41f-612bf6d58d1d,2018-10-28_brann-rbk.json
2018-11-04,Brann,Strømsgodset,3-1,Eliteserien,2018,/2018/11/04/brann-stromsgodset/,95a5b35e-9c00-48f4-9b61-df00e532ffda,2018-11-04_brann-stromsgodset.json
2018-11-11,Kristiansund BK,Brann,3-1,Eliteserien,2018,/2018/11/11/kristiansund-bk-brann/,1424f442-0efa-47ac-a930-f7bbec956bf4,2018-11-11_kristiansund-bk-brann.json
2018-11-24,Brann,Odd,1-0,Eliteserien,2018,/2018/11/24/brann-odd/,f2251eef-289d-4ec2-9cc7-4f2f5c9ddc64,2018-11-24_brann-odd.json
2019-03-30,Odd,Brann,3-2,Eliteserien,2019,/2019/03/30/odd-brann/,2cc39df9-e3a6-45b8-9a23-e9955884f6d6,2019-03-30_odd-brann.json
2019-04-07,Brann,Strømsgodset,1-1,Eliteserien,2019,/2019/04/07/brann-stromsgodset/,359a137c-6186-4097-b3e7-bc8fd3edc3dd,2019-04-07_brann-stromsgodset.json
2019-04-10,Brann,Kristiansund BK,2-1,Eliteserien,2019,/2019/04/10/brann-kristiansund-bk/,e3cc5d8a-58b1-44c8-a66e-f3a60daaa435,2019-04-10_brann-kristiansund-bk.json
2019-04-13,Viking,Brann,2-1,Eliteserien,2019,/2019/04/13/viking-brann/,b83b1970-f56c-4279-b401-e4ad8ceb2b7d,2019-04-13_viking-brann.json
2019-04-22,Brann,Vålerenga,1-1,Eliteserien,2019,/2019/04/22/brann-vif/,7b31c328-5b78-417f-87d8-2a7751971acf,2019-04-22_brann-vif.json
2019-04-28,Tromsø,Brann,1-2,Eliteserien,2019,/2019/04/28/tromso-brann/,e8a39004-af1a-41a4-9daf-56d269eaa76c,2019-04-28_tromso-brann.json
2019-05-01,Arna-Bjørnar,Brann,1-6,Cupen,2019,/2019/05/01/arna-bjornar-brann/,2f8be8af-4aaa-403d-8657-083a504644d8,2019-05-01_arna-bjornar-brann.json
2019-05-05,Brann,Ranheim,0-1,Eliteserien,2019,/2019/05/05/brann-ranheim/,fbf340a1-9c81-4e93-9eaa-e267b7583ccd,2019-05-05_brann-ranheim.json
2019-05-12,Stabæk,Brann,0-1,Eliteserien,2019,/2019/05/12/stabaek-brann/,1a860573-374b-49d6-9e9f-3a0c99b5aa75,2019-05-12_stabaek-brann.json
2019-05-16,Brann,Sarpsborg 08,2-1,Eliteserien,2019,/2019/05/16/brann-sarpsborg/,9e53ffd5-e706-4fdf-bc11-5740f15b6edf,2019-05-16_brann-sarpsborg.json
2019-05-19,Bodø/Glimt,Brann,1-2,Eliteserien,2019,/2019/05/19/glimt-brann/,4fd73d29-1801-43ea-a1c1-01763c2bc2b5,2019-05-19_glimt-brann.json
2019-05-23,Åsane,Brann,0-2,Cupen,2019,/2019/05/23/asane-brann/,f4b0fad1-9e9c-4844-858a-12c0080e6efc,2019-05-23_asane-brann.json
2019-05-26,Brann,Rosenborg,0-1,Eliteserien,2019,/2019/05/26/brann-rbk/,5b2e2c78-1913-4be0-a2d7-8d083a28803f,2019-05-26_brann-rbk.json
2019-06-15,Haugesund,Brann,1-1,Eliteserien,2019,/2019/06/15/haugesund-brann/,fb3c16f2-2c02-41c7-9e93-47ba228dc88f,2019-06-15_haugesund-brann.json
2019-06-19,Sogndal,Brann,1-2,Cupen,2019,/2019/06/19/sogndal-brann/,93e45fca-33b2-4d1c-a94c-babedf73d398,2019-06-19_sogndal-brann.json
2019-06-23,Brann,Lillestrøm,1-0,Eliteserien,2019,/2019/06/23/brann-lsk/,0e6d2801-5fda-42b8-a555-ced2e6f2cd98,2019-06-23_brann-lsk.json
2019-06-26,Ranheim,Brann,4-0,Cupen,2019,/2019/06/26/ranheim-brann/,46871933-6931-4901-bdfd-a26adb8d23f9,2019-06-26_ranheim-brann.json
2019-06-30,Molde,Brann,1-1,Eliteserien,2019,/2019/06/30/molde-brann/,19de1ca8-6a53-4450-955f-e9eb925a947a,2019-06-30_molde-brann.json
2019-07-05,Brann,Mjøndalen,0-0,Eliteserien,2019,/2019/07/05/brann-mjondalen/,f261416b-5fbd-4a70-9d4f-5d4cabe097ae,2019-07-05_brann-mjondalen.json
2019-07-11,Brann,Shamrock Rovers,2-2,Europa League,2019,/2019/07/11/brann-shamrock-rovers/,5a752653-03f1-4b8c-8907-c2a3d82c686e,2019-07-11_brann-shamrock-rovers.json
2019-07-18,Shamrock Rovers,Brann,2-1,Europa League,2019,/2019/07/18/shamrock-rovers-brann/,44e997b0-da18-4fe8-9fc8-d8cc6d47e6c2,2019-07-18_shamrock-rovers-brann.json
2019-07-21,Brann,Stabæk,2-1,Eliteserien,2019,/2019/07/21/brann-stabaek/,2219618a-9447-4d40-a736-689c58af0df3,2019-07-21_brann-stabaek.json
2019-08-04,Ranheim,Brann,0-3,Eliteserien,2019,/2019/08/04/ranheim-brann/,9f3f2aee-c8d4-4061-a1ec-758b8dd90860,2019-08-04_ranheim-brann.json
2019-08-18,Mjøndalen,Brann,2-1,Eliteserien,2019,/2019/08/18/mjondalen-brann/,54d7b0fd-d3d3-4ef4-b0ae-1fa2e5214418,2019-08-18_mjondalen-brann.json
2019-08-25,Brann,Tromsø,2-3,Eliteserien,2019,/2019/08/25/brann-tromso/,4dbc134f-7ccb-4ec5-a4d5-a9f98a679f1b,2019-08-25_brann-tromso.json
2019-09-01,Lillestrøm,Brann,1-3,Eliteserien,2019,/2019/09/01/lsk-brann/,f88798cc-5c31-4a27-b272-cfd4d293848c,2019-09-01_lsk-brann.json
2019-09-15,Kristiansund BK,Brann,1-0,Eliteserien,2019,/2019/09/15/kristiansund-bk-brann/,9dcea44c-70e5-47e6-bf0c-77adbbb6d209,2019-09-15_kristiansund-bk-brann.json
2019-09-21,Brann,Haugesund,0-0,Eliteserien,2019,/2019/09/21/brann-haugesund/,933fa93e-d61a-4ab4-9b6f-fdf0f8988d20,2019-09-21_brann-haugesund.json
2019-09-28,Rosenborg,Brann,0-0,Eliteserien,2019,/2019/09/28/rbk-brann/,536baccc-a765-412c-b3c8-70297a81f98e,2019-09-28_rbk-brann.json
2019-10-06,Brann,Molde,0-0,Eliteserien,2019,/2019/10/06/brann-molde/,af731b03-ba3d-4a38-a981-1bc24b314f4c,2019-10-06_brann-molde.json
2019-10-20,Sarpsborg 08,Brann,1-1,Eliteserien,2019,/2019/10/20/sarpsborg-brann/,c08f80aa-8fac-4e0c-a3e6-2145f3c944ef,2019-10-20_sarpsborg-brann.json
2019-10-28,Brann,Bodø/Glimt,1-1,Eliteserien,2019,/2019/10/28/brann-glimt/,a5818663-9679-4858-8f55-c9d59fbfb348,2019-10-28_brann-glimt.json
2019-11-03,Vålerenga,Brann,1-0,Eliteserien,2019,/2019/11/03/vif-brann/,12c5fc94-7fdb-40f2-acb6-7ddb3d8c5b7b,2019-11-03_vif-brann.json
2019-11-08,Brann,Odd,1-0,Eliteserien,2019,/2019/11/08/brann-odd/,09a78b09-b144-4238-9fe6-2cad1c19be32,2019-11-08_brann-odd.json
2019-11-24,Strømsgodset,Brann,6-0,Eliteserien,2019,/2019/11/24/stromsgodset-brann/,e393eb46-4383-4c37-8865-5e3b2c1e070c,2019-11-24_stromsgodset-brann.json
2019-12-01,Brann,Viking,1-5,Eliteserien,2019,/2019/12/01/brann-viking/,11fc2117-c240-45c8-aa27-d7a1dc7ad097,2019-12-01_brann-viking.json
2020-06-17,Haugesund,Brann,1-2,Eliteserien,2020,/2020/06/17/haugesund-brann/,91f36673-330f-4d50-8320-386004d8aa9e,2020-06-17_haugesund-brann.json
2020-06-21,Brann,Viking,3-0,Eliteserien,2020,/2020/06/21/brann-viking/,b80f387c-a8cf-42a5-bb42-aa9e5f8c3b87,2020-06-21_brann-viking.json
2020-06-24,Aalesund,Brann,2-2,Eliteserien,2020,/2020/06/24/aalesund-brann/,1d869e3e-8f61-42cb-ad3f-19a6c44d31ba,2020-06-24_aalesund-brann.json
2020-06-28,Brann,Rosenborg,1-2,Eliteserien,2020,/2020/06/28/brann-rbk/,fc2614e2-94b5-4bd3-a949-50a25da70ee8,2020-06-28_brann-rbk.json
2020-07-02,Sarpsborg 08,Brann,0-1,Eliteserien,2020,/2020/07/02/sarpsborg-brann/,5b22fe95-7b01-452c-aacc-a8ecd1e975df,2020-07-02_sarpsborg-brann.json
2020-07-05,Bodø/Glimt,Brann,5-0,Eliteserien,2020,/2020/07/05/glimt-brann/,b01648ff-4239-48b8-8b15-9f6f2e2d18f2,2020-07-05_glimt-brann.json
2020-07-12,Brann,Sandefjord,3-1,Eliteserien,2020,/2020/07/12/brann-sandefjord/,ad7026d3-929e-4dea-9d4c-3e55965ad0ae,2020-07-12_brann-sandefjord.json
2020-07-15,Odd,Brann,1-0,Eliteserien,2020,/2020/07/15/odd-brann/,85702c4e-0596-40ae-86cd-c6be39b95f6d,2020-07-15_odd-brann.json
2020-07-19,Brann,Start,1-1,Eliteserien,2020,/2020/07/19/brann-start/,630b1702-84cd-4abd-96f5-e8cf3e56b7db,2020-07-19_brann-start.json
2020-07-25,Brann,Kristiansund BK,1-1,Eliteserien,2020,/2020/07/25/brann-kristiansund-bk/,ea88a350-02fb-4ff7-a844-733c8d89e7b3,2020-07-25_brann-kristiansund-bk.json
2020-07-29,Strømsgodset,Brann,3-1,Eliteserien,2020,/2020/07/29/stromsgodset-brann/,91a82a9b-dbd4-460d-bec7-fde877fc7af7,2020-07-29_stromsgodset-brann.json
2020-08-01,Brann,Vålerenga,1-2,Eliteserien,2020,/2020/08/01/brann-vif/,34d9810c-515f-4d4d-8d84-98b0d94d8329,2020-08-01_brann-vif.json
2020-08-10,Molde,Brann,1-2,Eliteserien,2020,/2020/08/10/molde-brann/,2d947d99-1158-441e-b67f-b4d5c63cc091,2020-08-10_molde-brann.json
2020-08-16,Brann,Mjøndalen,0-1,Eliteserien,2020,/2020/08/16/brann-mjondalen/,a69789a0-4aa7-42eb-88c1-ba08939d1a88,2020-08-16_brann-mjondalen.json
2020-08-24,Stabæk,Brann,0-2,Eliteserien,2020,/2020/08/24/stabaek-brann/,c33e7201-364a-452d-9655-2ae3ab3c4d65,2020-08-24_stabaek-brann.json
2020-08-29,Brann,Strømsgodset,1-1,Eliteserien,2020,/2020/08/29/brann-stromsgodset/,d71c49e1-e5d3-42d7-b31d-29569dd75397,2020-08-29_brann-stromsgodset.json
2020-09-13,Vålerenga,Brann,5-1,Eliteserien,2020,/2020/09/13/vif-brann/,9dcb22e1-acaa-4fab-8b49-ee4208a2193d,2020-09-13_vif-brann.json
2020-09-20,Brann,Bodø/Glimt,1-3,Eliteserien,2020,/2020/09/20/brann-glimt/,ef736738-22fb-4a18-82df-886cfdaba09a,2020-09-20_brann-glimt.json
2020-09-27,Kristiansund BK,Brann,1-1,Eliteserien,2020,/2020/09/27/kristiansund-bk-brann/,03d91391-a306-45a4-94e3-a53da0eb3002,2020-09-27_kristiansund-bk-brann.json
2020-10-04,Brann,Molde,1-2,Eliteserien,2020,/2020/10/04/brann-molde/,7941426c-52f7-4bf8-9228-f2dfe1b3ba6b,2020-10-04_brann-molde.json
2020-10-17,Mjøndalen,Brann,2-0,Eliteserien,2020,/2020/10/17/mjondalen-brann/,c4d49219-bc6f-424a-a365-aab984983693,2020-10-17_mjondalen-brann.json
2020-10-24,Brann,Stabæk,1-1,Eliteserien,2020,/2020/10/24/brann-stabaek/,f79cc903-8689-4810-86c7-0a73d4a10ccb,2020-10-24_brann-stabaek.json
2020-11-01,Sandefjord,Brann,3-3,Eliteserien,2020,/2020/11/01/sandefjord-brann/,724a92e7-6e2f-4ea3-bfd1-6ad2d9047bda,2020-11-01_sandefjord-brann.json
2020-11-07,Brann,Haugesund,1-2,Eliteserien,2020,/2020/11/07/brann-haugesund/,d4508278-f12e-4a9d-9f66-b981c70fa394,2020-11-07_brann-haugesund.json
2020-11-24,Rosenborg,Brann,2-3,Eliteserien,2020,/2020/11/24/rbk-brann/,e77630f9-fdae-4f57-bd95-ffb6b1eadcb9,2020-11-24_rbk-brann.json
2020-11-28,Brann,Aalesund,3-1,Eliteserien,2020,/2020/11/28/brann-aalesund/,f2b91070-2821-4864-a4d5-90c1d9abd22a,2020-11-28_brann-aalesund.json
2020-12-02,Viking,Brann,2-0,Eliteserien,2020,/2020/12/02/viking-brann/,a1e0b470-6aff-42f9-8a3a-34b2467db826,2020-12-02_viking-brann.json
2020-12-06,Brann,Sarpsborg 08,1-1,Eliteserien,2020,/2020/12/06/brann-sarpsborg/,38a92065-0da6-4f4c-adc7-fcdc69d71560,2020-12-06_brann-sarpsborg.json
2020-12-09,Start,Brann,1-1,Eliteserien,2020,/2020/12/09/start-brann/,616ebf9a-ce53-459c-a4e3-92d551b6d6fc,2020-12-09_start-brann.json
2020-12-22,Brann,Odd,2-1,Eliteserien,2020,/2020/12/22/brann-odd/,3ab0497e-12d1-4df9-9316-4560461f3b17,2020-12-22_brann-odd.json
2021-05-09,Viking,Brann,3-1,Eliteserien,2021,/2021/05/09/viking-brann/,0da2ec03-2bd3-43cc-8ba0-c722e1a729f0,2021-05-09_viking-brann.json
2021-05-12,Brann,Vålerenga,0-3,Eliteserien,2021,/2021/05/12/brann-vif/,e848b512-ed73-4d93-8168-257412a289a3,2021-05-12_brann-vif.json
2021-05-16,Molde,Brann,4-0,Eliteserien,2021,/2021/05/16/molde-brann/,d8d62fb9-ba5c-4916-9fea-d0e58fbb9b20,2021-05-16_molde-brann.json
2021-05-20,Rosenborg,Brann,3-2,Eliteserien,2021,/2021/05/20/rbk-brann/,b68dfbfa-fa51-4b2f-8559-fa1c4cfd3414,2021-05-20_rbk-brann.json
2021-05-24,Brann,Bodø/Glimt,1-2,Eliteserien,2021,/2021/05/24/brann-glimt/,3a75c2d0-5ae1-48a1-a754-0c404b51541b,2021-05-24_brann-glimt.json
2021-05-27,Stabæk,Brann,2-0,Eliteserien,2021,/2021/05/27/stabaek-brann/,445fa2de-c480-4e39-8dd0-2d14de7e7ba7,2021-05-27_stabaek-brann.json
2021-05-30,Brann,Strømsgodset,3-0,Eliteserien,2021,/2021/05/30/brann-stromsgodset/,e05927a1-177a-4434-a81c-89b8df090f67,2021-05-30_brann-stromsgodset.json
2021-06-13,Sarpsborg 08,Brann,0-0,Eliteserien,2021,/2021/06/13/sarpsborg-brann/,ae846cb2-c2dc-486f-9a2b-45e6f4e34775,2021-06-13_sarpsborg-brann.json
2021-06-20,Brann,Odd,1-3,Eliteserien,2021,/2021/06/20/brann-odd/,7846cc3b-8795-45e7-819f-1fffb8dfe5a6,2021-06-20_brann-odd.json
2021-06-24,Haugesund,Brann,1-0,Eliteserien,2021,/2021/06/24/haugesund-brann/,1b4a5b80-a455-450a-a7dd-23eb62b16e83,2021-06-24_haugesund-brann.json
2021-06-30,Brann,Lillestrøm,1-1,Eliteserien,2021,/2021/06/30/brann-lsk/,98b55a32-7f14-49e6-9054-7c0a3655fc2f,2021-06-30_brann-lsk.json
2021-07-05,Kristiansund BK,Brann,3-2,Eliteserien,2021,/2021/07/05/kristiansund-bk-brann/,a321b713-ebd3-4ce2-a6fd-72ee6a3b76ad,2021-07-05_kristiansund-bk-brann.json
2021-07-10,Brann,Tromsø,1-1,Eliteserien,2021,/2021/07/10/brann-tromso/,03590f85-1f77-45d0-806f-0cfd0c66e720,2021-07-10_brann-tromso.json
2021-07-18,Brann,Mjøndalen,1-1,Eliteserien,2021,/2021/07/18/brann-mjondalen/,a2dd6dd8-0f9f-4cb6-a34e-57961c074519,2021-07-18_brann-mjondalen.json
2021-07-24,Bjarg,Brann,0-5,Cupen,2021,/2021/07/24/bjarg-brann/,716ef959-04b3-4ee5-b5ff-681728eaaf0b,2021-07-24_bjarg-brann.json
2021-08-01,Fana,Brann,0-3,Cupen,2021,/2021/08/01/fana-brann/,916d472d-6b10-4a7f-9a09-77165bd8de9c,2021-08-01_fana-brann.json
2021-08-15,Brann,Sandefjord,3-2,Eliteserien,2021,/2021/08/15/brann-sandefjord/,24d50019-804a-4158-a9d4-74c165cb3c19,2021-08-15_brann-sandefjord.json
2021-08-21,Strømsgodset,Brann,3-1,Eliteserien,2021,/2021/08/21/stromsgodset-brann/,6dc63cca-4c20-4792-8cb8-bd82b2b36628,2021-08-21_stromsgodset-brann.json
2021-08-28,Brann,Haugesund,1-3,Eliteserien,2021,/2021/08/28/brann-haugesund/,15f45cc8-f1bf-4f85-90d5-eff554da28cc,2021-08-28_brann-haugesund.json
2021-09-11,Lillestrøm,Brann,2-3,Eliteserien,2021,/2021/09/11/lsk-brann/,a7ed7e9f-40bc-4f98-8fd6-bf83291bd754,2021-09-11_lsk-brann.json
2021-09-19,Tromsø,Brann,1-1,Eliteserien,2021,/2021/09/19/tromso-brann/,bc747d8d-d9fb-48ce-bbb3-def7f6abf747,2021-09-19_tromso-brann.json
2021-09-22,Harstad,Brann,0-5,Cupen,2021,/2021/09/22/harstad-brann/,24031dea-7e2b-4c40-9190-1c9e82d96639,2021-09-22_harstad-brann.json
2021-09-26,Brann,Kristiansund BK,3-1,Eliteserien,2021,/2021/09/26/brann-kristiansund-bk/,f17f9248-5273-4322-84e7-afb8f41abae0,2021-09-26_brann-kristiansund-bk.json
2021-10-03,Mjøndalen,Brann,1-1,Eliteserien,2021,/2021/10/03/mjondalen-brann/,5addedde-11c9-4fa7-af39-8a171330767c,2021-10-03_mjondalen-brann.json
2021-10-17,Brann,Stabæk,1-1,Eliteserien,2021,/2021/10/17/brann-stabaek/,aa96bad9-9400-4429-9dad-3a11d5fab96e,2021-10-17_brann-stabaek.json
2021-10-24,Odd,Brann,3-3,Eliteserien,2021,/2021/10/24/odd-brann/,3992bcab-02e8-4fbf-a36a-d8febcde2247,2021-10-24_odd-brann.json
2021-10-28,Brann,Viking,0-2,Eliteserien,2021,/2021/10/28/brann-viking/,494537af-1e4b-4a68-b930-5ef32d2b627f,2021-10-28_brann-viking.json
2021-10-31,Vålerenga,Brann,1-0,Eliteserien,2021,/2021/10/31/vif-brann/,0a6197c8-a887-4758-8f67-2db395d6cfb0,2021-10-31_vif-brann.json
2021-11-06,Brann,Rosenborg,2-2,Eliteserien,2021,/2021/11/06/brann-rbk/,120a06d3-d4f7-447b-89bc-83f6f940c555,2021-11-06_brann-rbk.json
2021-11-21,Sandefjord,Brann,2-2,Eliteserien,2021,/2021/11/21/sandefjord-brann/,a076cfc8-0a2b-4e6f-b3df-0b7929a36676,2021-11-21_sandefjord-brann.json
2021-11-28,Brann,Molde,0-1,Eliteserien,2021,/2021/11/28/brann-molde/,cc34ee28-161b-481a-86b4-699cb1a6f53f,2021-11-28_brann-molde.json
2021-12-05,Bodø/Glimt,Brann,2-2,Eliteserien,2021,/2021/12/05/glimt-brann/,dfb7f5d9-212f-4db2-9d6c-27804ef2de27,2021-12-05_glimt-brann.json
2021-12-12,Brann,Sarpsborg 08,2-1,Eliteserien,2021,/2021/12/12/brann-sarpsborg/,6fab1546-951a-4ff1-814b-141e59a09cf0,2021-12-12_brann-sarpsborg.json
2021-12-15,Brann,Jerv,4-4,Kvalifisering,2021,/2021/12/15/brann-jerv/,3bc67248-cf7a-4a5c-a216-9db075e433a2,2021-12-15_brann-jerv.json
2022-03-12,KFUM,Brann,1-0,Cupen,2021,/2022/03/12/kfum-brann/,79770b6d-ee70-545f-80a2-b1e85641a5f6,2022-03-12_kfum-brann.json
2022-04-03,Ranheim,Brann,0-4,OBOS-ligaen,2022,/2022/04/03/ranheim-brann/,4eea5d73-b760-4dba-909c-c083ed118141,2022-04-03_ranheim-brann.json
2022-04-09,Brann,Åsane,1-1,OBOS-ligaen,2022,/2022/04/09/brann-asane/,a01b2649-dec0-4eac-b9c3-ba210a37ca89,2022-04-09_brann-asane.json
2022-04-19,Skeid,Brann,2-3,OBOS-ligaen,2022,/2022/04/19/skeid-brann/,dd61f149-b108-47ac-b1b7-a68ad280e95f,2022-04-19_skeid-brann.json
2022-04-23,Brann,Sogndal,1-1,OBOS-ligaen,2022,/2022/04/23/brann-sogndal/,cc313b99-18e5-4598-bf0a-4e25fbf4510b,2022-04-23_brann-sogndal.json
2022-05-09,KFUM,Brann,1-5,OBOS-ligaen,2022,/2022/05/09/kfum-brann/,baac5cf9-91c2-4a48-ab53-4944fc4beb5e,2022-05-09_kfum-brann.json
2022-05-16,Brann,Sandnes Ulf,3-0,OBOS-ligaen,2022,/2022/05/16/brann-ulf/,dac10c01-c0d9-4bf4-a1cd-6e734d556c80,2022-05-16_brann-ulf.json
2022-05-18,Voss,Brann,0-7,Cupen,2022,/2022/05/18/voss-brann/,2ae06bbf-dc3d-48c1-8a3e-0859599a011d,2022-05-18_voss-brann.json
2022-05-21,Brann,Fredrikstad,3-0,OBOS-ligaen,2022,/2022/05/21/brann-fredrikstad/,95360008-0f91-47e6-adf2-6b371c18dd85,2022-05-21_brann-fredrikstad.json
2022-05-26,Kongsvinger,Brann,1-3,OBOS-ligaen,2022,/2022/05/26/kongsvinger-brann/,35d9c1e2-3272-4a62-b73e-ae877410cda8,2022-05-26_kongsvinger-brann.json
2022-05-30,Brann,Mjøndalen,7-0,OBOS-ligaen,2022,/2022/05/30/brann-mjondalen/,fe49e94e-229b-4285-ae2c-11ab169ef50c,2022-05-30_brann-mjondalen.json
2022-06-19,Stjørdals-Blink,Brann,1-2,OBOS-ligaen,2022,/2022/06/19/stjordals-blink-brann/,5991bc07-4ed3-4ebd-a96d-d8ca01daee27,2022-06-19_stjordals-blink-brann.json
2022-06-22,Os,Brann,1-6,Cupen,2022,/2022/06/22/os-brann/,2f08de8e-d5e9-41b3-9111-6a13dcf5c0e7,2022-06-22_os-brann.json
2022-06-27,Grorud,Brann,0-2,OBOS-ligaen,2022,/2022/06/27/grorud-brann/,0e6cb4ab-098e-47dc-afc8-8dc781565a0c,2022-06-27_grorud-brann.json
2022-06-30,Brann,Fredrikstad,6-0,Cupen,2022,/2022/06/30/brann-fredrikstad/,52e8bc3c-1d51-48bf-a1ee-961674710648,2022-06-30_brann-fredrikstad.json
2022-07-04,Brann,Bryne,2-1,OBOS-ligaen,2022,/2022/07/04/brann-bryne/,b3ca062a-1a69-443c-88a0-ad105d51c4c2,2022-07-04_brann-bryne.json
2022-07-07,Start,Brann,0-2,OBOS-ligaen,2022,/2022/07/07/start-brann/,942c1639-77b8-4f67-889e-34e42f20b8f7,2022-07-07_start-brann.json
2022-07-10,Brann,Stabæk,1-1,OBOS-ligaen,2022,/2022/07/10/brann-stabaek/,5bf74508-1fc0-46e9-95a5-9d419f44b5d2,2022-07-10_brann-stabaek.json
2022-07-18,Raufoss,Brann,0-5,OBOS-ligaen,2022,/2022/07/18/raufoss-brann/,ff7d8f65-07cb-4d38-b6cd-3f72b07c2766,2022-07-18_raufoss-brann.json
2022-07-25,Brann,Kongsvinger,3-0,OBOS-ligaen,2022,/2022/07/25/brann-kongsvinger/,76fe6a29-2707-4b5c-a254-aea6f04c8762,2022-07-25_brann-kongsvinger.json
2022-07-31,Bryne,Brann,1-5,OBOS-ligaen,2022,/2022/07/31/bryne-brann/,ccb7c07e-b9eb-4d87-b9e8-92850877ff39,2022-07-31_bryne-brann.json
2022-08-04,Brann,Start,1-0,OBOS-ligaen,2022,/2022/08/04/brann-start/,b88d3151-ab94-42bd-8ca5-ec7e9fc826bb,2022-08-04_brann-start.json
2022-08-07,Stabæk,Brann,1-2,OBOS-ligaen,2022,/2022/08/07/stabaek-brann/,0e0af101-9e18-484f-841e-5ea17cd62ce6,2022-08-07_stabaek-brann.json
2022-08-14,Brann,Raufoss,3-0,OBOS-ligaen,2022,/2022/08/14/brann-raufoss/,4ac71cf3-46d9-4288-9a82-043ebafd3748,2022-08-14_brann-raufoss.json
2022-08-20,Sogndal,Brann,0-4,OBOS-ligaen,2022,/2022/08/20/sogndal-brann/,d36cf9e5-dc3b-411f-b073-416619e1037a,2022-08-20_sogndal-brann.json
2022-08-29,Brann,Ranheim,5-0,OBOS-ligaen,2022,/2022/08/29/brann-ranheim/,0f13bd2a-16e2-4615-8948-3efef2e9f8c7,2022-08-29_brann-ranheim.json
2022-09-03,Åsane,Brann,0-2,OBOS-ligaen,2022,/2022/09/03/asane-brann/,3f908398-bb6a-4e1b-bfb3-429ff61860a6,2022-09-03_asane-brann.json
2022-09-12,Brann,Grorud,7-0,OBOS-ligaen,2022,/2022/09/12/brann-grorud/,62209303-a43e-42d1-bb92-5e7f8438224c,2022-09-12_brann-grorud.json
2022-09-17,Sandnes Ulf,Brann,0-3,OBOS-ligaen,2022,/2022/09/17/ulf-brann/,056cfc27-6d23-466e-b8d9-bdff9f4dedaf,2022-09-17_ulf-brann.json
2022-10-02,Brann,Stjørdals-Blink,5-0,OBOS-ligaen,2022,/2022/10/02/brann-stjordals-blink/,ef46fe46-7349-4394-a9c0-89cf22e7fb0c,2022-10-02_brann-stjordals-blink.json
2022-10-08,Mjøndalen,Brann,3-1,OBOS-ligaen,2022,/2022/10/08/mjondalen-brann/,eb8239ac-532e-44cc-a2f9-202cc92082b2,2022-10-08_mjondalen-brann.json
2022-10-17,Brann,Skeid,3-0,OBOS-ligaen,2022,/2022/10/17/brann-skeid/,d531b645-a925-4ad2-9c4f-e03b0f2a3c6c,2022-10-17_brann-skeid.json
2022-10-22,Fredrikstad,Brann,1-3,OBOS-ligaen,2022,/2022/10/22/fredrikstad-brann/,22d07a73-351c-4c40-b9ff-197b3f84fe84,2022-10-22_fredrikstad-brann.json
2022-10-29,Brann,KFUM,4-1,OBOS-ligaen,2022,/2022/10/29/brann-kfum/,8339911a-086f-40ec-99ab-59b9c6ac7314,2022-10-29_brann-kfum.json
2023-03-12,Brann,Haugesund,3-1,Cupen,2022,/2023/03/12/brann-haugesund/,4f6b405e-6769-492e-8b8e-c22651c84309,2023-03-12_brann-haugesund.json
2023-03-19,Brann,Sandefjord,3-0,Cupen,2022,/2023/03/19/brann-sandefjord/,3f958e41-5b33-4fd4-ac00-1fca4c3ce02c,2023-03-19_brann-sandefjord.json
2023-04-10,Brann,Haugesund,3-0,Eliteserien,2023,/2023/04/10/brann-haugesund/,190d866f-5fcc-43e9-a23c-84c47d4fd3c6,2023-04-10_brann-haugesund.json
2023-04-16,Odd,Brann,2-0,Eliteserien,2023,/2023/04/16/odd-brann/,a0bbea04-b191-4a76-b68a-0f2f4716515a,2023-04-16_odd-brann.json
2023-04-22,Brann,Vålerenga,3-1,Eliteserien,2023,/2023/04/22/brann-vif/,1624cf85-fe44-4967-94b3-769c01ad3e61,2023-04-22_brann-vif.json
2023-04-26,Stabæk,Brann,0-2,Cupen,2022,/2023/04/26/stabaek-brann/,82347ae4-4941-4cac-bfcb-c29b49aefd61,2023-04-26_stabaek-brann.json
2023-04-29,Bodø/Glimt,Brann,2-2,Eliteserien,2023,/2023/04/29/glimt-brann/,c0575b96-18ec-4618-b5f5-00f31ebf9c43,2023-04-29_glimt-brann.json
2023-05-03,Rosenborg,Brann,0-2,Eliteserien,2023,/2023/05/03/rbk-brann/,d881f774-98c0-4ce1-9b56-2c5408b466f0,2023-05-03_rbk-brann.json
2023-05-08,Brann,Sandefjord,0-0,Eliteserien,2023,/2023/05/08/brann-sandefjord/,54bd2cb1-9791-4092-9adb-5414c24d0b42,2023-05-08_brann-sandefjord.json
2023-05-13,Sarpsborg 08,Brann,2-1,Eliteserien,2023,/2023/05/13/sarpsborg-brann/,470286b6-24cb-4133-b726-f30c5a0a0984,2023-05-13_sarpsborg-brann.json
2023-05-16,Brann,Stabæk,4-1,Eliteserien,2023,/2023/05/16/brann-stabaek/,e8f10fdf-5dab-48ac-bf18-691b6d756642,2023-05-16_brann-stabaek.json
2023-05-20,Brann,Lillestrøm,2-0,Cupen,2022,/2023/05/20/brann-lsk/,3e88f558-7b3a-4f15-ba70-96880460b20d,2023-05-20_brann-lsk.json
2023-05-24,Frøya,Brann,0-5,Cupen,2023,/2023/05/24/froya-brann/,8c9ff0dc-d17d-47ed-a38a-3dde930412f3,2023-05-24_froya-brann.json
2023-05-29,Brann,Rosenborg,3-1,Eliteserien,2023,/2023/05/29/brann-rbk/,c9dcc277-4793-4769-a085-ffa330729d76,2023-05-29_brann-rbk.json
2023-06-01,Fjøra,Brann,1-8,Cupen,2023,/2023/06/01/fjora-brann/,d96a0499-089f-42e4-9cf9-7ae4a6aecded,2023-06-01_fjora-brann.json
2023-06-04,Aalesund,Brann,1-3,Eliteserien,2023,/2023/06/04/aalesund-brann/,7c0da74d-94e6-490b-96d1-1b0c361d3a08,2023-06-04_aalesund-brann.json
2023-06-07,Aalesund,Brann,3-3,Cupen,2023,/2023/06/07/aalesund-brann/,e0afd524-3bd6-4712-9e2f-f9ea71dd677e,2023-06-07_aalesund-brann.json
2023-06-11,Brann,Lillestrøm,2-2,Eliteserien,2023,/2023/06/11/brann-lsk/,c84b5a0f-82d6-447b-8d7e-f8e09e85389d,2023-06-11_brann-lsk.json
2023-06-24,Viking,Brann,3-1,Eliteserien,2023,/2023/06/24/viking-brann/,044a0524-3a12-482e-9a79-92abffcbef4e,2023-06-24_viking-brann.json
2023-06-28,Brattvåg,Brann,1-7,Cupen,2023,/2023/06/28/brattvag-brann/,20472330-69b8-4042-9418-7be0bd4b2449,2023-06-28_brattvag-brann.json
2023-07-02,Brann,HamKam,2-1,Eliteserien,2023,/2023/07/02/brann-hamkam/,11c09484-919c-4c86-ad79-511f29db75bb,2023-07-02_brann-hamkam.json
2023-07-09,Molde,Brann,2-0,Eliteserien,2023,/2023/07/09/molde-brann/,5fb5a625-9df9-4b48-b7a1-f417b8c64f56,2023-07-09_molde-brann.json
2023-07-12,Vålerenga,Brann,3-2,Cupen,2023,/2023/07/12/vif-brann/,7859716a-7821-4504-bea1-c685fa579630,2023-07-12_vif-brann.json
2023-07-16,Brann,Strømsgodset,1-0,Eliteserien,2023,/2023/07/16/brann-stromsgodset/,b370d0f2-d520-4bfa-9ec4-40a1e6d918f4,2023-07-16_brann-stromsgodset.json
2023-07-23,Tromsø,Brann,3-1,Eliteserien,2023,/2023/07/23/tromso-brann/,6ac021ef-f0e5-4749-8a5e-f434e5c98e28,2023-07-23_tromso-brann.json
2023-07-30,Brann,Viking,0-2,Eliteserien,2023,/2023/07/30/brann-viking/,17e403f1-99b2-4cbe-bcd1-37d8079e6657,2023-07-30_brann-viking.json
2023-08-06,HamKam,Brann,0-2,Eliteserien,2023,/2023/08/06/hamkam-brann/,ca4e8802-a951-4a13-b03f-01f7b0c24fdb,2023-08-06_hamkam-brann.json
2023-08-10,Arouca,Brann,2-1,Conference League,2023,/2023/08/10/arouca-brann/,2faf36d1-cbe7-400a-b961-5cf3fb28ffe1,2023-08-10_arouca-brann.json
2023-08-17,Brann,Arouca,3-1,Conference League,2023,/2023/08/17/brann-arouca/,ea9fce1c-925d-4de6-bf2e-f7245b907345,2023-08-17_brann-arouca.json
2023-08-20,Brann,Aalesund,5-1,Eliteserien,2023,/2023/08/20/brann-aalesund/,286fd52e-c345-4697-b9bb-c974f78f0382,2023-08-20_brann-aalesund.json
2023-08-24,Alkmaar Zaanstreek,Brann,1-1,Conference League,2023,/2023/08/24/alkmaar-zaanstreek-brann/,69d2c70e-c8df-406f-90fc-21b9b36009e5,2023-08-24_alkmaar-zaanstreek-brann.json
2023-08-31,Brann,Alkmaar Zaanstreek,3-3,Conference League,2023,/2023/08/31/brann-alkmaar-zaanstreek/,f456b08a-d09b-4115-9944-72c2a5393b05,2023-08-31_brann-alkmaar-zaanstreek.json
2023-09-03,Brann,Sarpsborg 08,1-0,Eliteserien,2023,/2023/09/03/brann-sarpsborg/,2190d023-9157-4233-ac8e-0cccf98ebb5d,2023-09-03_brann-sarpsborg.json
2023-09-17,Stabæk,Brann,0-1,Eliteserien,2023,/2023/09/17/stabaek-brann/,9ab2eb5a-70a2-463f-84e0-3b0c5f3abdbe,2023-09-17_stabaek-brann.json
2023-09-24,Brann,Tromsø,2-1,Eliteserien,2023,/2023/09/24/brann-tromso/,6b6684e7-c7ac-4319-8394-399f8cc75cb8,2023-09-24_brann-tromso.json
2023-10-01,Lillestrøm,Brann,0-2,Eliteserien,2023,/2023/10/01/lsk-brann/,acf2de87-5c83-4b16-8eef-d59f0ac137c2,2023-10-01_lsk-brann.json
2023-10-08,Vålerenga,Brann,1-2,Eliteserien,2023,/2023/10/08/vif-brann/,2bc71673-9ce2-4b89-9165-b49a7b6eb0b1,2023-10-08_vif-brann.json
2023-10-21,Brann,Molde,3-2,Eliteserien,2023,/2023/10/21/brann-molde/,573ef99f-895b-45f2-bd43-82eba4b14f2d,2023-10-21_brann-molde.json
2023-10-29,Sandefjord,Brann,1-1,Eliteserien,2023,/2023/10/29/sandefjord-brann/,3fd30896-4276-4fd6-83e4-85d7462b40e5,2023-10-29_sandefjord-brann.json
2023-11-05,Brann,Odd,2-1,Eliteserien,2023,/2023/11/05/brann-odd/,8666c584-cc15-41a6-95cc-c5dae762aeca,2023-11-05_brann-odd.json
2023-11-11,Haugesund,Brann,0-2,Eliteserien,2023,/2023/11/11/haugesund-brann/,b77e8a2c-023c-4556-ad0e-f399e7b780ef,2023-11-11_haugesund-brann.json
2023-11-26,Brann,Bodø/Glimt,4-2,Eliteserien,2023,/2023/11/26/brann-glimt/,46ad5cfe-5920-4bdf-9d72-8d8ad4705cf3,2023-11-26_brann-glimt.json
2023-12-03,Strømsgodset,Brann,3-0,Eliteserien,2023,/2023/12/03/stromsgodset-brann/,3243c405-c979-4346-9f56-e1eff0b38574,2023-12-03_stromsgodset-brann.json
2024-04-01,Tromsø,Brann,2-4,Eliteserien,2024,/2024/04/01/tromso-brann/,de24c142-2f2f-48d2-bc01-4ab6b8bc8391,2024-04-01_tromso-brann.json
2024-04-07,Brann,Fredrikstad,0-2,Eliteserien,2024,/2024/04/07/brann-fredrikstad/,84cd96cc-5e5c-4ab1-895b-ada045c859d1,2024-04-07_brann-fredrikstad.json
2024-04-11,Lyngbø,Brann,1-7,Cupen,2024,/2024/04/11/lyngbo-brann/,a194dbd1-bada-44f8-999a-e68bf36ad1e4,2024-04-11_lyngbo-brann.json
2024-04-14,Viking,Brann,1-1,Eliteserien,2024,/2024/04/14/viking-brann/,6fc9761e-4ff9-4ddc-9421-c8c574cd9910,2024-04-14_viking-brann.json
2024-04-17,Brann,HamKam,1-0,Eliteserien,2024,/2024/04/17/brann-hamkam/,a1831155-4d96-4133-b878-6ae841da36fa,2024-04-17_brann-hamkam.json
2024-04-21,Brann,Odd,2-0,Eliteserien,2024,/2024/04/21/brann-odd/,166d2818-c317-41ce-9511-213f9aef9873,2024-04-21_brann-odd.json
2024-04-24,Askøy,Brann,2-5,Cupen,2024,/2024/04/24/askoy-brann/,0d88342f-4ddc-4561-941a-581205fd02cb,2024-04-24_askoy-brann.json
2024-04-28,KFUM,Brann,0-0,Eliteserien,2024,/2024/04/28/kfum-brann/,db5a5086-f965-4209-b34a-d222e2d7f850,2024-04-28_kfum-brann.json
2024-05-01,Levanger,Brann,1-0,Cupen,2024,/2024/05/01/levanger-brann/,bce1d512-91f3-415c-b817-5a5726b3df71,2024-05-01_levanger-brann.json
2024-05-04,Brann,Rosenborg,3-0,Eliteserien,2024,/2024/05/04/brann-rbk/,d0fdb6ba-44f5-47d3-b395-d3f58260833b,2024-05-04_brann-rbk.json
2024-05-12,Lillestrøm,Brann,0-2,Eliteserien,2024,/2024/05/12/lsk-brann/,d958a999-af1c-4922-be1f-1b7d6d6a2069,2024-05-12_lsk-brann.json
2024-05-16,Brann,Sandefjord,2-1,Eliteserien,2024,/2024/05/16/brann-sandefjord/,a4d2f71e-95c9-41c9-a71c-97e379862c47,2024-05-16_brann-sandefjord.json
2024-05-20,Kristiansund BK,Brann,2-2,Eliteserien,2024,/2024/05/20/kristiansund-bk-brann/,6580fdd4-750a-45ac-8986-35c43bcfb85e,2024-05-20_kristiansund-bk-brann.json
2024-05-26,Brann,Molde,1-3,Eliteserien,2024,/2024/05/26/brann-molde/,c619fdf2-5781-4dc9-b571-882089b35954,2024-05-26_brann-molde.json
2024-05-29,Brann,Kristiansund BK,2-1,Eliteserien,2024,/2024/05/29/brann-kristiansund-bk/,efc7cf41-a2c2-4b17-a4a5-bea21304db6b,2024-05-29_brann-kristiansund-bk.json
2024-06-01,HamKam,Brann,1-2,Eliteserien,2024,/2024/06/01/hamkam-brann/,d181ec2e-603c-4a5b-a409-2f7ae08f6a0e,2024-06-01_hamkam-brann.json
2024-06-28,Brann,Strømsgodset,0-0,Eliteserien,2024,/2024/06/28/brann-stromsgodset/,74fce873-47ae-48e0-8d65-ab195fb80077,2024-06-28_brann-stromsgodset.json
2024-07-07,Bodø/Glimt,Brann,5-1,Eliteserien,2024,/2024/07/07/glimt-brann/,36729db3-9b69-4c6f-ac65-8c94f700b418,2024-07-07_glimt-brann.json
2024-07-12,Brann,Haugesund,1-1,Eliteserien,2024,/2024/07/12/brann-haugesund/,c6d97b08-eb24-432f-9f3d-f21040066489,2024-07-12_brann-haugesund.json
2024-07-20,Sarpsborg 08,Brann,1-1,Eliteserien,2024,/2024/07/20/sarpsborg-brann/,274d6280-f6d5-410f-b673-5019b8444c0c,2024-07-20_sarpsborg-brann.json
2024-07-25,Go Ahead Eagles,Brann,0-0,Conference League,2024,/2024/07/25/go-ahead-eagles-brann/,f1080849-6ba3-4132-b28a-89d8f2a8ccaf,2024-07-25_go-ahead-eagles-brann.json
2024-08-01,Brann,Go Ahead Eagles,2-1,Conference League,2024,/2024/08/01/brann-go-ahead-eagles/,1f44350b-d3c8-4870-b19e-18759c6b6cc8,2024-08-01_brann-go-ahead-eagles.json
2024-08-04,Strømsgodset,Brann,2-3,Eliteserien,2024,/2024/08/04/stromsgodset-brann/,e6e2ba5a-7471-4e44-87c2-7f28b95d1327,2024-08-04_stromsgodset-brann.json
2024-08-08,St. Mirren,Brann,1-1,Conference League,2024,/2024/08/08/st-mirren-brann/,3908d196-ae4a-4e4b-9a67-799a5350d64e,2024-08-08_st-mirren-brann.json
2024-08-15,Brann,St. Mirren,3-1,Conference League,2024,/2024/08/15/brann-st-mirren/,801164d0-365c-49eb-a544-e5afb081d54c,2024-08-15_brann-st-mirren.json
2024-08-18,Fredrikstad,Brann,0-4,Eliteserien,2024,/2024/08/18/fredrikstad-brann/,820dc7ab-a277-4325-811e-9b9b458e89ab,2024-08-18_fredrikstad-brann.json
2024-08-22,Brann,FC Astana,2-0,Conference League,2024,/2024/08/22/brann-fc-astana/,6991efcb-3ca1-411d-9a27-7c38993cff5f,2024-08-22_brann-fc-astana.json
2024-08-29,FC Astana,Brann,3-0,Conference League,2024,/2024/08/29/fc-astana-brann/,c26575e7-7675-4355-8983-6f0070d9e751,2024-08-29_fc-astana-brann.json
2024-09-01,Brann,Sarpsborg 08,1-3,Eliteserien,2024,/2024/09/01/brann-sarpsborg/,08cf20eb-c3e0-4e94-b209-f4150793e99b,2024-09-01_brann-sarpsborg.json
2024-09-15,Sandefjord,Brann,2-2,Eliteserien,2024,/2024/09/15/sandefjord-brann/,16c13dbd-92dd-47d4-a0f7-fb534d41c337,2024-09-15_sandefjord-brann.json
2024-09-18,Brann,KFUM,2-0,Eliteserien,2024,/2024/09/18/brann-kfum/,fd0900f6-8831-44af-b3eb-1c5d5131ee9b,2024-09-18_brann-kfum.json
2024-09-22,Brann,Bodø/Glimt,4-1,Eliteserien,2024,/2024/09/22/brann-glimt/,7522a465-025c-484a-8fb4-2025c83f36e7,2024-09-22_brann-glimt.json
2024-09-28,Haugesund,Brann,0-1,Eliteserien,2024,/2024/09/28/haugesund-brann/,5b2e6970-155e-4639-8450-f34e56cfdc0e,2024-09-28_haugesund-brann.json
2024-10-20,Rosenborg,Brann,1-2,Eliteserien,2024,/2024/10/20/rbk-brann/,38f92396-e330-4c69-9475-6a271128eaee,2024-10-20_rbk-brann.json
2024-10-27,Brann,Tromsø,4-0,Eliteserien,2024,/2024/10/27/brann-tromso/,4220b773-52b4-4714-87b7-d964bfb9a03f,2024-10-27_brann-tromso.json
2024-11-03,Odd,Brann,0-3,Eliteserien,2024,/2024/11/03/odd-brann/,f2944246-8d6b-44f4-be81-7dac2548a418,2024-11-03_odd-brann.json
2024-11-09,Brann,Lillestrøm,2-1,Eliteserien,2024,/2024/11/09/brann-lsk/,ca800b16-2357-4efb-ab19-78048c0a077f,2024-11-09_brann-lsk.json
2024-11-23,Molde,Brann,2-1,Eliteserien,2024,/2024/11/23/molde-brann/,98976501-1d4d-451d-82d0-5c9ad581f6e3,2024-11-23_molde-brann.json
2024-12-01,Brann,Viking,1-1,Eliteserien,2024,/2024/12/01/brann-viking/,d9fe5ceb-4301-4dc9-a705-28cd824edd90,2024-12-01_brann-viking.json
2025-03-29,Fredrikstad,Brann,3-0,Eliteserien,2025,/2025/03/29/fredrikstad-brann/,9d71c5a8-39d7-4bd1-a33c-60d928f470c0,2025-03-29_fredrikstad-brann.json
2025-04-06,Brann,Tromsø,3-1,Eliteserien,2025,/2025/04/06/brann-tromso/,50dec566-d814-474f-8d13-5192d5498465,2025-04-06_brann-tromso.json
2025-04-10,Brann,Strømsgodset,2-1,Eliteserien,2025,/2025/04/10/brann-stromsgodset/,d455b0b4-fb9c-4b7e-9573-1993aaae51de,2025-04-10_brann-stromsgodset.json
2025-04-13,Varegg,Brann,0-6,Cupen,2025,/2025/04/13/varegg-brann/,1d8857c8-ecbd-4b0b-bcfb-20ebe93d26d2,2025-04-13_varegg-brann.json
2025-04-21,Strømsgodset,Brann,1-2,Eliteserien,2025,/2025/04/21/stromsgodset-brann/,61c4237f-1fa4-43b7-9bb1-c30d02001c10,2025-04-21_stromsgodset-brann.json
2025-04-24,Bjarg,Brann,0-2,Cupen,2025,/2025/04/24/bjarg-brann/,5138e339-190d-47d1-831c-05a43d5764f1,2025-04-24_bjarg-brann.json
2025-04-27,Brann,Bryne,3-2,Eliteserien,2025,/2025/04/27/brann-bryne/,bf7ec2b6-0c96-45a8-869f-53b83af5d43d,2025-04-27_brann-bryne.json
2025-05-03,Vålerenga,Brann,2-4,Eliteserien,2025,/2025/05/03/vif-brann/,64eed631-d4ba-4c2f-b3e9-00d6839c1bed,2025-05-03_vif-brann.json
2025-05-07,Bryne,Brann,2-1,Cupen,2025,/2025/05/07/bryne-brann/,41a89927-cc66-4522-bdf1-c1f6677698a3,2025-05-07_bryne-brann.json
2025-05-11,Brann,Rosenborg,0-0,Eliteserien,2025,/2025/05/11/brann-rbk/,128c44a7-8bfd-4b9b-a2b9-4dd9ce7173c1,2025-05-11_brann-rbk.json
2025-05-16,Brann,Sarpsborg 08,2-2,Eliteserien,2025,/2025/05/16/brann-sarpsborg/,68267a41-af11-4d7c-9190-0b61448fb86d,2025-05-16_brann-sarpsborg.json
2025-05-25,Haugesund,Brann,0-2,Eliteserien,2025,/2025/05/25/haugesund-brann/,35494e49-0190-411e-adcb-8a2f4f2c8090,2025-05-25_haugesund-brann.json
2025-05-29,Brann,Molde,0-3,Eliteserien,2025,/2025/05/29/brann-molde/,96c4efd3-4b18-466f-96b9-e75479ef8343,2025-05-29_brann-molde.json
2025-06-01,Brann,Kristiansund BK,4-2,Eliteserien,2025,/2025/06/01/brann-kristiansund-bk/,18d95cd3-d9d9-4ebd-aff6-593cef916890,2025-06-01_brann-kristiansund-bk.json
2025-06-21,Bodø/Glimt,Brann,3-0,Eliteserien,2025,/2025/06/21/glimt-brann/,26d484fc-bbd7-404d-8487-093aeb2346e3,2025-06-21_glimt-brann.json
2025-06-30,Brann,Sandefjord,1-0,Eliteserien,2025,/2025/06/30/brann-sandefjord/,64845576-2a26-475a-98af-be3d0f3d50cd,2025-06-30_brann-sandefjord.json
2025-07-05,HamKam,Brann,1-1,Eliteserien,2025,/2025/07/05/hamkam-brann/,bd05f5e7-464b-4426-a470-22b6e5b4fccf,2025-07-05_hamkam-brann.json
2025-07-13,Brann,Viking,3-1,Eliteserien,2025,/2025/07/13/brann-viking/,70982ebc-892e-42ea-a75d-6168b01447d2,2025-07-13_brann-viking.json
2025-07-19,KFUM,Brann,2-0,Eliteserien,2025,/2025/07/19/kfum-brann/,89c61030-473e-49f1-af01-b2cb862497f9,2025-07-19_kfum-brann.json
2025-07-23,Brann,FC Red Bull Salzburg,1-4,Champions League,2025/26,/2025/07/23/brann-fc-red-bull-salzburg/,2377ef23-f63d-4484-8bd9-e101c81ecefa,2025-07-23_brann-fc-red-bull-salzburg.json
2025-07-30,FC Red Bull Salzburg,Brann,1-1,Champions League,2025/26,/2025/07/30/fc-red-bull-salzburg-brann/,ab95a74a-6711-4629-a873-a1d839ce8de5,2025-07-30_fc-red-bull-salzburg-brann.json
2025-08-02,Sarpsborg 08,Brann,1-4,Eliteserien,2025,/2025/08/02/sarpsborg-brann/,29c93ce0-e899-4f70-afc5-44bd1067ab71,2025-08-02_sarpsborg-brann.json
2025-08-07,BK Häcken,Brann,0-2,Europa League,2025/26,/2025/08/07/bk-haecken-brann/,ba3838de-e685-4117-b8af-2174aa0b00c4,2025-08-07_bk-haecken-brann.json
2025-08-14,Brann,BK Häcken,0-1,Europa League,2025/26,/2025/08/14/brann-bk-haecken/,00c74be2-cb0c-4cba-9620-13e29bd6d9af,2025-08-14_brann-bk-haecken.json
2025-08-17,Tromsø,Brann,1-2,Eliteserien,2025,/2025/08/17/tromso-brann/,8e6c10a5-a203-43b4-82e0-3dcbeb382be8,2025-08-17_tromso-brann.json
2025-08-21,Brann,AEK Larnaca,2-1,Europa League,2025/26,/2025/08/21/brann-aek-larnaca/,619d9daf-566c-426f-811f-53b31f618542,2025-08-21_brann-aek-larnaca.json
2025-08-27,AEK Larnaca,Brann,0-4,Europa League,2025/26,/2025/08/27/aek-larnaca-brann/,94131801-759d-42fb-8359-a79070624514,2025-08-27_aek-larnaca-brann.json
2025-08-31,Kristiansund BK,Brann,2-2,Eliteserien,2025,/2025/08/31/kristiansund-bk-brann/,dc7bf821-fccd-4f95-9966-32f5b70e1c29,2025-08-31_kristiansund-bk-brann.json
2025-09-13,Brann,Vålerenga,3-2,Eliteserien,2025,/2025/09/13/brann-vif/,a705a760-b318-4a7a-9066-df5cc177bf35,2025-09-13_brann-vif.json
2025-09-17,Mjøndalen,Brann,1-5,Cupen,2025/26,/2025/09/17/mjondalen-brann/,dd8cdac7-e06d-4f8d-812e-faea6be80199,2025-09-17_mjondalen-brann.json
2025-09-20,Sandefjord,Brann,0-3,Eliteserien,2025,/2025/09/20/sandefjord-brann/,dab652a9-7889-4d92-a348-ccbd1bbe60d5,2025-09-20_sandefjord-brann.json
2025-09-25,Lille,Brann,2-1,Europa League,2025/26,/2025/09/25/lille-brann/,68d96c89-1eb9-4de1-afdf-71744e47f4e7,2025-09-25_lille-brann.json
2025-09-28,Brann,Fredrikstad,1-0,Eliteserien,2025,/2025/09/28/brann-fredrikstad/,14b61519-9a21-41c8-897c-99d0c5954148,2025-09-28_brann-fredrikstad.json
2025-10-02,Brann,FC Utrecht,1-0,Europa League,2025/26,/2025/10/02/brann-fc-utrecht/,8a1feba6-d690-4ce5-b864-7395236ebec2,2025-10-02_brann-fc-utrecht.json
2025-10-05,Viking,Brann,3-0,Eliteserien,2025,/2025/10/05/viking-brann/,3d02c9a8-0a99-4c9e-8e17-45f5d1af0ed7,2025-10-05_viking-brann.json
2025-10-18,Brann,Haugesund,4-1,Eliteserien,2025,/2025/10/18/brann-haugesund/,a0bb8c5e-630b-4de7-a80a-494a8853c8e7,2025-10-18_brann-haugesund.json
2025-10-23,Brann,Rangers FC,3-0,Europa League,2025/26,/2025/10/23/brann-rangers-fc/,f8827607-0aaa-4842-b658-e66ee1384103,2025-10-23_brann-rangers-fc.json
2025-10-26,Rosenborg,Brann,2-3,Eliteserien,2025,/2025/10/26/rbk-brann/,55423d2b-943a-4117-87e3-13fb0ff76ff0,2025-10-26_rbk-brann.json
2025-10-29,Brann,Bodø/Glimt,1-2,Eliteserien,2025,/2025/10/29/brann-glimt/,27edc5de-d9d7-4499-a0b4-6f7f41f6c8c5,2025-10-29_brann-glimt.json
2025-11-02,Bryne,Brann,2-1,Eliteserien,2025,/2025/11/02/bryne-brann/,88f3f4ea-dbce-41ec-9f0f-2edda0f885b0,2025-11-02_bryne-brann.json
2025-11-06,Bologna,Brann,0-0,Europa League,2025/26,/2025/11/06/bologna-brann/,8d539ebc-c41a-4577-907c-f6125976619d,2025-11-06_bologna-brann.json
2025-11-09,Brann,KFUM,1-1,Eliteserien,2025,/2025/11/09/brann-kfum/,c77b525e-7e3b-4a8b-af4b-f85d52fc5d7a,2025-11-09_brann-kfum.json
2025-11-22,Molde,Brann,4-0,Eliteserien,2025,/2025/11/22/molde-brann/,8302a1a5-61ee-4c85-91bd-82dc510fa660,2025-11-22_molde-brann.json
2025-11-27,PAOK,Brann,1-1,Europa League,2025/26,/2025/11/27/paok-brann/,6048a08e-5843-4923-b970-3379af0f0116,2025-11-27_paok-brann.json
2025-11-30,Brann,HamKam,3-1,Eliteserien,2025,/2025/11/30/brann-hamkam/,d1514ecc-15b2-4048-945b-3c0e1472956b,2025-11-30_brann-hamkam.json
2025-12-11,Brann,Fenerbahçe,0-4,Europa League,2025/26,/2025/12/11/brann-fenerbahce/,06694662-7b08-4d48-b7ef-c4c913f3513c,2025-12-11_brann-fenerbahce.json
2026-01-22,Brann,FC Midtjylland,3-3,Europa League,2025/26,/2026/01/22/brann-fc-midtjylland/,a0c6b019-7ffc-4ab7-acfa-9ff54fe2d5c8,2026-01-22_brann-fc-midtjylland.json
2026-01-29,Sturm Graz,Brann,1-0,Europa League,2025/26,/2026/01/29/sturm-graz-brann/,1d98cf67-2d88-40a5-a973-c046bd24b7c6,2026-01-29_sturm-graz-brann.json
2026-02-19,Brann,Bologna,0-1,Europa League,2025/26,/2026/02/19/brann-bologna/,2a3ea32e-3448-4ffb-aeda-e0e4a588cbd5,2026-02-19_brann-bologna.json
2026-02-26,Bologna,Brann,1-0,Europa League,2025/26,/2026/02/26/bologna-brann/,02d625a7-3a2a-4dbe-b9cf-357cf09892ef,2026-02-26_bologna-brann.json
2026-03-08,Tromsdalen,Brann,2-3,Cupen,2025/26,/2026/03/08/tromsdalen-brann/,864a6b1d-51d8-4532-a325-d1b7a301b62c,2026-03-08_tromsdalen-brann.json
2026-03-15,Kristiansund BK,Brann,3-2,Eliteserien,2026,/2026/03/15/kristiansund-bk-brann/,85f7ef14-39d4-4c99-b472-9308933d4c9d,2026-03-15_kristiansund-bk-brann.json
2026-03-19,Bryne,Brann,1-2,Cupen,2025/26,/2026/03/19/bryne-brann/,1fff367b-76c8-4a6a-bc36-067798bed99d,2026-03-19_bryne-brann.json
2026-03-22,Brann,Tromsø,1-2,Eliteserien,2026,/2026/03/22/brann-tromso/,9f680340-7a16-4e6f-a81f-f0324b81915e,2026-03-22_brann-tromso.json
2026-04-06,HamKam,Brann,1-5,Eliteserien,2026,/2026/04/06/hamkam-brann/,76ae7fc9-047e-4db1-bcec-45e61e6aa2a7,2026-04-06_hamkam-brann.json
2026-04-12,Brann,Sandefjord,0-1,Eliteserien,2026,/2026/04/12/brann-sandefjord/,4beb83d6-d1a1-40aa-9e5a-45e1c60d8c58,2026-04-12_brann-sandefjord.json
2026-04-18,Viking,Brann,3-2,Eliteserien,2026,/2026/04/18/viking-brann/,64810e1c-bdf4-4e32-889b-d097e9e969e4,2026-04-18_viking-brann.json
2026-04-22,Brann,Aalesund,2-1,Cupen,2025/26,/2026/04/22/brann-aalesund/,5903fa15-ab71-4acb-a442-a465fec32bee,2026-04-22_brann-aalesund.json
2026-04-25,Rosenborg,Brann,1-1,Eliteserien,2026,/2026/04/25/rbk-brann/,a4169b21-7c72-46aa-ad0f-6fe465de2121,2026-04-25_rbk-brann.json
2026-04-29,Tromsø,Brann,0-5,Eliteserien,2026,/2026/04/29/tromso-brann/,d9c14e4b-e5af-47a1-899e-c6a3e74c0b10,2026-04-29_tromso-brann.json
2026-05-02,Brann,Fredrikstad,3-1,Eliteserien,2026,/2026/05/02/brann-fredrikstad/,8f8c972c-016f-4f1c-a4ab-2e99c6d7bc69,2026-05-02_brann-fredrikstad.json
2026-05-09,Bodø/Glimt,Brann,3-3,Cupen,2025/26,/2026/05/09/glimt-brann/,17fcb14b-b9a5-47ad-9927-b2fb4dd29994,2026-05-09_glimt-brann.json
2026-05-16,Brann,KFUM,2-1,Eliteserien,2026,/2026/05/16/brann-kfum/,ba80a8de-9832-4888-9f1a-d5848633e318,2026-05-16_brann-kfum.json
2026-05-20,Aalesund,Brann,2-1,Eliteserien,2026,/2026/05/20/aalesund-brann/,0ca608de-4ce7-41ff-ab91-66c5235777e0,2026-05-20_aalesund-brann.json
2026-05-24,Bodø/Glimt,Brann,3-1,Eliteserien,2026,/2026/05/24/glimt-brann/,28996c6a-dcf0-4e3b-b889-5bd2b4e946df,2026-05-24_glimt-brann.json
2026-05-29,Brann,Sarpsborg 08,1-2,Eliteserien,2026,/2026/05/29/brann-sarpsborg/,bd11cd27-6896-47e3-ad11-20698b67b9be,2026-05-29_brann-sarpsborg.json
2026-07-12,Brann,Start,2-1,Eliteserien,2026,/2026/07/12/brann-start/,cb1b7a1f-260a-4857-bb21-32aa2173e02f,2026-07-12_brann-start.json
2026-07-18,Molde,Brann,1-2,Eliteserien,2026,/2026/07/18/molde-brann/,43ac477f-7626-46a8-b112-457f5dbed2ef,2026-07-18_molde-brann.json
2026-07-24,Universitatea Cluj,Brann,2-2,Conference League,2026/27,/2026/07/24/universitatea-cluj-brann/,ec381c2e-0343-4ee2-9d34-b15070306102,2026-07-24_universitatea-cluj-brann.json
2026-07-26,Brann,Vålerenga,2-3,Eliteserien,2026,/2026/07/26/brann-vif/,e4e29b4a-e49c-47e7-b416-2deccc3f461d,2026-07-26_brann-vif.json
2026-07-30,Brann,Universitatea Cluj,3-1,Conference League,2026/27,/2026/07/30/brann-universitatea-cluj/,0e50907c-d3db-4e60-83c1-11cfc32d0b6c,2026-07-30_brann-universitatea-cluj.json
2026-08-02,Brann,Rosenborg,3-2,Eliteserien,2026,/2026/08/02/brann-rbk/,dccfd7ed-249e-4a12-b430-4db186ce996d,2026-08-02_brann-rbk.json
2026-08-05,Brann,Apollon Limassol,0-1,Conference League,2026/27,/2026/08/05/brann-apollon-limassol/,2823d4d1-f11e-4b54-a043-be1fb4785d37,2026-08-05_brann-apollon-limassol.json
2026-08-11,Apollon Limassol,Brann,2-4,Conference League,2026/27,/2026/08/11/apollon-limassol-brann/,5851505f-bed8-4862-bd03-ba97a1244c08,2026-08-11_apollon-limassol-brann.json
2026-08-16,Brann,HamKam,3-0,Eliteserien,2026,/2026/08/16/brann-hamkam/,fe03e463-4440-4049-ab56-12b7c819b060,2026-08-16_brann-hamkam.json
2026-08-21,PAOK,Brann,1-1,Conference League,2026/27,/2026/08/21/paok-brann/,aea216b0-a665-4a0b-a799-fc37d35e0fb9,2026-08-21_paok-brann.json
2026-08-23,Fyllingen,Brann,0-4,Cupen,2026/27,/2026/08/23/fyllingen-brann/,c1e5dc22-768f-4a71-a8e1-b7f4663aa325,2026-08-23_fyllingen-brann.json
